build,seed,score,rank,speed,stamina,power,guts,wisdom,skill_pt,scenario_pt_y1,scenario_pt_y2,scenario_pt_y3,rmj_ok,free_race_ok,eat_count_y1,eat_count_y2,eat_count_y3,region_y1,region_y2,region_y3,friend_turns_y1,friend_turns_y2,friend_turns_y3,friend_out_y1,friend_out_y2,friend_out_y3,friend_out_all,friend_waste_y1,friend_waste_y2,friend_waste_y3,gauge_gain_y1,gauge_gain_y2,gauge_gain_y3,gauge_overflow_y1,gauge_overflow_y2,gauge_overflow_y3,ramen_offers_y1,ramen_offers_y2,ramen_offers_y3,ramen_cookable_y1,ramen_cookable_y2,ramen_cookable_y3,ramen_skipped_y1,ramen_skipped_y2,ramen_skipped_y3,stock_sum_y1,stock_sum_y2,stock_sum_y3,stock_skew_y1,stock_skew_y2,stock_skew_y3,elapsed_ms
3速1耐1智1友,17973561501746850289,67473,US3,3337,2400,1428,1502,1542,8705,2700,6000,7500,3,1,7,11,11,0/1/4,5/7/9,15/17/18,9,16,15,0,2,3,1,0,0,0,38,45,51,0,0,5,22,24,24,11,11,16,4,0,5,107,134,108,19,42,27,7.327
3速1耐1智1友,4308174480453900181,69065,US5,3337,2161,1783,1487,1747,9137,2700,5400,8250,3,1,7,10,12,0/1/4,5/7/9,15/17/18,9,16,16,0,2,3,1,0,0,1,40,46,51,0,0,0,22,24,24,14,17,15,7,7,3,115,122,107,23,37,36,12.378
3速1耐1智1友,16687170377633461987,65817,US2,3337,1819,1755,1288,1731,9027,3150,5400,7500,3,1,8,10,11,0/1/4,5/7/9,15/17/18,13,15,12,0,2,3,1,0,0,1,40,46,47,0,4,1,22,24,24,12,17,18,4,7,7,112,180,110,31,71,25,8.465
3速1耐1智1友,10356598713486126971,62997,UA9,3337,2070,1665,1380,1214,8314,2700,4800,7500,3,1,7,9,11,0/1/4,5/7/9,15/17/18,9,16,15,0,2,3,1,0,0,0,40,37,51,0,0,5,22,24,24,15,13,16,8,4,5,133,135,123,58,68,30,12.118
3速1耐1智1友,10015888808664908684,64610,US1,3337,1318,2158,1062,1830,8772,3150,6000,7500,3,1,8,11,11,0/1/4,5/7/9,15/17/18,7,18,14,0,2,3,1,0,0,0,38,43,49,0,0,2,22,24,24,13,15,18,5,4,7,123,101,125,40,42,37,8.404
3速1耐1智1友,448598196645054569,67438,US3,3337,1930,1840,1546,1753,8825,2700,6000,7500,3,1,7,11,11,0/1/4,5/7/9,15/17/18,12,14,15,0,2,3,1,0,0,0,41,45,48,2,1,1,22,24,24,19,14,15,12,3,4,137,138,108,59,40,26,12.386
3速1耐1智1友,1553742829267404945,66626,US3,3337,1468,1975,1180,2057,9245,2700,5400,8250,3,1,7,10,12,0/1/4,5/7/9,15/17/18,11,15,17,0,2,3,1,0,0,0,41,45,50,1,2,0,22,24,24,16,18,18,9,8,6,122,146,105,44,66,27,8.337
3速1耐1智1友,15740850482606421299,68827,US4,3337,1569,1560,1404,2445,9164,3150,4800,6750,3,1,8,9,10,0/1/4,5/7/9,15/17/18,7,17,16,0,2,3,1,0,1,1,38,43,45,0,4,0,22,24,24,16,15,16,8,6,6,127,176,113,38,85,29,8.476
3速1耐1智1友,9037044436781211080,62316,UA8,3337,1822,1811,1326,1277,8431,2700,4200,7500,3,1,7,8,11,0/1/4,5/7/9,15/17/18,12,13,13,0,2,3,1,0,0,2,40,36,47,1,0,0,22,24,24,17,16,17,10,8,6,137,140,115,52,48,28,8.232
3速1耐1智1友,17296689081275637523,59722,UA5,3337,1770,1744,1245,1264,7830,2700,5400,7500,3,1,7,10,11,0/1/4,5/7/9,15/17/18,8,15,13,0,2,3,1,0,0,2,36,41,48,0,0,0,22,24,24,10,23,19,3,13,8,119,153,113,41,70,28,8.215
3速1耐1智1友,5710747048067026179,65620,US2,3337,2008,1777,1579,1465,8684,3150,5400,7500,3,1,8,10,11,0/1/4,5/7/9,15/17/18,10,13,15,0,2,3,1,0,0,0,39,46,49,3,3,1,22,24,24,15,17,15,7,7,4,139,165,115,45,55,34,8.343
3速1耐1智1友,5830321312254963398,66548,US3,3337,2013,1809,1348,1806,8620,2700,5400,6750,3,1,7,10,10,0/1/4,5/7/9,15/17/18,10,16,14,0,2,3,1,0,0,0,37,44,44,0,1,1,22,24,24,8,20,15,1,10,5,112,160,111,41,65,28,12.123
3速1耐1智1友,605525516379160204,63168,UA9,3337,1614,2194,1158,1267,8614,2700,5400,6750,3,1,7,10,10,0/1/4,5/7/9,15/17/18,10,16,12,0,2,3,1,0,1,3,39,43,47,0,0,3,22,24,24,15,17,18,8,7,8,118,138,130,34,42,21,8.254
3速1耐1智1友,16361146932948081225,64401,US1,3337,1848,1564,1255,1905,8765,2700,6000,6750,3,1,7,11,10,0/1/4,5/7/9,15/17/18,10,16,13,0,2,3,1,0,0,2,40,45,47,0,0,1,22,24,24,10,12,17,3,1,7,109,143,119,24,44,25,8.009
3速1耐1智1友,11314745031804310741,63993,US,3337,1580,2200,1375,1181,8861,3150,4800,6750,3,1,8,9,10,0/1/4,5/7/9,15/17/18,12,15,12,0,2,3,1,0,0,1,41,42,48,0,4,3,22,24,24,13,19,18,5,10,8,114,181,131,35,59,31,8.368
3速1耐1智1友,4664335043295033120,56887,UA2,3337,1225,1739,925,1579,8074,3150,4800,6750,3,1,8,9,10,0/1/4,5/7/9,15/17/18,13,15,12,0,2,3,1,0,0,3,42,41,48,0,1,3,22,24,24,13,23,18,5,14,8,113,168,133,29,86,28,8.512
3速1耐1智1友,15211952351565238616,64121,US,3337,1591,1706,1381,1949,8341,3150,5400,7500,3,1,8,10,11,0/1/4,5/7/9,15/17/18,9,15,14,0,2,3,1,0,0,0,40,46,48,0,2,1,22,24,24,12,20,16,4,10,5,120,151,97,29,44,25,8.380
3速1耐1智1友,2208272572073682666,68628,US4,3337,2008,2200,1577,1263,9045,2700,6000,8250,3,1,7,11,12,0/1/4,5/7/9,15/17/18,10,16,15,0,2,3,1,0,0,0,39,46,49,2,0,0,22,24,24,15,23,16,8,12,4,119,147,101,31,59,21,8.753
3速1耐1智1友,6096433942075969322,67222,US3,3337,2152,1937,1562,1461,8647,3150,5400,6750,3,1,8,10,10,0/1/4,5/7/9,15/17/18,10,17,14,0,2,3,1,0,0,0,40,45,49,0,4,5,22,24,24,13,12,16,5,2,6,100,154,118,20,53,26,8.426
3速1耐1智1友,6130219574915019543,67694,US3,3337,2260,1604,1765,1486,8628,3150,5400,7500,3,1,8,10,11,0/1/4,5/7/9,15/17/18,12,14,15,0,2,3,1,0,0,0,40,44,48,0,2,2,22,24,24,13,17,15,5,7,4,114,175,114,26,56,25,8.509
3速1耐1智1友,1824976488916639030,70386,US6,3337,2248,2119,1605,1363,8730,3600,5400,6750,3,1,9,10,10,0/1/4,5/7/9,15/17/18,13,16,13,0,2,3,1,0,0,0,41,45,46,0,2,5,22,24,24,12,12,16,3,2,6,107,151,121,29,50,40,8.170
3速1耐1智1友,15184651421614135103,68105,US4,3337,1856,2024,1387,1753,8859,3150,5400,8250,3,1,8,10,12,0/1/4,5/7/9,15/17/18,11,13,14,0,2,3,1,0,0,0,41,40,49,0,0,0,22,24,24,11,15,15,3,5,3,114,109,101,27,32,31,12.659
3速1耐1智1友,12203765074566690812,65358,US2,3337,1540,1908,1194,2026,8442,3150,4800,8250,3,1,8,9,12,0/1/4,5/7/9,15/17/18,10,16,15,0,2,3,1,0,0,0,40,41,49,0,2,0,22,24,24,13,17,18,5,8,6,117,153,104,23,60,20,8.967
3速1耐1智1友,2179720612935735321,66180,US2,3337,1882,1816,1361,1821,8464,3150,6000,6750,3,1,8,11,10,0/1/4,5/7/9,15/17/18,13,12,13,0,2,3,1,0,0,0,42,43,47,0,0,5,22,24,24,13,20,20,5,9,10,119,127,131,29,47,32,8.385
3速1耐1智1友,3676678860147461545,62582,UA9,3337,1885,2164,1312,1112,7987,3150,5400,6000,3,1,8,10,9,0/1/4,5/7/9,15/17/18,13,13,10,0,2,3,1,0,0,2,42,43,43,0,1,1,22,24,24,9,14,17,1,4,8,108,163,121,25,51,27,8.150
3速1耐1智1友,15526567123375755449,70698,US6,3337,2274,1884,1573,1804,8938,3150,6000,8250,3,1,8,11,12,0/1/4,5/7/9,15/17/18,11,19,15,0,2,3,1,0,0,1,40,47,51,0,1,0,22,24,24,13,15,16,5,4,4,124,136,110,39,40,20,8.510
3速1耐1智1友,13376421679691336533,62433,UA8,3337,1876,1960,1319,1226,8212,2250,5400,6750,3,1,6,10,10,0/1/4,5/7/9,15/17/18,6,13,14,0,2,3,1,0,0,0,37,44,41,2,1,0,22,24,24,11,13,14,5,3,4,148,134,96,53,43,31,7.878
3速1耐1智1友,8570954855925024719,67167,US3,3337,2294,1608,1546,1653,8502,2700,6000,6750,3,1,7,11,10,0/1/4,5/7/9,15/17/18,8,18,13,0,2,3,1,0,0,0,39,47,44,0,2,1,22,24,24,10,11,15,3,0,5,139,167,100,53,78,30,8.062
3速1耐1智1友,17988593836478679310,65108,US2,3337,1643,1760,1264,2016,8516,2700,6000,6000,3,1,7,11,9,0/1/4,5/7/9,15/17/18,11,17,14,0,2,3,1,0,0,0,41,46,39,1,0,2,22,24,24,14,15,16,7,4,7,129,138,142,38,60,71,8.221
3速1耐1智1友,2826942495585530225,65028,US1,3337,1724,1884,1317,1895,8448,2250,4800,7500,3,1,6,9,11,0/1/4,5/7/9,15/17/18,6,15,15,0,2,3,1,0,0,2,37,38,49,2,0,1,22,24,24,15,16,15,9,7,4,127,116,109,23,34,25,8.201
3速1耐1智1友,3215642743964700961,63340,UA9,3337,2082,1689,1334,1442,8137,3150,5400,7500,3,1,8,10,11,0/1/4,5/7/9,15/17/18,10,17,14,0,2,3,1,0,0,1,40,42,48,0,1,0,22,24,24,12,14,18,4,4,7,111,154,109,30,51,24,8.266
3速1耐1智1友,10286886572679552208,66799,US3,3337,1947,1913,1352,1686,8638,3150,5400,7500,3,1,8,10,11,0/1/4,5/7/9,15/17/18,10,12,14,0,2,3,1,0,0,0,41,44,47,0,0,0,22,24,24,10,16,18,2,6,7,112,150,125,30,33,35,8.226
3速1耐1智1友,6476006757721403900,65051,US1,3337,1633,1837,1376,1858,8393,2700,6000,7500,3,1,7,11,11,0/1/4,5/7/9,15/17/18,11,15,14,0,2,3,1,0,1,2,39,44,46,3,0,0,22,24,24,12,20,15,5,9,4,148,161,99,56,72,21,8.289
3速1耐1智1友,11684020922461941920,66352,US2,3337,1478,1823,1209,2262,8778,2700,6000,7500,3,1,7,11,11,0/1/4,5/7/9,15/17/18,9,18,13,0,2,3,1,0,0,0,41,47,47,1,1,0,22,24,24,18,17,16,11,6,5,136,138,102,37,43,24,12.427
3速1耐1智1友,6566141235891151414,65436,US2,3337,1717,1960,1447,1661,8544,2250,6000,7500,3,1,6,11,11,0/1/4,5/7/9,15/17/18,10,13,13,0,2,3,1,0,0,2,41,44,50,6,0,2,22,24,24,16,17,20,10,6,9,148,132,130,56,34,28,8.278
3速1耐1智1友,5636072096396336101,70447,US6,3337,2154,1934,1628,1854,8855,2700,5400,8250,3,1,7,10,12,0/1/4,5/7/9,15/17/18,6,16,16,0,2,3,1,0,0,0,36,41,49,1,0,0,22,24,24,10,18,18,3,8,6,128,111,114,41,32,42,8.373
3速1耐1智1友,9378386286202184960,67305,US3,3337,1848,1739,1470,1946,8729,2700,5400,7500,3,1,7,10,11,0/1/4,5/7/9,15/17/18,10,18,12,0,2,3,1,0,0,0,40,43,48,4,1,1,22,24,24,13,19,15,6,9,4,133,142,99,42,46,27,8.298
3速1耐1智1友,13890968461524469506,65847,US2,3337,1800,1761,1475,1885,8290,2700,4800,6750,3,1,7,9,10,0/1/4,5/7/9,15/17/18,8,17,16,0,2,3,1,0,0,1,40,42,44,0,4,2,22,24,24,14,11,15,7,2,5,123,168,102,33,89,31,8.378
3速1耐1智1友,13786337134729221785,63986,US,3337,1687,1660,1286,1832,8594,2700,5400,8250,3,1,7,10,12,0/1/4,5/7/9,15/17/18,10,18,14,0,2,3,1,0,0,1,41,43,50,1,0,0,22,24,24,14,16,15,7,6,3,110,132,107,21,51,26,9.524
3速1耐1智1友,1723313833920486523,66697,US3,3337,1697,2083,1332,1722,9050,2700,5400,7500,3,1,7,10,11,0/1/4,5/7/9,15/17/18,7,13,16,0,2,3,1,0,0,0,38,45,49,4,2,2,22,24,24,14,16,13,7,6,2,125,153,91,29,47,17,12.833
3速1耐1智1友,6311774720018316066,64925,US1,3337,1936,1858,1568,1478,8363,3150,5400,7500,3,1,8,10,11,0/1/4,5/7/9,15/17/18,10,14,13,0,2,3,1,0,0,0,41,40,48,1,0,3,22,24,24,14,21,20,6,11,9,138,132,124,36,57,23,8.375
3速1耐1智1友,7618091259350051226,63126,UA9,3337,1649,2035,1261,1604,8301,2250,5400,6750,3,1,6,10,10,0/1/4,5/7/9,15/17/18,10,17,14,0,2,3,1,0,0,0,41,45,45,6,1,0,22,24,24,16,15,18,10,5,8,158,136,105,52,35,34,8.086
3速1耐1智1友,17868632780962929535,68517,US4,3337,2130,1994,1512,1611,8728,2700,6000,8250,3,1,7,11,12,0/1/4,5/7/9,15/17/18,10,16,14,0,2,3,1,0,0,1,40,45,49,1,0,0,22,24,24,12,20,17,5,9,5,130,111,106,37,32,28,8.396
3速1耐1智1友,15671206644366189028,64797,US1,3337,1887,1565,1451,1927,8282,2700,6000,6750,3,1,7,11,10,0/1/4,5/7/9,15/17/18,9,16,14,0,2,3,1,0,0,0,40,45,44,0,0,1,22,24,24,17,17,17,10,6,7,122,154,115,41,52,28,8.262
3速1耐1智1友,13772483802110586953,64310,US1,3337,1677,1872,1278,1758,8608,3150,4800,7500,3,1,8,9,11,0/1/4,5/7/9,15/17/18,9,17,16,0,2,3,1,0,0,2,40,45,45,0,5,0,22,24,24,19,20,14,11,11,3,130,161,103,43,46,26,9.484
3速1耐1智1友,6498649441425997630,63572,US,3337,1573,1947,1146,1706,8530,2700,6000,8250,3,1,7,11,12,0/1/4,5/7/9,15/17/18,6,15,13,0,2,3,1,0,0,0,36,45,49,0,0,0,22,24,24,11,18,16,4,7,4,83,131,96,22,39,27,14.722
3速1耐1智1友,11734176072054456123,63482,US,3337,1912,1486,1320,1814,8412,2700,5400,6750,3,1,7,10,10,0/1/4,5/7/9,15/17/18,9,15,11,0,2,3,1,0,0,1,38,39,44,0,0,2,22,24,24,13,17,16,6,7,6,126,136,111,35,48,29,8.917
3速1耐1智1友,7713371919251504365,61768,UA8,3337,2000,1686,1280,1286,8116,2700,4800,7500,3,1,7,9,11,0/1/4,5/7/9,15/17/18,8,15,13,0,2,3,1,0,0,0,37,45,45,1,7,0,22,24,24,11,20,20,4,11,9,139,190,115,41,89,21,8.070
3速1耐1智1友,16023226694216695626,62422,UA8,3337,1913,1534,1232,1604,8187,3150,4200,6750,3,1,8,8,10,0/1/4,5/7/9,15/17/18,9,15,13,0,2,3,1,0,0,3,38,36,42,0,1,0,22,24,24,12,14,16,4,6,6,101,166,86,25,73,23,12.100
3速1耐1智1友,2967225002256473105,64859,US1,3337,1975,1862,1424,1340,8610,3150,4800,8250,3,1,8,9,12,0/1/4,5/7/9,15/17/18,10,15,14,0,2,3,1,0,0,1,40,41,49,0,1,0,22,24,24,12,18,16,4,9,4,114,116,113,31,50,24,14.107
3速1耐1智1友,6523990469960129846,67099,US3,3337,1966,1360,1465,2126,8922,2250,6000,8250,3,1,6,11,12,0/1/4,5/7/9,15/17/18,9,18,14,0,2,3,1,0,0,0,38,46,50,3,0,0,22,24,24,13,16,15,7,5,3,132,126,110,46,39,24,8.327
3速1耐1智1友,2815489594396005364,68891,US4,3337,2098,2033,1297,1784,8984,2700,6000,7500,3,1,7,11,11,0/1/4,5/7/9,15/17/18,10,17,15,0,1,4,1,0,0,3,41,46,49,1,1,0,22,24,24,13,16,17,6,5,6,123,150,118,26,60,31,9.190
3速1耐1智1友,16219633253128885626,67664,US3,3337,1905,1854,1437,2006,8583,3150,5400,7500,3,1,8,10,11,0/1/4,5/7/9,15/17/18,13,16,15,0,2,3,1,0,0,0,41,41,45,0,0,0,22,24,24,10,19,17,2,9,6,98,138,115,23,30,29,7.705
3速1耐1智1友,13434946135489485411,62504,UA9,3337,1632,2200,1241,1177,8286,3150,4200,6750,3,1,8,8,10,0/1/4,5/7/9,15/17/18,10,14,14,0,2,3,1,0,2,0,39,39,43,0,3,0,22,24,24,17,13,16,9,5,6,129,147,93,39,56,29,8.053
3速1耐1智1友,305280491753717888,65319,US2,3337,1756,2079,1434,1560,8318,3150,4200,8250,3,1,8,8,12,0/1/4,5/7/9,15/17/18,11,14,14,0,2,3,1,0,0,0,41,37,50,1,4,0,22,24,24,14,12,15,6,4,3,113,158,101,29,84,19,8.068
3速1耐1智1友,8246493977875486440,65156,US2,3337,1607,2092,1431,1569,8492,2700,6000,7500,3,1,7,11,11,0/1/4,5/7/9,15/17/18,10,13,13,0,2,3,1,0,0,0,38,47,47,1,0,1,22,24,24,18,18,20,11,7,9,138,140,133,42,53,34,12.614
2速2耐1智1友,7665209409958235918,67990,US4,3337,2115,1549,1591,1819,8730,2700,5400,7500,3,1,7,10,11,0/1/4,5/7/9,15/17/19,12,17,14,0,2,3,1,0,0,0,42,41,47,3,1,0,22,24,24,17,15,13,10,5,2,154,169,101,49,65,19,10.224
2速2耐1智1友,13344525452357757842,71050,US6,3327,2259,1229,1667,2255,8916,2700,6000,6750,3,1,7,11,10,0/1/4,5/7/9,15/17/19,9,17,16,0,2,3,1,0,0,0,39,45,45,0,0,4,22,24,24,17,19,17,10,8,7,120,144,123,28,51,39,8.542
2速2耐1智1友,7409246696979212506,66364,US2,3337,2236,1511,1734,1467,8391,3150,5400,6750,3,1,8,10,10,0/1/4,5/7/9,15/17/19,11,15,13,0,2,3,1,0,0,0,41,41,43,0,2,2,22,24,24,17,18,18,9,8,8,144,165,121,28,43,27,8.362
2速2耐1智1友,16472945241056103143,69120,US5,3337,2400,1415,1862,1639,8664,2700,5400,6750,3,1,7,10,10,0/1/4,5/7/9,15/17/19,10,14,14,0,2,3,1,0,0,0,39,44,44,0,1,3,22,24,24,15,15,18,8,5,8,130,146,137,29,50,39,8.091
2速2耐1智1友,11992465414069664273,70037,US5,3337,2400,1679,1993,1422,8692,3150,4800,7500,3,1,8,9,11,0/1/4,5/7/9,15/17/19,11,15,14,0,2,3,1,0,0,1,42,41,45,0,2,0,22,24,24,11,18,20,3,9,9,105,146,139,31,64,29,8.547
2速2耐1智1友,16010829330481080906,66139,US2,3337,2273,1292,1664,1736,8237,3150,4800,7500,3,1,8,9,11,0/1/4,5/7/9,15/17/19,11,15,15,0,2,3,1,0,0,0,41,44,48,1,6,2,22,24,24,14,15,18,6,6,7,151,182,117,49,72,20,8.245
2速2耐1智1友,12569665862446395704,68001,US4,3337,2286,1383,1825,1775,8519,2700,5400,6750,3,1,7,10,10,0/1/4,5/7/9,15/17/19,11,16,14,0,2,3,1,0,0,0,41,45,44,1,2,2,22,24,24,14,12,16,7,2,6,107,145,110,30,56,27,12.117
2速2耐1智1友,9742195100284191146,65647,US2,3337,2400,1457,1936,1080,8172,3150,4800,7500,3,1,8,9,11,0/1/4,5/7/9,15/17/19,10,14,13,0,2,3,1,0,0,0,39,46,46,0,8,0,22,24,24,14,13,15,6,4,4,118,181,101,21,76,32,9.385
2速1耐1力1智1友,8674711203096160046,64048,US,3337,1861,2200,1001,1400,8562,2700,6000,7500,3,1,7,11,11,0/1/2,5/8/9,15/17/18,9,13,14,0,2,3,1,0,0,1,37,45,50,0,0,0,22,24,24,13,16,18,6,5,7,136,98,102,43,22,21,8.202
2速1耐1力1智1友,8150142525672506949,66385,US2,3244,2159,2200,1007,1659,8647,3150,6000,7500,3,1,8,11,11,0/1/2,5/8/9,15/17/18,11,17,15,0,2,3,1,0,0,0,39,45,49,0,0,1,22,24,24,13,22,18,5,11,7,103,139,99,22,49,23,8.412
2速1耐1力1智1友,11935162175062181135,62422,UA8,2856,2157,1973,1120,1795,8454,2700,6000,7500,3,1,7,11,11,0/1/2,5/8/9,15/17/18,12,17,15,0,2,3,1,0,0,0,41,47,48,1,0,1,22,24,24,15,15,18,8,4,7,140,115,116,39,35,21,8.185
2速1耐1力1智1友,17023660632087333600,68528,US4,3337,2020,1954,1117,2024,8774,3150,6000,7500,3,1,8,11,11,0/1/2,5/8/9,15/17/18,11,17,16,0,2,3,1,0,0,0,40,47,49,0,1,0,22,24,24,17,19,18,9,8,7,135,119,108,38,33,30,8.468
2速1耐1力1智1友,671988606228766786,64155,US,2890,2170,2200,1383,1522,8424,2250,6600,7500,3,1,6,12,11,0/1/2,5/8/9,15/17/18,6,17,13,0,2,3,1,0,0,0,38,47,48,3,0,0,22,24,24,14,16,17,8,4,6,145,98,86,45,20,21,8.340
2速1耐1力1智1友,7112456039924941900,66220,US2,3063,2298,2127,1500,1341,8510,3150,5400,7500,3,1,8,10,11,0/1/2,5/8/9,15/17/18,9,15,11,0,2,3,1,0,0,1,37,41,47,1,1,0,22,24,24,15,16,22,7,6,11,125,125,125,32,50,30,8.356
2速1耐1力1智1友,8478950168853713364,68024,US4,3337,1919,2089,1131,1985,8714,2700,6000,7500,3,1,7,11,11,0/1/2,5/8/9,15/17/18,11,17,17,0,2,3,1,0,0,1,39,43,48,1,0,1,22,24,24,15,21,16,8,10,5,133,134,120,35,60,32,12.668
2速1耐1力1智1友,13251538846966919983,70316,US6,3337,2026,2200,1305,1877,8931,2700,4200,8250,3,1,7,8,12,0/1/2,5/8/9,15/17/18,9,18,14,0,2,3,1,0,0,0,39,37,50,1,1,0,22,24,24,13,16,15,6,8,3,132,123,107,33,32,23,8.129
2速1耐1力1智1友,15929813973596997102,65197,US2,3189,1853,2200,1157,1816,8373,2250,4800,7500,3,1,6,9,11,0/1/2,5/8/9,15/17/18,9,16,15,0,2,3,1,0,0,4,39,42,45,5,1,0,22,24,24,17,20,16,11,11,5,165,129,120,45,49,30,8.360
2速1耐1力1智1友,9498078497244430162,69489,US5,3337,2224,2168,1429,1598,8652,2700,6000,7500,3,1,7,11,11,0/1/2,5/8/9,15/17/18,7,18,13,0,2,3,1,0,0,2,38,48,48,2,0,0,22,24,24,14,21,16,7,10,5,127,135,89,36,49,22,8.300
2速1耐1力1智1友,2636015420892656027,65651,US2,3337,1875,1884,1291,1884,8327,2700,6000,8250,3,1,7,11,12,0/1/2,5/8/9,15/17/18,9,14,15,0,2,3,1,0,0,2,38,47,50,0,0,0,22,24,24,14,19,16,7,8,4,121,134,96,30,51,23,8.293
2速1耐1力1智1友,5148511831574099991,66325,US2,3337,2074,2200,1224,1429,8438,2250,6000,7500,3,1,6,11,11,0/1/2,5/8/9,15/17/18,8,15,14,0,2,3,1,0,0,0,39,48,46,5,0,0,22,24,24,16,20,15,10,9,4,172,133,114,61,50,15,8.298
2速1耐1力1智1友,9198720590104465180,63987,US,3070,2123,1931,1332,1634,8302,3150,5400,7500,3,1,8,10,11,0/1/2,5/8/9,15/17/18,8,18,15,0,2,3,1,0,0,0,39,42,46,0,0,0,22,24,24,19,14,17,11,4,6,115,117,102,33,36,22,8.619
2速1耐1力1智1友,6603784874343183629,65084,US1,3337,1785,2200,1028,1629,8329,2700,5400,7500,3,1,7,10,11,0/1/2,5/8/9,15/17/18,9,17,14,0,2,3,1,0,0,0,40,47,47,2,4,0,22,24,24,14,22,19,7,12,8,123,178,111,33,100,16,8.404
2速1耐1力1智1友,550620692859006697,67933,US4,3337,1983,2200,1335,1598,8587,2700,6000,7500,3,1,7,11,11,0/1/2,5/8/9,15/17/18,9,17,15,0,2,3,1,0,0,1,40,43,51,1,0,0,22,24,24,15,15,19,8,4,8,114,97,110,23,25,28,8.385
2速1耐1力1智1友,10023056863887027757,65232,US2,3105,2032,1923,1403,1763,8401,3150,5400,7500,3,1,8,10,11,0/1/2,5/8/9,15/17/18,9,16,15,0,2,3,1,0,0,0,40,48,48,0,5,1,22,24,24,15,20,14,7,10,3,129,152,124,33,69,37,8.305
2速1耐1力1智1友,11838815789866390695,65904,US2,3304,1834,1810,999,2195,8459,2700,5400,7500,3,1,7,10,11,0/1/2,5/8/9,15/17/18,11,18,14,0,2,3,1,0,0,0,39,41,48,5,1,0,22,24,24,14,18,17,7,8,6,141,118,124,33,30,28,8.145
2速1耐1力1智1友,5504891773559473069,65704,US2,3137,2380,2200,1244,1228,8405,3150,4800,6750,3,1,8,9,10,0/1/2,5/8/9,15/17/18,7,16,14,0,2,3,1,0,0,1,37,38,46,0,0,3,22,24,24,14,22,15,6,13,5,132,115,96,35,51,32,8.295
2速1耐1力1智1友,1344537334672020448,61241,UA7,3048,1991,2200,1042,1488,8080,2700,4800,6750,3,1,7,9,10,0/1/2,5/8/9,15/17/18,10,15,14,0,2,3,1,0,0,0,40,39,42,0,0,0,22,24,24,15,18,18,8,9,8,115,111,108,27,50,31,8.111
2速1耐1力1智1友,8300458746827633640,64572,US1,3007,2012,2021,1069,2048,8442,3150,6000,7500,3,1,8,11,11,0/1/2,5/8/9,15/17/18,8,16,13,0,2,3,1,0,0,0,38,45,48,0,0,0,22,24,24,11,17,15,3,6,4,100,113,123,20,26,38,8.155
2速1耐1力1智1友,9999430264400600414,59637,UA5,2720,2085,2200,1303,1229,7960,2700,5400,6000,3,1,7,10,9,0/1/2,5/8/9,15/17/18,11,14,13,0,2,3,1,0,0,0,41,41,38,3,0,1,22,24,24,14,13,15,7,3,6,129,94,96,21,31,21,8.006
2速1耐1力1智1友,1209364292602374867,65638,US2,3069,2169,2002,1513,1595,8541,2700,6000,7500,3,1,7,11,11,0/1/2,5/8/9,15/17/18,13,17,13,0,2,3,1,0,0,3,41,46,48,5,1,0,22,24,24,18,19,17,11,8,6,140,124,116,23,34,23,12.660
2速1耐1力1智1友,17539139202012500631,67223,US3,2954,2145,2200,1296,1827,8543,2250,6600,7500,3,1,6,12,11,0/1/2,5/8/9,15/17/18,7,17,14,0,2,3,1,0,0,0,39,49,49,4,0,0,22,24,24,18,16,17,12,4,6,145,113,103,34,32,27,8.278
2速1耐1力1智1友,4079921205799619187,69011,US5,3337,1992,2171,1320,1801,8522,2700,6000,7500,3,1,7,11,11,0/1/2,5/8/9,15/17/18,8,16,15,0,2,3,1,0,0,2,40,46,48,0,0,0,22,24,24,15,17,16,8,6,5,140,122,137,34,32,28,8.218
2速1耐1力1智1友,15285708583199667107,65353,US2,3155,2017,2200,1357,1522,8173,2700,5400,6750,3,1,7,10,10,0/1/2,5/8/9,15/17/18,9,16,14,0,2,3,1,0,1,3,40,46,45,0,0,0,22,24,24,16,20,17,9,10,7,156,131,113,37,44,41,8.348
2速1耐1力1智1友,1529476042560495448,67456,US3,3337,1652,2169,1257,1846,8694,2700,6000,7500,3,1,7,11,11,0/1/2,5/8/9,15/17/18,10,17,13,0,2,3,1,0,0,0,38,43,48,0,0,2,22,24,24,15,22,16,8,11,5,109,133,109,20,45,29,8.329
2速1耐1力1智1友,15208510067013976171,64641,US1,3337,1833,2200,1264,1445,8125,2700,6000,6750,3,1,7,11,10,0/1/2,5/8/9,15/17/18,9,16,15,0,2,3,1,0,0,0,38,49,41,2,0,0,22,24,24,19,17,16,12,6,6,146,105,100,40,35,27,8.165
2速1耐1力1智1友,10562928033015354896,66975,US3,3337,1697,2200,1242,1892,8490,3150,5400,8250,3,1,8,10,12,0/1/2,5/8/9,15/17/18,12,14,14,0,2,3,1,0,0,0,40,45,48,1,0,0,22,24,24,17,18,16,9,8,4,145,124,108,32,43,26,8.307
2速1耐1力1智1友,11367043744708602150,64655,US1,3054,2049,2200,1272,1552,8196,2700,5400,7500,3,1,7,10,11,0/1/2,5/8/9,15/17/18,12,15,14,0,2,3,1,0,0,1,40,44,48,2,0,2,22,24,24,18,22,17,11,12,6,147,121,119,29,48,27,8.421
2速1耐1力1智1友,9568652574917310454,67130,US3,3188,2303,2103,1375,1520,8528,3150,6000,7500,3,1,8,11,11,0/1/2,5/8/9,15/17/18,12,15,14,0,2,3,1,0,0,1,41,44,48,1,0,0,22,24,24,16,19,14,8,8,3,125,128,104,33,57,28,8.311
2速1耐1力1智1友,993450056277645193,63910,US,3337,1606,1982,1123,1832,8092,1800,5400,7500,3,1,5,10,11,0/1/2,5/8/9,15/17/18,9,16,13,0,2,3,1,0,0,0,36,42,48,8,0,2,22,24,24,18,16,17,13,6,6,162,109,123,39,34,37,8.314
2速1耐1力1智1友,7401715400789094634,66572,US3,3315,2029,2200,1184,1574,8401,2700,6000,7500,3,1,7,11,11,0/1/2,5/8/9,15/17/18,10,15,14,0,2,3,1,0,0,0,40,47,47,3,0,0,22,24,24,16,21,17,9,10,6,153,115,130,64,33,31,8.274
2速1耐1力1智1友,5471860238413361529,66752,US3,3061,2157,2178,1242,1867,8438,3150,6000,7500,3,1,8,11,11,0/1/2,5/8/9,15/17/18,9,17,14,0,2,3,1,0,0,0,39,48,48,0,0,4,22,24,24,9,19,17,1,8,6,99,126,118,28,30,23,8.187
2速1耐1力1智1友,16513966565476891370,64373,US1,3337,1629,2200,873,1835,8336,2700,6600,7500,3,1,7,12,11,0/1/2,5/8/9,15/17/18,6,17,15,0,2,3,1,0,0,0,34,48,47,0,0,1,22,24,24,9,19,14,2,7,3,79,117,102,14,41,26,12.171
2速1耐1力1智1友,16456441201688241292,66521,US3,3310,1964,2128,1081,1768,8550,2700,5400,6750,3,1,7,10,10,0/1/2,5/8/9,15/17/18,11,17,14,0,2,3,1,0,0,2,41,44,47,4,1,1,22,24,24,9,19,19,2,9,9,148,158,142,58,71,28,8.204
2速1耐1力1智1友,11959600323032655473,62695,UA9,3023,2100,1970,1179,1617,7985,2700,6000,6750,3,1,7,11,10,0/1/2,5/8/9,15/17/18,10,18,14,0,2,3,1,0,0,0,41,44,43,1,0,1,22,24,24,12,18,16,5,7,6,131,118,100,43,51,28,8.211
2速1耐1力1智1友,3210214389276070636,72383,US7,3249,2357,2200,1422,1794,9120,2700,6600,7500,3,1,7,12,11,0/1/2,5/8/9,15/17/18,9,16,17,0,2,3,1,0,0,1,38,47,46,2,0,0,22,24,24,17,21,15,10,9,4,150,126,119,40,41,29,8.596
2速1耐1力1智1友,1481457135838115342,65926,US2,3337,1631,2200,963,1814,8608,2700,5400,8250,3,1,7,10,12,0/1/2,5/8/9,15/17/18,10,16,14,0,2,3,1,0,0,0,40,41,51,1,0,0,22,24,24,11,15,18,4,5,6,131,106,114,42,30,32,8.282
2速1耐1力1智1友,8217903684714740466,61067,UA7,3064,1824,1812,1200,1758,8095,2250,5400,7500,3,1,6,10,11,0/1/2,5/8/9,15/17/18,10,14,14,0,2,3,1,0,0,1,38,43,48,3,1,0,22,24,24,10,17,17,4,7,6,130,128,94,44,33,23,8.088
2速1耐1力1智1友,1908942700185860332,67871,US4,3337,2151,2200,1172,1477,8673,2700,6000,7500,3,1,7,11,11,0/1/2,5/8/9,15/17/18,12,16,13,0,2,3,1,0,0,0,42,44,49,3,0,1,22,24,24,11,20,15,4,9,4,145,144,101,47,59,19,8.254
2速1力1根1智1友,11326762469714653587,60813,UA7,3337,1000,2200,1323,1557,7816,2700,5400,7500,3,1,7,10,11,0/2/3,5/6/9,15/16/19,9,16,13,0,2,3,1,0,0,0,39,42,50,2,0,1,22,24,24,10,18,17,3,8,6,126,122,126,30,49,32,8.443
2速1力1根1智1友,6811585711019423014,63460,US,3337,857,2075,1804,1784,8209,2250,6000,7500,3,1,6,11,11,0/2/3,5/6/9,15/16/19,10,16,14,0,2,3,1,0,0,1,40,44,48,5,0,0,22,24,24,11,17,15,5,6,4,159,127,108,54,50,34,8.227
2速1力1根1智1友,2464807553972074962,63670,US,3337,964,2200,1640,1480,8692,2250,5400,8250,3,1,6,10,12,0/2/3,5/6/9,15/16/19,9,15,16,0,2,3,1,0,0,1,38,44,51,4,2,0,22,24,24,13,21,16,7,11,4,139,149,99,23,75,23,8.066
2速1力1根1智1友,9844167196163356492,62535,UA9,3337,894,2200,1543,1658,8273,2700,5400,7500,3,1,7,10,11,0/2/3,5/6/9,15/16/19,10,16,15,0,2,3,1,0,0,0,38,45,48,2,2,2,22,24,24,12,21,18,5,11,7,138,164,121,36,56,28,8.119
2速1力1根1智1友,8980134063177055374,62122,UA8,3337,953,2200,1683,1417,7940,2700,5400,7500,3,1,7,10,11,0/2/3,5/6/9,15/16/19,8,17,13,0,2,3,1,0,0,2,38,40,49,5,0,1,22,24,24,14,16,16,7,6,5,158,104,117,41,36,28,8.164
2速1力1根1智1友,18285413516395379107,68388,US4,3337,876,2200,1999,2104,8553,2700,5400,7500,3,1,7,10,11,0/2/3,5/6/9,15/16/19,12,15,17,0,2,3,1,0,0,0,41,45,50,2,2,2,22,24,24,12,16,16,5,6,5,165,134,130,54,38,26,8.204
2速1力1根1智1友,8256967179919972977,63053,UA9,3337,834,2200,2002,1404,8023,2250,6000,7500,3,1,6,11,11,0/2/3,5/6/9,15/16/19,11,18,14,0,2,3,1,0,0,0,39,50,47,4,3,1,22,24,24,10,16,14,4,5,3,160,145,122,45,47,29,8.336
2速1力1根1智1友,6887077576697736342,67631,US3,3337,933,2200,2200,1679,8483,2250,5400,7500,3,1,6,10,11,0/2/3,5/6/9,15/16/19,7,16,16,0,2,3,1,0,0,2,38,44,49,3,1,1,22,24,24,12,17,18,6,7,7,140,134,131,56,37,32,4.093
2速1力1根1智1友,14755065498383508013,66997,US3,3275,1015,2200,2186,1698,8329,2250,6000,6750,3,1,6,11,10,0/2/3,5/6/9,15/16/19,8,17,14,0,2,3,1,0,0,0,39,48,44,5,0,1,22,24,24,16,19,16,10,8,6,161,151,111,30,51,31,8.064
2速1力1根1智1友,13544683435662312397,64987,US1,3337,807,2194,1722,1821,8497,2250,6000,8250,3,1,6,11,12,0/2/3,5/6/9,15/16/19,10,17,16,0,2,3,1,0,0,1,39,46,49,5,0,0,22,24,24,13,16,19,7,5,7,147,114,118,41,29,32,12.202
2速1力1根1智1友,15920638885077350851,62047,UA8,3337,972,2200,1281,1690,8301,2700,5400,6750,3,1,7,10,10,0/2/3,5/6/9,15/16/19,12,17,14,0,2,3,1,0,0,1,41,43,46,2,1,1,22,24,24,14,21,15,7,11,5,149,159,112,33,72,33,8.306
2速1力1根1智1友,12442385645152605416,65199,US2,3337,1070,2200,1337,1946,8538,2250,6000,8250,3,1,6,11,12,0/2/3,5/6/9,15/16/19,8,17,15,0,2,3,1,0,0,0,39,47,49,4,0,0,22,24,24,15,13,17,9,2,5,155,133,109,57,41,20,8.425
2速1力1根1智1友,13636632859002082019,64442,US1,3337,874,2200,1881,1810,8194,2700,6000,7500,3,1,7,11,11,0/2/3,5/6/9,15/16/19,11,17,13,0,2,3,1,0,0,0,39,48,46,2,4,0,22,24,24,12,17,18,5,6,7,129,165,101,30,58,21,8.187
2速1力1根1智1友,16916887217943384197,63602,US,3337,1026,2200,1679,1625,8384,2250,6000,8250,3,1,6,11,12,0/2/3,5/6/9,15/16/19,11,15,16,0,2,3,1,0,0,0,40,42,49,5,0,0,22,24,24,14,16,17,8,5,5,165,120,109,67,43,26,8.165
2速1力1根1智1友,1718519919253566914,63512,US,3337,889,2200,1491,1925,8201,2700,6000,7500,3,1,7,11,11,0/2/3,5/6/9,15/16/19,13,18,13,0,2,3,1,0,1,0,40,45,48,3,0,1,22,24,24,12,13,18,5,2,7,151,94,135,44,34,28,8.119
2速1力1根1智1友,9477966000344520914,63716,US,3337,911,2182,1601,1962,7918,2700,4800,7500,3,1,7,9,11,0/2/3,5/6/9,15/16/19,11,17,16,0,2,3,1,0,0,0,41,34,49,3,0,2,22,24,24,14,15,17,7,6,6,156,106,113,43,45,26,8.161
3速1耐1智1友,18294810980148767977,67484,US3,3337,2270,1561,1400,1757,8876,3150,5400,7500,3,1,8,10,11,0/1/4,5/7/9,15/17/18,11,14,14,0,2,3,1,0,0,1,41,45,47,0,1,0,22,24,24,13,19,19,5,9,8,132,152,131,37,44,27,4.240
3速1耐1智1友,17340265605103734777,66904,US3,3337,2282,1420,1232,1870,8735,3150,4800,7500,3,1,8,9,11,0/1/4,5/7/9,15/17/18,11,15,15,0,2,3,1,0,0,0,40,39,49,1,1,1,22,24,24,15,13,17,7,4,6,133,142,111,31,54,29,8.170
3速1耐1智1友,13456845877101579504,67469,US3,3337,2039,1585,1234,2003,8913,2250,6000,7500,3,1,6,11,11,0/1/4,5/7/9,15/17/18,9,15,13,0,2,3,1,0,0,1,38,48,47,3,0,1,22,24,24,14,20,16,8,9,5,145,144,120,44,41,25,8.523
3速1耐1智1友,16801046783785587428,66108,US2,3337,2085,1600,1250,1871,8602,3150,5400,7500,3,1,8,10,11,0/1/4,5/7/9,15/17/18,14,14,14,0,2,3,1,0,0,1,41,43,48,0,3,1,22,24,24,13,16,16,5,6,5,119,139,125,31,47,36,8.591
3速1耐1智1友,12942464840474362234,74627,US9,3337,2357,1476,1581,2445,9563,3150,5400,7500,3,1,8,10,11,0/1/4,5/7/9,15/17/18,13,16,16,0,2,3,1,0,0,0,42,45,50,0,2,1,22,24,24,14,21,14,6,11,3,117,146,141,36,37,40,12.470
3速1耐1智1友,10718083972355583571,69793,US5,3337,2217,1511,1388,2227,8933,2700,6000,7500,3,1,7,11,11,0/1/4,5/7/9,15/17/18,9,16,14,0,2,3,1,0,0,0,40,44,49,1,1,1,22,24,24,12,14,18,5,3,7,126,128,114,53,58,24,8.207
3速1耐1智1友,5136979907046107870,68570,US4,3337,1768,1938,1168,2113,9378,3150,6000,6750,3,1,8,11,10,0/1/4,5/7/9,15/17/18,10,18,11,0,2,3,1,0,0,2,41,45,47,0,0,2,22,24,24,12,16,18,4,5,8,110,118,112,36,33,23,8.270
3速1耐1智1友,5705678829376208106,70602,US6,3337,2222,1950,1388,1784,9130,3150,6000,8250,3,1,8,11,12,0/1/4,5/7/9,15/17/18,11,12,15,0,2,3,1,0,0,1,41,44,51,0,0,0,22,24,24,16,16,19,8,5,7,119,127,128,41,45,34,12.733
3速1耐1智1友,17018580834558249591,69842,US5,3337,1990,1538,1243,2433,9381,3150,5400,8250,3,1,8,10,12,0/1/4,5/7/9,15/17/18,8,15,16,0,2,3,1,0,0,0,40,44,52,0,1,1,22,24,24,14,14,17,6,4,5,116,151,133,32,35,28,8.173
3速1耐1智1友,17390044373306492298,68694,US4,3337,2195,1513,1373,2113,8890,3150,6000,7500,3,1,8,11,11,0/1/4,5/7/9,15/17/18,13,17,13,0,2,3,1,0,0,1,42,46,48,1,0,1,22,24,24,13,15,18,5,4,7,134,159,130,40,53,45,8.653
3速1耐1智1友,3569361776344877242,65418,US2,3337,1795,1892,1166,1822,8872,2250,6000,7500,3,1,6,11,11,0/1/4,5/7/9,15/17/18,7,18,14,0,2,3,1,0,0,2,33,46,47,1,0,0,22,24,24,14,15,16,8,4,5,113,126,102,28,31,25,4.403
3速1耐1智1友,2347541689483839044,66530,US3,3337,2141,1506,1294,1891,8588,3150,6000,7500,3,1,8,11,11,0/1/4,5/7/9,15/17/18,8,14,13,0,2,3,1,0,0,1,39,45,49,0,0,1,22,24,24,14,17,20,6,6,9,122,119,129,43,34,28,8.455
3速1耐1智1友,13846160770496761542,64067,US,3337,1957,2165,1183,1069,8702,2700,5400,7500,3,1,7,10,11,0/1/4,5/7/9,15/17/18,8,13,13,0,2,3,1,0,0,0,37,40,48,2,1,0,22,24,24,17,13,16,10,3,5,153,120,116,31,49,19,8.129
3速1耐1智1友,13679233557927875816,65384,US2,3337,2076,1668,1160,1827,8897,3150,5400,6750,3,1,8,10,10,0/1/4,5/7/9,15/17/18,13,16,15,0,2,3,1,0,0,1,42,45,48,2,7,5,22,24,24,11,15,18,3,5,8,135,188,143,45,73,38,10.863
3速1耐1智1友,8127771330706833465,67657,US3,3337,2007,1602,1191,2106,9173,3150,6000,7500,3,1,8,11,11,0/1/4,5/7/9,15/17/18,11,16,12,0,2,3,1,0,0,0,41,44,49,0,1,1,22,24,24,17,21,18,9,10,7,125,138,124,30,53,31,8.777
3速1耐1智1友,638110932597051421,65223,US2,3337,1690,1756,1080,2099,8933,3150,6000,7500,3,1,8,11,11,0/1/4,5/7/9,15/17/18,11,16,12,0,2,3,1,0,0,0,42,45,46,0,0,0,22,24,24,13,15,18,5,4,7,117,125,131,27,34,29,12.590
3速1耐1智1友,10150379536109627663,66181,US2,3337,1588,2012,1058,2103,8912,2700,6000,7500,3,1,7,11,11,0/1/4,5/7/9,15/17/18,10,16,13,0,2,3,1,0,0,0,40,45,49,0,2,3,22,24,24,13,19,16,6,8,5,129,149,119,37,51,32,8.241
3速1耐1智1友,3629670942114742072,66673,US3,3337,1980,1804,1332,1851,8604,3150,6000,7500,3,1,8,11,11,0/1/4,5/7/9,15/17/18,10,15,14,0,2,3,1,0,0,0,40,47,48,1,4,2,22,24,24,14,17,14,6,6,3,118,152,109,27,54,27,8.363
3速1耐1智1友,12356786732095275031,62925,UA9,3337,1970,1582,1263,1663,8133,2250,4800,7500,3,1,6,9,11,0/1/4,5/7/9,15/17/18,8,11,14,0,2,3,1,0,0,1,39,43,50,6,2,2,22,24,24,17,21,17,11,12,6,154,156,114,50,53,31,8.331
3速1耐1智1友,16067135630988276928,69001,US5,3337,2252,1992,1406,1512,8821,3150,5400,8250,3,1,8,10,12,0/1/4,5/7/9,15/17/18,11,15,14,0,2,3,1,0,0,0,41,45,48,0,3,0,22,24,24,14,18,18,6,8,6,120,162,126,35,60,26,8.614
3速1耐1智1友,12041167325603005736,69087,US5,3337,2089,2014,1548,1726,8583,3150,5400,6750,3,1,8,10,10,0/1/4,5/7/9,15/17/18,9,15,15,0,2,3,1,0,0,2,40,47,49,1,4,4,22,24,24,15,16,18,7,6,8,127,159,132,33,42,23,8.166
3速1耐1智1友,3276032423791078683,68602,US4,3337,2022,2061,1304,1756,8857,2700,5400,7500,3,1,7,10,11,0/1/4,5/7/9,15/17/18,11,15,14,0,2,3,1,0,0,0,41,45,47,2,3,1,22,24,24,16,16,15,9,6,4,133,177,99,47,72,27,8.194
3速1耐1智1友,15727606568955356186,63502,US,3337,1770,1613,1204,1904,8372,3150,5400,7500,3,1,8,10,11,0/1/4,5/7/9,15/17/18,13,14,14,0,2,3,1,0,0,0,43,43,50,0,0,1,22,24,24,12,15,14,4,5,3,117,131,97,33,44,24,8.091
3速1耐1智1友,7872365926350281988,69433,US5,3337,2056,1871,1307,1996,8881,3150,5400,7500,3,1,8,10,11,0/1/4,5/7/9,15/17/18,15,16,13,0,2,3,1,0,0,1,42,47,48,2,4,0,22,24,24,14,20,19,6,10,8,133,155,119,49,50,29,8.532
3速1耐1智1友,6605314369505056811,67370,US3,3337,1999,1956,1171,1804,8839,3150,5400,7500,3,1,8,10,11,0/1/4,5/7/9,15/17/18,14,13,14,0,2,3,1,0,0,1,42,44,49,0,3,2,22,24,24,13,21,15,5,11,4,105,165,102,22,46,21,8.545
3速1耐1智1友,467431589926532787,66349,US2,3337,1952,1814,1104,2036,8748,3150,6000,7500,3,1,8,11,11,0/1/4,5/7/9,15/17/18,13,17,13,0,2,3,1,0,0,1,41,45,48,0,0,1,22,24,24,12,17,16,4,6,5,106,148,108,28,44,23,12.419
3速1耐1智1友,9298599513506139084,62100,UA8,3337,1824,1816,1138,1563,8100,2700,5400,6750,3,1,7,10,10,0/1/4,5/7/9,15/17/18,11,16,14,0,2,3,1,0,0,2,41,45,48,1,3,6,22,24,24,14,22,17,7,12,7,128,172,125,30,70,26,8.306
3速1耐1智1友,4855764515458570836,71888,US7,3337,2400,2076,1321,1755,9145,2700,6000,8250,3,1,7,11,12,0/1/4,5/7/9,15/17/18,14,16,15,0,2,3,1,0,0,0,42,46,51,3,0,0,22,24,24,17,16,17,10,5,5,157,130,101,53,39,24,8.454
3速1耐1智1友,10590504171153832330,65625,US2,3337,2179,1921,1207,1447,8467,2700,4800,7500,3,1,7,9,11,0/1/4,5/7/9,15/17/18,9,16,12,0,2,3,1,0,0,0,39,44,45,0,8,0,22,24,24,17,17,17,10,8,6,107,189,107,35,66,16,8.412
3速1耐1智1友,8935797748845847010,70279,US5,3337,2196,2200,1328,1587,9055,3150,4800,7500,3,1,8,9,11,0/1/4,5/7/9,15/17/18,10,16,14,0,2,3,1,0,0,0,40,43,48,0,3,0,22,24,24,13,18,14,5,9,3,119,152,100,36,55,18,8.210
3速1耐1智1友,8832593940654586677,69652,US5,3337,2110,1868,1281,2115,8777,2700,6000,7500,3,1,7,11,11,0/1/4,5/7/9,15/17/18,12,18,15,0,2,3,1,0,0,0,38,46,50,0,0,2,22,24,24,8,16,18,1,5,7,112,113,106,37,35,21,8.197
3速1耐1智1友,4624442672659625554,69294,US5,3337,2205,1762,1399,1999,8786,2700,6000,7500,3,1,7,11,11,0/1/4,5/7/9,15/17/18,10,18,11,0,2,3,1,0,0,0,40,47,46,1,0,0,22,24,24,20,16,15,13,5,4,154,131,95,64,49,26,8.353
3速1耐1智1友,435401095502975015,67951,US4,3337,2012,2113,1292,1565,8991,3600,5400,7500,3,1,9,10,11,0/1/4,5/7/9,15/17/18,13,17,13,0,2,3,1,0,0,0,42,43,48,0,0,1,22,24,24,13,15,20,4,5,9,115,121,109,33,35,23,8.199
3速1耐1智1友,4801674555029417269,63578,US,3337,1858,1707,1240,1767,8107,3150,4800,6750,3,1,8,9,10,0/1/4,5/7/9,15/17/18,10,14,13,0,2,3,1,0,0,0,41,41,47,0,1,5,22,24,24,10,19,16,2,10,6,133,166,134,42,80,28,8.098
3速1耐1智1友,8583838069695919142,64926,US1,3337,1974,1804,1492,1374,8268,2700,5400,7500,3,1,7,10,11,0/1/4,5/7/9,15/17/18,11,15,14,0,2,3,1,0,0,1,42,44,46,3,4,0,22,24,24,16,17,19,9,7,8,145,137,118,46,46,23,8.251
3速1耐1智1友,5873704827353454574,62611,UA9,3337,1733,1837,1271,1566,8222,3150,4800,7500,3,1,8,9,11,0/1/4,5/7/9,15/17/18,7,14,15,0,2,3,1,0,0,1,39,42,50,2,4,3,22,24,24,16,19,18,8,10,7,125,178,119,30,60,21,8.587
3速1耐1智1友,13569170191983196964,68238,US4,3337,2141,1660,1333,1943,8802,3150,6000,6750,3,1,8,11,10,0/1/4,5/7/9,15/17/18,12,17,14,0,2,3,1,0,0,0,41,47,46,0,2,2,22,24,24,10,20,15,2,9,5,104,152,138,18,56,36,12.314
3速1耐1智1友,8797974619881097171,66682,US3,3337,1712,2186,1167,1720,8968,2700,4800,7500,3,1,7,9,11,0/1/4,5/7/9,15/17/18,11,15,12,0,2,3,1,0,0,0,39,42,47,0,4,1,22,24,24,12,21,20,5,12,9,113,151,120,50,60,29,8.186
3速1耐1智1友,6861938731755148396,68808,US4,3337,1974,1912,1216,1890,9216,3150,6000,7500,3,1,8,11,11,0/1/4,5/7/9,15/17/18,12,17,15,0,2,3,1,0,1,0,40,46,49,0,1,3,22,24,24,12,22,15,4,11,4,110,163,120,21,86,28,8.520
3速1耐1智1友,18380489215292908078,64925,US1,3337,1893,1486,1269,1979,8577,3150,5400,7500,3,1,8,10,11,0/1/4,5/7/9,15/17/18,8,17,12,0,2,3,1,0,0,0,40,44,48,0,1,2,22,24,24,15,19,18,7,9,7,118,150,134,19,58,23,8.446
3速1耐1智1友,17257182052734102171,64442,US1,3337,1840,1918,1316,1664,8575,2700,6000,7500,3,1,7,11,11,0/1/4,5/7/9,15/17/18,12,16,14,0,2,3,1,0,0,2,40,45,49,2,0,1,22,24,24,16,16,18,9,5,7,139,125,103,53,29,25,8.385
3速1耐1智1友,13039241588707485647,65755,US2,3337,1983,1996,1293,1561,8533,2700,5400,7500,3,1,7,10,11,0/1/4,5/7/9,15/17/18,10,14,11,0,2,3,1,0,0,0,39,47,47,0,3,1,22,24,24,15,15,16,8,5,5,125,172,112,33,62,26,8.223
3速1耐1智1友,5203763381848701244,63611,US,3337,1821,1888,1286,1629,8420,3150,4800,6750,3,1,8,9,10,0/1/4,5/7/9,15/17/18,7,15,14,0,2,3,1,0,0,2,38,41,47,0,3,4,22,24,24,14,15,17,6,6,7,109,164,131,24,77,32,8.132
3速1耐1智1友,9926520723369151917,69293,US5,3337,2338,2200,1361,1245,8989,3150,5400,7500,3,1,8,10,11,0/1/4,5/7/9,15/17/18,11,15,11,0,2,3,1,0,0,0,40,46,47,0,5,0,22,24,24,12,20,17,4,10,6,99,167,105,20,65,18,8.367
3速1耐1智1友,16485397249089351886,64346,US1,3337,2121,1714,1172,1553,8431,3150,5400,7500,3,1,8,10,11,0/1/4,5/7/9,15/17/18,11,12,14,0,2,3,1,0,0,1,39,45,47,0,2,0,22,24,24,14,16,14,6,6,3,112,173,110,26,57,27,8.232
3速1耐1智1友,2260682184317568806,68976,US4,3337,2143,1670,1398,1990,8779,3150,6000,7500,3,1,8,11,11,0/1/4,5/7/9,15/17/18,14,16,15,0,2,3,1,0,0,1,43,45,48,1,0,0,22,24,24,13,17,17,5,6,6,128,125,116,33,43,28,8.514
3速1耐1智1友,11020415995248182709,69564,US5,3337,2248,1528,1254,2177,8898,3150,6000,7500,3,1,8,11,11,0/1/4,5/7/9,15/17/18,10,17,15,0,2,3,1,0,0,0,39,48,47,2,3,1,22,24,24,15,15,18,7,4,7,123,149,107,48,34,26,8.259
3速1耐1智1友,13908770548121679726,66304,US2,3337,2279,1407,1291,1767,8523,3150,4800,7500,3,1,8,9,11,0/1/4,5/7/9,15/17/18,11,17,15,0,2,3,1,0,0,1,41,46,48,0,6,0,22,24,24,13,19,16,5,10,5,98,158,116,24,68,25,12.982
3速1耐1智1友,15666030815438619594,64274,US1,3337,2067,1713,1159,1575,8670,3150,6000,6750,3,1,8,11,10,0/1/4,5/7/9,15/17/18,14,16,11,0,2,3,1,0,0,3,43,46,45,0,4,0,22,24,24,12,20,16,4,9,6,101,167,115,23,62,19,8.191
3速1耐1智1友,2175556591210088723,66094,US2,3337,2048,1619,1226,1977,8705,3150,5400,7500,3,1,8,10,11,0/1/4,5/7/9,15/17/18,11,15,13,0,2,3,1,0,0,1,41,45,48,1,1,0,22,24,24,13,21,18,5,11,7,140,142,112,44,47,24,8.543
3速1耐1智1友,1498076194820568181,69410,US5,3337,2231,1443,1250,2249,9025,2700,5400,7500,3,1,7,10,11,0/1/4,5/7/9,15/17/18,11,17,14,0,2,3,1,0,1,1,39,45,49,1,1,2,22,24,24,12,19,18,5,9,7,102,132,110,19,54,28,9.672
3速1耐1智1友,1182059660978964684,67445,US3,3337,2388,1682,1368,1546,8704,3150,4800,8250,3,1,8,9,12,0/1/4,5/7/9,15/17/18,12,17,14,0,2,3,1,0,0,0,42,45,51,0,6,0,22,24,24,12,15,21,4,6,9,104,185,120,28,78,25,12.768
3速1耐1智1友,5756283268781505583,70127,US5,3337,2143,2116,1464,1744,9040,2700,6000,8250,3,1,7,11,12,0/1/4,5/7/9,15/17/18,10,15,14,0,2,3,1,0,0,0,39,45,50,1,0,0,22,24,24,15,19,20,8,8,8,130,133,109,36,39,35,8.537
3速1耐1智1友,6593950981283874723,71005,US6,3337,2400,1809,1473,1935,8848,3600,6000,7500,3,1,9,11,11,0/1/4,5/7/9,15/17/18,13,17,13,0,2,3,1,0,0,2,42,46,49,0,1,1,22,24,24,16,17,19,7,6,8,118,165,118,38,56,32,8.492
3速1耐1智1友,17719398427072008030,69108,US5,3337,2076,2029,1376,1846,8836,3150,6000,8250,3,1,8,11,12,0/1/4,5/7/9,15/17/18,6,15,14,0,2,3,1,0,0,1,39,45,51,0,0,0,22,24,24,12,14,17,4,3,5,102,126,120,31,37,28,8.356
3速1耐1智1友,5403973073462928850,66146,US2,3337,1819,2123,1160,1745,8686,3600,6000,7500,3,1,9,11,11,0/1/4,5/7/9,15/17/18,12,16,11,0,2,3,1,0,0,0,42,46,46,0,0,0,22,24,24,13,16,13,4,5,2,126,135,85,32,49,23,8.631
2速2耐1智1友,3440251782374487450,65122,US2,3337,2146,1352,1573,1752,8263,2700,6000,6750,3,1,7,11,10,0/1/4,5/7/9,15/17/19,9,16,13,0,2,3,1,0,0,0,36,48,46,0,0,5,22,24,24,12,16,18,5,5,8,111,142,133,31,48,30,8.817
2速2耐1智1友,2919288117339956817,66099,US2,3271,2396,1391,1525,1755,8305,3600,5400,7500,3,1,9,10,11,0/1/4,5/7/9,15/17/19,11,14,14,0,2,3,1,0,0,0,41,44,47,0,1,1,22,24,24,19,16,16,10,6,5,128,156,130,23,45,29,8.472
2速2耐1智1友,12607480145262379182,68031,US4,3337,2373,1415,1575,1804,8589,3150,4800,7500,3,1,8,9,11,0/1/4,5/7/9,15/17/19,9,16,14,0,2,3,1,0,0,3,40,40,48,0,1,0,22,24,24,15,18,18,7,9,7,110,138,137,29,52,35,14.325
2速2耐1智1友,13241282206477160322,71441,US6,3337,2346,1244,1535,2394,8856,2700,5400,7500,3,1,7,10,11,0/1/4,5/7/9,15/17/19,11,17,16,0,2,3,1,0,0,0,40,46,48,1,3,0,22,24,24,13,13,13,6,3,2,126,160,112,33,60,27,4.261
2速2耐1智1友,14416587617153651813,66913,US3,3317,2082,1251,1663,2085,8147,2250,5400,6750,3,1,6,10,10,0/1/4,5/7/9,15/17/19,4,16,14,0,2,3,1,0,0,1,37,41,46,2,0,4,22,24,24,8,18,17,2,8,7,122,124,146,48,47,36,12.017
2速2耐1智1友,3982717066300239964,67508,US3,3337,2400,1266,1910,1611,8439,3150,4800,6750,3,1,8,9,10,0/1/4,5/7/9,15/17/19,11,16,14,0,2,3,1,0,0,2,39,42,47,0,4,4,22,24,24,12,18,16,4,9,6,97,169,139,22,48,29,8.002
2速2耐1智1友,4732830469746043605,69497,US5,3337,2400,1346,1678,1914,8614,3150,4800,7500,3,1,8,9,11,0/1/4,5/7/9,15/17/19,11,16,13,0,2,3,1,0,0,0,42,46,46,0,7,0,22,24,24,9,14,14,1,5,3,105,191,111,27,86,20,8.154
2速2耐1智1友,15077661044969450350,67376,US3,3337,2388,1264,1842,1615,8232,2250,6000,6750,3,1,6,11,10,0/1/4,5/7/9,15/17/19,10,14,13,0,2,3,1,0,0,2,39,44,46,4,0,3,22,24,24,11,18,18,5,7,8,133,106,173,53,27,59,8.211
2速1耐1力1智1友,14939455744427311888,69251,US5,3337,2400,2140,1042,1549,8771,3150,6000,7500,3,1,8,11,11,0/1/2,5/8/9,15/17/18,12,15,14,0,2,3,1,0,0,2,41,47,49,0,2,0,22,24,24,12,20,17,4,9,6,112,144,101,35,44,28,8.530
2速1耐1力1智1友,15621075381817343632,67782,US4,3337,2014,2057,943,1875,8875,2700,6000,7500,3,1,7,11,11,0/1/2,5/8/9,15/17/18,7,18,15,0,2,3,1,0,0,1,36,48,48,0,0,0,22,24,24,12,18,17,5,7,6,106,116,125,23,37,29,12.263
2速1耐1力1智1友,534624238842695463,63372,UA9,3337,1830,2152,844,1614,8264,3150,5400,7500,3,1,8,10,11,0/1/2,5/8/9,15/17/18,11,15,14,0,2,3,1,0,0,1,42,40,48,3,0,0,22,24,24,15,16,18,7,6,7,127,97,123,26,34,31,4.431
2速1耐1力1智1友,879092696598517943,64612,US1,3337,2254,2060,1039,1141,8416,3600,5400,8250,3,1,9,10,12,0/1/2,5/8/9,15/17/18,12,13,14,0,2,3,1,0,0,1,41,46,49,0,0,0,22,24,24,10,21,18,1,11,6,88,119,108,19,49,31,8.425
2速1耐1力1智1友,10113202049924599829,64266,US1,3337,2177,1831,1084,1423,8394,2700,4800,8250,3,1,7,9,12,0/1/2,5/8/9,15/17/18,11,15,13,0,2,3,1,0,2,1,41,44,48,1,3,0,22,24,24,13,21,16,6,12,4,128,170,102,36,73,27,8.332
2速1耐1力1智1友,2182801891750421291,66608,US3,3293,2095,1789,1212,1850,8366,2700,6000,7500,3,1,7,11,11,0/1/2,5/8/9,15/17/18,9,17,14,0,2,3,1,0,0,0,40,46,48,1,0,0,22,24,24,12,16,17,5,5,6,116,108,120,24,24,26,8.377
2速1耐1力1智1友,2507063085452038258,69812,US5,3337,2239,1623,1339,2149,8765,2700,5400,7500,3,1,7,10,11,0/1/2,5/8/9,15/17/18,10,16,12,0,2,3,1,0,0,0,41,46,48,2,0,1,22,24,24,20,19,20,13,9,9,161,135,131,57,35,24,8.550
2速1耐1力1智1友,2964516356811137824,66802,US3,3337,2209,2200,934,1535,8713,2700,6000,7500,3,1,7,11,11,0/1/2,5/8/9,15/17/18,10,15,14,0,2,3,1,0,0,0,40,43,46,1,0,0,22,24,24,17,19,15,10,8,4,149,133,108,42,43,23,8.340
2速1耐1力1智1友,1767138092977690303,66354,US2,3221,2167,2200,1047,1707,8340,2700,5400,7500,3,1,7,10,11,0/1/2,5/8/9,15/17/18,9,15,14,0,2,3,1,0,0,0,39,40,46,0,0,0,22,24,24,15,15,15,8,5,4,119,105,109,30,38,28,8.269
2速1耐1力1智1友,5153583064513504858,67183,US3,3337,2277,2200,1119,1368,8327,3150,6000,6750,3,1,8,11,10,0/1/2,5/8/9,15/17/18,10,16,14,0,2,3,1,0,0,0,40,46,48,0,0,2,22,24,24,15,19,18,7,8,8,127,115,129,33,34,25,8.361
2速1耐1力1智1友,3690326310992351813,65981,US2,3337,1886,2146,1092,1806,8369,2700,4800,7500,3,1,7,9,11,0/1/2,5/8/9,15/17/18,11,13,14,0,2,3,1,0,0,0,41,42,47,2,2,3,22,24,24,14,21,17,7,12,6,142,138,138,45,52,34,8.183
2速1耐1力1智1友,1494732780575325500,68985,US4,3337,2099,2200,972,1941,8870,2700,6000,7500,3,1,7,11,11,0/1/2,5/8/9,15/17/18,13,17,14,0,2,3,1,0,0,0,41,49,46,2,0,0,22,24,24,12,18,17,5,7,6,140,131,130,53,37,31,12.359
2速1耐1力1智1友,2639426749742518601,65632,US2,3160,1998,2165,1016,1882,8380,3150,5400,7500,3,1,8,10,11,0/1/2,5/8/9,15/17/18,12,15,14,0,2,3,1,0,0,0,40,47,48,0,3,3,22,24,24,15,22,17,7,12,6,121,158,118,35,77,26,8.374
2速1耐1力1智1友,4956978572801307034,67762,US4,3337,2168,2078,1189,1721,8444,2700,6000,7500,3,1,7,11,11,0/1/2,5/8/9,15/17/18,9,16,13,0,2,3,1,0,0,3,41,46,48,2,0,0,22,24,24,18,18,18,11,7,7,138,122,125,41,38,28,8.507
2速1耐1力1智1友,4032597599670374844,68978,US4,3047,2400,2093,1227,1945,8758,3150,6000,7500,3,1,8,11,11,0/1/2,5/8/9,15/17/18,9,18,14,0,2,3,1,0,0,1,39,47,48,0,0,0,22,24,24,13,18,15,5,7,4,103,127,100,21,49,23,8.270
2速1耐1力1智1友,781223565317993358,67142,US3,3297,2215,2171,1051,1713,8308,2700,5400,7500,3,1,7,10,11,0/1/2,5/8/9,15/17/18,11,16,14,0,2,3,1,0,1,0,41,44,48,3,0,0,22,24,24,14,19,16,7,9,5,146,110,100,28,20,22,8.191
2速1耐1力1智1友,10974809131488179118,64487,US1,3181,2094,1977,1002,1837,8448,2700,6000,7500,3,1,7,11,11,0/1/2,5/8/9,15/17/18,10,15,13,0,2,3,1,0,0,0,40,46,48,0,0,3,22,24,24,11,17,20,4,6,9,127,115,146,37,28,36,8.181
2速1耐1力1智1友,6536074472867386794,68678,US4,3337,2120,2021,1053,2038,8736,3150,6600,7500,3,1,8,12,11,0/1/2,5/8/9,15/17/18,11,18,13,0,2,3,1,0,0,0,41,48,49,0,0,1,22,24,24,12,17,18,4,5,7,113,93,129,26,20,42,8.568
2速1耐1力1智1友,7800620011176987252,64735,US1,3166,2158,2165,947,1745,8365,3150,5400,7500,3,1,8,10,11,0/1/2,5/8/9,15/17/18,12,13,14,0,2,3,1,0,0,0,41,45,46,1,2,1,22,24,24,19,19,19,11,9,8,153,123,148,36,33,38,8.488
2速1耐1力1智1友,2659179684279589127,70469,US6,3337,2400,2200,956,1719,8771,2250,6000,7500,3,1,6,11,11,0/1/2,5/8/9,15/17/18,9,17,15,0,2,3,1,0,0,0,38,48,47,5,0,2,22,24,24,14,19,16,8,8,5,142,103,127,47,23,27,8.300
2速1耐1力1智1友,14527957500104285941,66614,US3,3298,2070,1990,1080,1847,8488,3150,6000,7500,3,1,8,11,11,0/1/2,5/8/9,15/17/18,11,16,15,0,2,3,1,0,0,0,42,47,48,0,0,2,22,24,24,17,19,18,9,8,7,120,123,103,20,43,28,8.415
2速1耐1力1智1友,16123177939265803652,65610,US2,3151,2400,2200,1317,1068,8448,2700,6000,7500,3,1,7,11,11,0/1/2,5/8/9,15/17/18,8,15,14,0,2,3,1,0,0,0,38,48,48,3,1,1,22,24,24,14,20,17,7,9,6,134,140,116,47,62,22,12.303
2速1耐1力1智1友,2628801244181935451,64004,US,3337,1646,2200,839,1734,8515,3150,6000,7500,3,1,8,11,11,0/1/2,5/8/9,15/17/18,12,15,14,0,2,3,1,0,0,1,41,47,48,0,0,2,22,24,24,13,19,14,5,8,3,104,103,121,34,26,38,8.346
2速1耐1力1智1友,9263328372864309443,67081,US3,3250,2145,2200,985,1706,8549,2250,6000,8250,3,1,6,11,12,0/1/2,5/8/9,15/17/18,6,15,15,0,2,3,1,0,0,0,36,48,49,1,0,0,22,24,24,8,19,16,2,8,4,115,125,105,30,37,34,8.337
2速1耐1力1智1友,6000405421625307027,67563,US3,3337,1944,2200,1024,1892,8601,2700,5400,7500,3,1,7,10,11,0/1/2,5/8/9,15/17/18,13,15,15,0,2,3,1,0,0,0,42,41,49,2,3,1,22,24,24,16,20,16,9,10,5,129,156,106,34,79,22,8.210
2速1耐1力1智1友,14494536183154630262,62452,UA8,3337,1835,2200,1221,1083,7982,2250,4800,7500,3,1,6,9,11,0/1/2,5/8/9,15/17/18,10,11,13,0,2,3,1,0,0,0,40,43,46,7,5,0,22,24,24,15,19,13,9,10,2,143,156,92,45,72,23,7.975
2速1耐1力1智1友,18171266833903549716,68122,US4,3280,2259,2200,1172,1570,8410,2700,5400,7500,3,1,7,10,11,0/1/2,5/8/9,15/17/18,9,16,14,0,2,3,1,0,0,1,41,43,47,3,0,1,22,24,24,19,19,15,12,9,4,153,144,104,34,63,20,8.172
2速1耐1力1智1友,11950854063839072480,67620,US3,3337,2310,2200,1030,1370,8602,2700,6000,7500,3,1,7,11,11,0/1/2,5/8/9,15/17/18,11,16,14,0,2,3,1,0,0,0,42,47,46,2,0,0,22,24,24,14,16,18,7,5,7,142,125,109,35,38,23,8.184
2速1耐1力1智1友,4005151366304411003,70027,US5,3337,1919,2200,930,2206,8903,2700,6000,8250,3,1,7,11,12,0/1/2,5/8/9,15/17/18,11,16,15,0,2,3,1,0,0,1,42,47,51,4,0,0,22,24,24,15,18,17,8,7,5,125,115,116,31,23,36,8.478
2速1耐1力1智1友,10629011436169979198,66067,US2,3337,2057,2200,984,1704,8390,2250,6000,6750,3,1,6,11,10,0/1/2,5/8/9,15/17/18,10,16,14,0,2,3,1,0,0,1,40,46,47,5,0,2,22,24,24,14,20,19,8,9,9,143,133,131,46,41,31,8.398
2速1耐1力1智1友,11204856106132313588,66820,US3,3337,1991,2194,1136,1713,8569,2700,6000,7500,3,1,7,11,11,0/1/2,5/8/9,15/17/18,10,15,13,0,2,3,1,0,0,0,41,47,46,2,2,0,22,24,24,17,18,16,10,7,5,139,134,129,36,46,34,8.387
2速1耐1力1智1友,2720601460671197957,68313,US4,3337,2192,2142,1284,1499,8554,2700,5400,7500,3,1,7,10,11,0/1/2,5/8/9,15/17/18,11,16,14,0,2,3,1,0,0,2,41,47,48,1,2,1,22,24,24,12,19,20,5,9,9,145,133,122,52,42,24,8.321
2速1耐1力1智1友,16282784613388051200,68247,US4,2817,2400,2200,1042,2175,8661,2250,6000,7500,3,1,6,11,11,0/1/2,5/8/9,15/17/18,10,17,15,0,2,3,1,0,0,1,41,49,48,7,3,0,22,24,24,17,19,15,11,8,4,140,140,106,29,50,28,8.264
2速1耐1力1智1友,7160841916654417843,67976,US4,3337,2327,2040,1033,1727,8394,2250,6000,7500,3,1,6,11,11,0/1/2,5/8/9,15/17/18,10,17,12,0,2,3,1,0,0,0,38,44,47,3,0,1,22,24,24,13,19,16,7,8,5,127,118,122,30,50,25,12.428
2速1耐1力1智1友,3790569166273579511,66174,US2,3337,1944,2125,889,1967,8201,2700,6000,7500,3,1,7,11,11,0/1/2,5/8/9,15/17/18,12,15,14,0,2,3,1,0,0,0,41,45,48,5,0,2,22,24,24,14,20,16,7,9,5,145,127,127,37,44,29,8.074
2速1耐1力1智1友,15268140597217193655,65121,US2,3337,1794,2020,865,2044,8310,3150,6000,7500,3,1,8,11,11,0/1/2,5/8/9,15/17/18,12,16,12,0,2,3,1,0,0,0,42,45,47,0,0,1,22,24,24,15,17,16,7,6,5,118,111,116,27,36,14,8.377
2速1耐1力1智1友,6421091144095128192,70293,US5,3337,2400,2189,1258,1421,8874,2700,6000,7500,3,1,7,11,11,0/1/2,5/8/9,15/17/18,14,14,14,0,2,3,1,0,0,0,41,48,49,1,2,2,22,24,24,16,20,17,9,9,6,133,152,120,33,50,25,8.402
2速1耐1力1智1友,3924319168953084078,64152,US,3337,2208,2200,1028,1038,8298,2700,5400,7500,3,1,7,10,11,0/1/2,5/8/9,15/17/18,11,15,13,0,2,3,1,0,0,1,36,45,46,1,2,0,22,24,24,10,22,16,3,12,5,126,147,100,53,39,26,8.218
2速1耐1力1智1友,14042366650772035006,69695,US5,3337,2400,2200,1142,1559,8705,2700,5400,7500,3,1,7,10,11,0/1/2,5/8/9,15/17/18,8,17,14,0,2,3,1,0,0,0,38,46,47,0,1,1,22,24,24,10,22,16,3,12,5,121,133,99,32,57,22,8.191
2速1耐1力1智1友,7611318590681028424,65658,US2,3337,1865,2200,983,1549,8805,2700,6000,7500,3,1,7,11,11,0/1/2,5/8/9,15/17/18,9,16,14,0,2,3,1,0,0,1,40,46,48,4,0,0,22,24,24,16,19,19,9,8,8,129,97,101,33,25,32,7.918
2速1力1根1智1友,1226375271420096101,61611,UA7,3337,915,2030,1693,1647,7802,2250,4800,7500,3,1,6,9,11,0/2/3,5/6/9,15/16/19,10,16,12,0,2,3,1,0,0,0,39,38,48,5,0,1,22,24,24,11,13,14,5,4,3,159,129,104,55,46,28,8.571
2速1力1根1智1友,8565535630557594145,62392,UA8,3337,839,1882,1683,1929,7974,2700,6600,7500,3,1,7,12,11,0/2/3,5/6/9,15/16/19,9,17,13,0,2,3,1,0,0,0,39,48,46,1,0,0,22,24,24,10,18,15,3,6,4,145,133,104,47,41,18,8.203
2速1力1根1智1友,11320759887553337235,65807,US2,3337,1094,2200,1537,1942,8237,2250,6000,7500,3,1,6,11,11,0/2/3,5/6/9,15/16/19,9,18,13,0,2,3,1,0,0,1,38,48,46,3,0,0,22,24,24,10,16,18,4,5,7,137,164,126,56,65,25,12.044
2速1力1根1智1友,16410514739901051027,66653,US3,3337,1096,2122,1270,2295,8360,2700,6000,7500,3,1,7,11,11,0/2/3,5/6/9,15/16/19,13,16,14,0,2,3,1,0,0,0,41,47,48,5,0,1,22,24,24,15,16,17,8,5,6,152,119,124,32,36,30,4.097
2速1力1根1智1友,8815490610865853474,63467,US,3337,943,2017,1550,1951,8227,2250,5400,7500,3,1,6,10,11,0/2/3,5/6/9,15/16/19,11,16,12,0,2,3,1,0,0,0,41,42,47,6,0,0,22,24,24,11,18,18,5,8,7,160,128,139,56,35,19,8.255
2速1力1根1智1友,13668629956359179165,63220,UA9,3337,1161,2200,1748,1320,8037,2250,5400,7500,3,1,6,10,11,0/2/3,5/6/9,15/16/19,8,16,13,0,2,3,1,0,0,0,39,39,47,5,0,1,22,24,24,13,12,15,7,2,4,160,120,104,44,51,26,8.002
2速1力1根1智1友,18183500136411671756,65548,US2,3337,1071,2200,1809,1759,8433,2250,6000,8250,3,1,6,11,12,0/2/3,5/6/9,15/16/19,7,16,15,0,2,3,1,0,0,0,36,46,49,2,0,0,22,24,24,11,18,17,5,7,5,159,123,118,49,38,29,8.123
2速1力1根1智1友,13043539601275430470,63131,UA9,3337,1327,2200,1236,1544,8290,2250,5400,7500,3,1,6,10,11,0/2/3,5/6/9,15/16/19,13,15,14,0,2,3,1,0,0,0,42,46,46,7,3,0,22,24,24,15,17,15,9,7,4,154,182,115,44,82,29,8.125
2速1力1根1智1友,6919536821600822662,61607,UA7,3337,1170,2200,1306,1415,8097,2250,6000,6750,3,1,6,11,10,0/2/3,5/6/9,15/16/19,9,16,11,0,2,3,1,0,0,0,40,47,46,5,2,1,22,24,24,11,16,18,5,5,8,154,158,127,56,55,31,8.039
2速1力1根1智1友,5102690491300876616,65559,US2,3337,1415,2200,835,2154,8547,2700,6000,7500,3,1,7,11,11,0/2/3,5/6/9,15/16/19,9,16,14,0,2,3,1,0,0,1,39,47,49,2,0,0,22,24,24,13,19,17,6,8,6,136,133,119,38,43,26,8.330
2速1力1根1智1友,3136696746586301115,64433,US1,3337,1067,2133,1498,1906,8155,2700,5400,7500,3,1,7,10,11,0/2/3,5/6/9,15/16/19,7,18,13,0,2,3,1,0,0,0,39,44,47,2,0,0,22,24,24,14,18,18,7,8,7,150,133,120,33,37,30,12.283
2速1力1根1智1友,3648686734374397217,72295,US7,3337,1023,2050,2102,2445,9056,2250,6600,8250,3,1,6,12,12,0/2/3,5/6/9,15/16/19,8,18,16,0,2,3,1,0,0,0,37,49,51,2,0,0,22,24,24,10,17,15,4,5,3,161,138,121,55,36,22,8.227
2速1力1根1智1友,545787674583846725,62401,UA8,3337,1209,2200,1580,1351,8227,2700,5400,7500,3,1,7,10,11,0/2/3,5/6/9,15/16/19,11,15,15,0,2,3,1,0,0,0,40,46,49,1,3,2,22,24,24,11,15,15,4,5,4,131,160,109,41,58,26,8.987
2速1力1根1智1友,6669606224840446605,62254,UA8,3337,1245,2200,1367,1563,8176,2250,6000,7500,3,1,6,11,11,0/2/3,5/6/9,15/16/19,13,15,12,0,2,3,1,0,0,0,40,47,46,5,0,0,22,24,24,12,18,17,6,7,6,169,144,105,48,47,26,8.119
2速1力1根1智1友,4745587715157945080,63885,US,3337,1175,2200,1417,1708,8442,2700,6600,7500,3,1,7,12,11,0/2/3,5/6/9,15/16/19,10,17,15,0,2,3,1,0,0,0,39,47,47,0,0,1,22,24,24,9,18,16,2,6,5,133,142,94,44,51,28,8.255
2速1力1根1智1友,17472275711475839850,66645,US3,3337,1232,2200,1577,2020,8205,2700,6000,7500,3,1,7,11,11,0/2/3,5/6/9,15/16/19,10,16,14,0,2,3,1,0,0,0,37,46,49,2,0,0,22,24,24,14,17,18,7,6,7,137,133,133,30,35,30,8.306
3速1耐1智1友,629043073733893910,65609,US2,3337,2240,1602,1327,1591,8669,3150,4800,6750,3,1,8,9,10,0/1/4,5/7/9,15/17/18,12,14,12,0,2,3,1,0,1,0,41,43,44,0,1,0,22,24,24,18,20,18,10,11,8,127,150,105,23,58,24,6.986
3速1耐1智1友,8768282885323408052,68832,US4,3337,2102,2142,1259,1492,9094,3150,5400,7500,3,1,8,10,11,0/1/4,5/7/9,15/17/18,12,12,12,0,2,3,1,0,0,0,41,42,49,0,3,0,22,24,24,11,17,19,3,7,8,82,148,113,23,59,32,8.061
3速1耐1智1友,16060787933921341429,64580,US1,3337,1788,1572,1254,1881,8923,2700,5400,7500,3,1,7,10,11,0/1/4,5/7/9,15/17/18,6,15,14,0,2,3,1,0,0,0,38,40,47,0,3,0,22,24,24,14,17,16,7,7,5,120,146,112,24,30,20,8.073
3速1耐1智1友,15060921700547104828,66842,US3,3337,1951,1948,1147,1746,8971,2700,4800,7500,3,1,7,9,11,0/1/4,5/7/9,15/17/18,12,15,15,0,2,3,1,0,0,0,40,37,45,4,0,0,22,24,24,18,18,16,11,9,5,148,148,106,34,76,33,7.921
3速1耐1智1友,14422304013786718270,69369,US5,3337,2094,2138,1154,1837,9022,2700,4800,8250,3,1,7,9,12,0/1/4,5/7/9,15/17/18,9,13,14,0,2,3,1,0,0,0,39,37,47,1,1,0,22,24,24,13,16,16,6,7,4,125,184,113,36,100,23,8.217
3速1耐1智1友,17094371399240447406,70921,US6,3337,2400,1985,1468,1483,9244,3150,5400,8250,3,1,8,10,12,0/1/4,5/7/9,15/17/18,11,13,14,0,2,3,1,0,0,1,40,39,48,0,0,0,22,24,24,11,21,19,3,11,7,98,151,123,26,66,28,8.315
3速1耐1智1友,1812424523458808425,65259,US2,3337,1699,2200,1112,1534,8928,3150,6000,6750,3,1,8,11,10,0/1/4,5/7/9,15/17/18,12,16,12,0,2,3,1,0,0,1,39,44,43,0,0,0,22,24,24,12,17,17,4,6,7,98,126,105,22,36,17,8.322
3速1耐1智1友,10930590717774989767,68887,US4,3337,1856,2129,1168,1961,9509,3150,4800,7500,3,1,8,9,11,0/1/4,5/7/9,15/17/18,12,14,15,0,2,3,1,0,0,0,40,34,49,1,0,0,22,24,24,13,15,15,5,6,4,123,109,123,31,36,34,13.868
3速1耐1智1友,8314082825369582027,67138,US3,3337,1922,1606,1440,1919,8840,3150,6000,7500,3,1,8,11,11,0/1/4,5/7/9,15/17/18,12,14,14,0,2,3,1,0,0,0,42,45,47,3,2,0,22,24,24,15,17,18,7,6,7,132,160,112,51,45,24,6.760
3速1耐1智1友,6914370674582490778,67371,US3,3337,2042,1500,1278,2174,8854,3150,5400,7500,3,1,8,10,11,0/1/4,5/7/9,15/17/18,13,16,13,0,2,3,1,0,0,1,42,41,47,3,2,2,22,24,24,15,18,17,7,8,6,151,172,115,55,73,28,10.731
3速1耐1智1友,12207073882588724863,67035,US3,3337,1955,1857,1421,1728,9002,3150,5400,7500,3,1,8,10,11,0/1/4,5/7/9,15/17/18,8,13,13,0,2,3,1,0,0,1,39,40,48,0,0,0,22,24,24,9,18,17,1,8,6,89,111,121,20,34,36,9.029
3速1耐1智1友,2654013965472158292,66411,US3,3337,1784,1812,1194,2005,8905,3150,6000,7500,3,1,8,11,11,0/1/4,5/7/9,15/17/18,10,17,13,0,2,3,1,0,0,0,39,42,46,2,0,0,22,24,24,13,15,17,5,4,6,130,119,115,37,32,24,8.295
3速1耐1智1友,440148107625168777,69062,US5,3337,1864,2081,1175,1877,9326,3150,4800,8250,3,1,8,9,12,0/1/4,5/7/9,15/17/18,8,16,13,0,2,3,1,0,0,1,40,37,48,0,1,0,22,24,24,10,19,19,2,10,7,97,126,131,25,31,30,18.783
3速1耐1智1友,9988078749148388561,67352,US3,3337,2232,1833,1357,1510,8685,3150,4200,7500,3,1,8,8,11,0/1/4,5/7/9,15/17/18,8,12,13,0,2,3,1,0,0,1,39,39,47,2,5,0,22,24,24,15,20,20,7,12,9,123,191,143,32,84,26,15.265
3速1耐1智1友,16104604929118127557,73831,US8,3337,2362,1766,1522,2124,9365,2700,5400,8250,3,1,7,10,12,0/1/4,5/7/9,15/17/18,9,16,15,0,2,3,1,0,0,2,39,46,50,3,2,0,22,24,24,13,13,20,6,3,8,138,157,146,53,47,42,19.062
3速1耐1智1友,6555031510523913060,64824,US1,3337,2174,1716,1303,1365,8573,2700,4800,6750,3,1,7,9,10,0/1/4,5/7/9,15/17/18,8,15,12,0,2,3,1,0,0,2,39,40,47,1,0,1,22,24,24,12,19,21,5,10,11,125,161,129,40,71,28,9.284
3速1耐1智1友,2329401514784269453,66313,US2,3337,1905,2044,1301,1680,8632,2250,4800,8250,3,1,6,9,12,0/1/4,5/7/9,15/17/18,7,16,13,0,2,3,1,0,2,0,38,41,49,4,2,0,22,24,24,16,19,21,10,10,9,156,187,123,45,91,33,8.288
3速1耐1智1友,7028839741688201841,69357,US5,3337,2154,1956,1439,1783,9019,3600,5400,7500,3,1,9,10,11,0/1/4,5/7/9,15/17/18,12,14,13,0,2,3,1,0,0,2,41,41,45,0,0,0,22,24,24,12,21,15,3,11,4,104,170,104,30,69,24,12.326
3速1耐1智1友,16159852474685896561,65974,US2,3337,1761,2181,1275,1581,8744,3150,5400,7500,3,1,8,10,11,0/1/4,5/7/9,15/17/18,10,13,12,0,2,3,1,0,0,0,39,43,46,0,2,0,22,24,24,15,22,18,7,12,7,120,166,137,30,77,32,13.299
3速1耐1智1友,6857380040556331631,65885,US2,3337,1740,2200,1139,1729,8668,2700,6000,7500,3,1,7,11,11,0/1/4,5/7/9,15/17/18,9,16,14,0,2,3,1,0,0,1,40,45,47,0,2,0,22,24,24,16,20,19,9,9,8,111,151,113,33,31,13,9.503
3速1耐1智1友,4127660543929557124,67346,US3,3337,2131,2081,1203,1448,8847,3150,4800,7500,3,1,8,9,11,0/1/4,5/7/9,15/17/18,14,13,11,0,2,3,1,0,0,2,41,35,48,0,0,0,22,24,24,12,21,22,4,12,11,96,155,126,28,66,23,8.484
3速1耐1智1友,1492298757704932576,65938,US2,3337,1597,2200,1125,1718,9135,3150,5400,7500,3,1,8,10,11,0/1/4,5/7/9,15/17/18,10,16,13,0,2,3,1,0,0,0,41,41,47,0,0,0,22,24,24,13,15,15,5,5,4,138,110,90,61,40,20,13.107
3速1耐1智1友,16405733229992110180,67176,US3,3337,1871,1877,1220,2000,8941,3150,5400,7500,3,1,8,10,11,0/1/4,5/7/9,15/17/18,12,14,13,0,2,3,1,0,0,0,41,43,49,0,0,2,22,24,24,13,18,17,5,8,6,121,119,135,36,40,33,8.369
3速1耐1智1友,18015856339871845195,67164,US3,3337,2257,2177,1250,1165,8810,2700,5400,7500,3,1,7,10,11,0/1/4,5/7/9,15/17/18,8,16,11,0,2,3,1,0,0,2,39,46,45,3,3,0,22,24,24,14,17,17,7,7,6,140,174,112,38,62,28,9.059
3速1耐1智1友,6354153498523880453,67811,US4,3337,1850,1773,1243,2146,9085,3150,5400,7500,3,1,8,10,11,0/1/4,5/7/9,15/17/18,10,15,11,0,2,3,1,0,0,0,39,45,43,0,1,0,22,24,24,14,20,16,6,10,5,119,174,111,23,54,28,13.510
3速1耐1智1友,1122563663044041126,68127,US4,3337,2061,1857,1242,1860,9213,3150,6000,7500,3,1,8,11,11,0/1/4,5/7/9,15/17/18,13,13,14,0,2,3,1,0,0,0,42,46,47,0,1,0,22,24,24,11,19,16,3,8,5,137,131,101,30,33,23,4.463
3速1耐1智1友,14219712984175702860,67807,US4,3337,2279,2200,1295,1051,9022,3150,4800,7500,3,1,8,9,11,0/1/4,5/7/9,15/17/18,11,14,13,0,2,3,1,0,0,0,42,38,47,0,0,0,22,24,24,9,21,15,1,12,4,93,152,97,19,57,17,8.733
3速1耐1智1友,11233236681312204607,69120,US5,3337,2271,1958,1324,1599,8907,3150,4800,8250,3,1,8,9,12,0/1/4,5/7/9,15/17/18,13,14,13,0,2,3,1,0,0,0,41,40,47,0,3,0,22,24,24,15,18,17,7,9,5,124,161,108,37,55,29,12.449
3速1耐1智1友,6099973615602642658,67494,US3,3337,1897,2200,1299,1688,8709,2700,5400,7500,3,1,7,10,11,0/1/4,5/7/9,15/17/18,9,14,13,0,2,3,1,0,0,0,41,39,48,1,1,1,22,24,24,13,15,18,6,5,7,111,151,110,26,59,20,8.511
3速1耐1智1友,12474656534408678991,65866,US2,3337,1699,2152,1136,1741,8903,3150,6000,7500,3,1,8,11,11,0/1/4,5/7/9,15/17/18,9,15,13,0,2,3,1,0,0,0,40,45,49,0,1,2,22,24,24,11,21,17,3,10,6,108,159,125,23,44,21,8.874
3速1耐1智1友,14512315890003741748,63887,US,3337,1552,2200,1134,1504,8649,2700,5400,8250,3,1,7,10,12,0/1/4,5/7/9,15/17/18,12,16,14,0,2,3,1,0,0,1,41,45,48,1,2,0,22,24,24,12,20,16,5,10,4,142,145,92,44,50,23,9.368
3速1耐1智1友,9035267875552578148,67817,US4,3337,1891,2200,1294,1765,8670,3150,4800,8250,3,1,8,9,12,0/1/4,5/7/9,15/17/18,9,13,14,0,2,3,1,0,0,1,38,39,49,0,0,0,22,24,24,8,15,20,0,6,8,77,138,108,20,46,31,8.639
3速1耐1智1友,7664756621628122507,68803,US4,3337,2240,1953,1296,1761,8793,3150,5400,7500,3,1,8,10,11,0/1/4,5/7/9,15/17/18,14,12,16,0,2,3,1,0,0,1,43,39,51,0,0,3,22,24,24,13,14,17,5,4,6,116,101,124,30,29,22,12.702
3速1耐1智1友,8848920465470673387,68250,US4,3337,2025,1821,1277,2053,8873,3150,6000,7500,3,1,8,11,11,0/1/4,5/7/9,15/17/18,11,14,13,0,2,3,1,0,0,2,40,44,48,1,0,0,22,24,24,14,18,18,6,7,7,115,142,123,36,43,29,8.323
3速1耐1智1友,4117836946372357454,73438,US8,3337,2400,2087,1544,1817,9391,2700,6600,7500,3,1,7,12,11,0/1/4,5/7/9,15/17/18,10,14,13,0,2,3,1,0,0,0,39,45,48,2,0,0,22,24,24,14,16,15,7,4,4,147,129,104,47,38,30,8.490
3速1耐1智1友,15294807928873932370,66555,US3,3337,1925,1924,1179,1891,8710,3150,5400,7500,3,1,8,10,11,0/1/4,5/7/9,15/17/18,9,15,14,0,2,3,1,0,0,1,42,43,48,0,0,0,22,24,24,11,15,15,3,5,4,141,157,89,62,63,22,8.332
3速1耐1智1友,3991869760242077988,69603,US5,3337,2018,2155,1218,1897,9036,2700,5400,7500,3,1,7,10,11,0/1/4,5/7/9,15/17/18,11,14,15,0,2,3,1,0,0,1,40,42,48,2,0,0,22,24,24,14,20,17,7,10,6,146,147,113,38,42,23,8.373
3速1耐1智1友,10330337446676540856,67425,US3,3337,1873,2152,1136,1733,9094,2700,4800,7500,3,1,7,9,11,0/1/4,5/7/9,15/17/18,10,14,14,0,2,3,1,0,0,0,39,43,46,1,6,0,22,24,24,15,23,16,8,14,5,124,183,128,31,93,30,8.636
3速1耐1智1友,1797348687423034362,64129,US,3337,1577,2012,1020,1843,8586,2700,6000,7500,3,1,7,11,11,0/1/4,5/7/9,15/17/18,12,15,12,0,2,3,1,0,0,3,41,46,44,1,3,0,22,24,24,16,19,17,9,8,6,137,169,114,43,70,23,8.293
3速1耐1智1友,11621206309904996806,63171,UA9,3337,1806,2200,1133,1244,8350,3600,4200,6750,3,1,9,8,10,0/1/4,5/7/9,15/17/18,9,13,12,0,2,3,1,0,0,0,41,37,43,0,4,0,22,24,24,13,17,17,4,9,7,119,145,113,25,42,24,8.417
2速2耐1智1友,13136923680609062800,67243,US3,3337,2363,1623,1616,1502,8508,3600,5400,6750,3,1,9,10,10,0/1/4,5/7/9,15/17/19,13,13,15,0,2,3,1,0,0,0,41,42,46,0,1,3,22,24,24,15,17,17,6,7,7,108,168,138,22,62,26,12.888
2速2耐1智1友,10268505724194551184,64676,US1,3337,1805,1623,1509,1895,8278,2700,6000,7500,3,1,7,11,11,0/1/4,5/7/9,15/17/19,7,14,12,0,2,3,1,0,0,0,37,44,47,0,2,0,22,24,24,8,19,19,1,8,8,108,136,150,33,36,34,13.086
2速2耐1智1友,979166068399675838,69566,US5,3337,2400,1458,1803,1734,8772,3600,5400,6000,3,1,9,10,9,0/1/4,5/7/9,15/17/19,15,14,15,0,2,3,1,0,0,0,43,43,44,0,1,6,22,24,24,15,17,17,6,7,8,125,133,156,26,26,31,8.338
2速2耐1智1友,5384244577853244818,66977,US3,3337,2237,1526,1757,1552,8455,2700,5400,7500,3,1,7,10,11,0/1/4,5/7/9,15/17/19,7,13,12,0,2,3,1,0,0,0,37,38,47,0,0,0,22,24,24,15,18,18,8,8,7,134,145,136,65,50,31,8.161
2速2耐1智1友,12251328179022333464,72753,US7,3337,2400,1458,1708,2145,8857,3150,5400,7500,3,1,8,10,11,0/1/4,5/7/9,15/17/19,12,13,15,0,2,3,1,0,0,0,41,44,45,0,3,1,22,24,24,18,16,16,10,6,5,145,165,130,40,64,37,9.029
2速2耐1智1友,1656113621800724963,68840,US4,3337,2273,1463,1764,1895,8667,3150,5400,8250,3,1,8,10,12,0/1/4,5/7/9,15/17/19,12,12,14,0,2,3,1,0,0,0,40,41,47,0,0,1,22,24,24,9,17,18,1,7,6,107,111,125,26,37,31,12.928
2速2耐1智1友,3923396113403412770,70434,US6,3337,2400,1399,1735,1924,8747,3150,4800,6750,3,1,8,9,10,0/1/4,5/7/9,15/17/19,13,15,13,0,2,3,1,0,0,0,41,41,40,0,3,0,22,24,24,11,14,14,3,5,4,123,162,95,43,66,26,8.988
2速2耐1智1友,2111078420928874467,64120,US,3337,2138,1406,1446,1739,8077,2700,4800,7500,3,1,7,9,11,0/1/4,5/7/9,15/17/19,10,13,14,0,2,3,1,0,0,0,42,37,47,4,1,1,22,24,24,16,12,18,9,3,7,128,159,140,35,66,37,9.159
2速1耐1力1智1友,9911414144053335317,65420,US2,3337,1868,1889,1137,1787,8452,2700,5400,7500,3,1,7,10,11,0/1/2,5/8/9,15/17/18,9,15,13,0,2,3,1,0,0,1,39,40,44,0,0,0,22,24,24,12,16,18,5,6,7,103,116,109,32,28,30,4.074
2速1耐1力1智1友,8688556683124149608,68603,US4,3337,2193,2200,1104,1509,8954,3150,6000,7500,3,1,8,11,11,0/1/2,5/8/9,15/17/18,12,13,15,0,2,3,1,0,0,0,43,41,48,3,0,0,22,24,24,16,20,16,8,9,5,134,108,136,34,28,38,12.373
2速1耐1力1智1友,16121860379797054444,67458,US3,3320,1883,1870,1133,2170,8750,1800,5400,8250,3,1,5,10,12,0/1/2,5/8/9,15/17/18,9,15,14,0,2,3,1,0,1,0,38,42,49,8,0,0,22,24,24,15,18,20,10,8,8,150,125,116,39,31,30,4.074
2速1耐1力1智1友,7293265783375110738,66953,US3,2932,2400,2107,1240,1731,8663,2700,6000,6750,3,1,7,11,10,0/1/2,5/8/9,15/17/18,12,15,15,0,2,3,1,0,0,0,41,44,44,3,0,0,22,24,24,15,18,16,8,7,6,137,125,123,42,32,40,16.850
2速1耐1力1智1友,946554971056627743,65888,US2,3337,1736,2200,1041,1689,8725,2700,5400,8250,3,1,7,10,12,0/1/2,5/8/9,15/17/18,8,15,16,0,2,3,1,0,0,0,40,44,49,0,3,0,22,24,24,13,21,17,6,11,5,127,153,118,46,49,32,8.224
2速1耐1力1智1友,8978104039875527063,68204,US4,3337,1859,2200,927,2064,8729,2700,5400,7500,3,1,7,10,11,0/1/2,5/8/9,15/17/18,9,16,14,0,2,3,1,0,1,0,39,44,48,3,0,0,22,24,24,11,17,20,4,7,9,137,108,130,47,36,30,4.734
2速1耐1力1智1友,5387518644736708418,64034,US,3337,1718,2200,1023,1583,8360,2700,5400,6750,3,1,7,10,10,0/1/2,5/8/9,15/17/18,7,14,14,0,2,3,1,0,0,0,38,38,44,3,0,1,22,24,24,14,18,17,7,8,7,137,117,115,49,38,25,12.181
2速1耐1力1智1友,17686415128779342464,62997,UA9,2993,2219,2148,1141,1536,8075,3150,6000,6750,3,1,8,11,10,0/1/2,5/8/9,15/17/18,11,15,13,0,2,3,1,0,0,0,42,42,42,2,0,0,22,24,24,19,17,18,11,6,8,155,106,111,43,32,24,8.254
2速1耐1力1智1友,10126973330263178227,67342,US3,3337,2050,2200,1162,1474,8614,2700,6600,7500,3,1,7,12,11,0/1/2,5/8/9,15/17/18,9,16,13,0,2,3,1,0,1,1,39,47,47,4,0,0,22,24,24,20,17,19,13,5,8,157,105,122,62,34,22,8.445
2速1耐1力1智1友,10481979964186605226,66761,US3,3314,1936,1849,1301,1924,8482,2700,5400,8250,3,1,7,10,12,0/1/2,5/8/9,15/17/18,10,13,13,0,2,3,1,0,0,1,38,39,48,0,1,0,22,24,24,13,19,21,6,9,9,93,121,108,21,34,27,9.182
2速1耐1力1智1友,12628340336937743942,67953,US4,3337,2139,2175,1189,1593,8475,3150,5400,7500,3,1,8,10,11,0/1/2,5/8/9,15/17/18,12,14,14,0,2,3,1,0,0,1,41,40,46,0,0,0,22,24,24,15,23,16,7,13,5,139,148,104,41,57,27,14.698
2速1耐1力1智1友,10352022197768898125,67576,US3,3337,2170,1834,1206,1810,8612,3150,5400,8250,3,1,8,10,12,0/1/2,5/8/9,15/17/18,8,15,14,0,2,3,1,0,0,1,39,46,50,0,2,0,22,24,24,11,22,20,3,12,8,106,155,105,42,56,23,8.842
2速1耐1力1智1友,3599495556035244109,68353,US4,3337,2389,2049,1259,1369,8761,2700,6000,7500,3,1,7,11,11,0/1/2,5/8/9,15/17/18,11,14,13,0,2,3,1,0,0,2,41,44,45,2,0,0,22,24,24,14,21,14,7,10,3,144,139,95,49,54,16,13.063
2速1耐1力1智1友,16934000619961919811,61512,UA7,3337,1532,2094,994,1587,8162,2700,3600,6750,3,1,7,7,10,0/1/2,5/8/9,15/17/18,10,13,13,0,2,3,1,0,2,1,41,30,42,3,0,0,22,24,24,18,21,15,11,14,5,137,151,112,31,78,42,7.991
2速1耐1力1智1友,15093387851396292029,66917,US3,3337,2250,2044,1136,1583,8520,2700,6000,7500,3,1,7,11,11,0/1/2,5/8/9,15/17/18,10,15,14,0,1,4,1,0,0,1,39,46,44,0,1,0,22,24,24,11,21,17,4,10,6,121,169,106,33,74,30,12.436
2速1耐1力1智1友,10338131172139316354,72207,US7,3337,2113,2200,990,2252,9151,3150,5400,9000,3,1,8,10,13,0/1/2,5/8/9,15/17/18,8,16,16,0,2,3,1,0,0,0,39,37,52,1,0,0,22,24,24,17,16,17,9,6,4,148,103,109,36,33,31,8.437
2速1耐1力1智1友,13845730938497665862,68891,US4,3337,2034,2127,1091,1885,8936,3150,4800,7500,3,1,8,9,11,0/1/2,5/8/9,15/17/18,12,15,15,0,2,3,1,0,0,2,40,39,49,1,3,1,22,24,24,17,20,17,9,11,6,143,142,122,48,53,23,8.769
2速1耐1力1智1友,14604065470559052824,66093,US2,3337,2085,2200,961,1545,8716,2250,6000,6750,3,1,6,11,10,0/1/2,5/8/9,15/17/18,10,15,13,0,2,3,1,0,0,0,41,47,45,7,0,0,22,24,24,13,19,15,7,8,5,151,146,119,44,57,20,8.331
2速1耐1力1智1友,4249026709845161017,65914,US2,3253,2352,2200,1067,1184,8484,3150,5400,7500,3,1,8,10,11,0/1/2,5/8/9,15/17/18,10,15,13,0,2,3,1,0,0,2,39,42,47,0,0,0,22,24,24,16,19,18,8,9,7,128,128,111,47,32,23,12.978
2速1耐1力1智1友,7800930802499416562,65769,US2,3158,2400,1992,1235,1348,8493,3150,5400,7500,3,1,8,10,11,0/1/2,5/8/9,15/17/18,14,13,15,0,2,3,1,0,1,0,42,42,43,0,0,0,22,24,24,10,20,20,2,10,9,123,112,124,45,43,33,12.632
2速1耐1力1智1友,17608638309325615776,65506,US2,3272,2030,2187,1139,1571,8451,2700,4800,7500,3,1,7,9,11,0/1/2,5/8/9,15/17/18,10,14,12,0,1,4,1,0,0,2,39,38,48,3,0,1,22,24,24,15,20,19,8,11,8,148,154,140,40,46,36,8.184
2速1耐1力1智1友,10394069053041966155,67698,US3,3337,1780,2114,958,2150,8675,3150,6000,7500,3,1,8,11,11,0/1/2,5/8/9,15/17/18,12,14,14,0,2,3,1,0,0,3,40,42,48,2,0,0,22,24,24,16,18,17,8,7,6,135,106,116,43,33,29,8.604
2速1耐1力1智1友,9505798510517617013,62621,UA9,2926,2295,2200,1207,1313,8129,2250,5400,7500,3,1,6,10,11,0/1/2,5/8/9,15/17/18,5,14,14,0,2,3,1,0,0,2,38,44,46,3,2,0,22,24,24,12,22,17,6,12,6,145,167,142,62,74,25,8.331
2速1耐1力1智1友,5258860545691885857,64661,US1,3337,1977,2200,1195,1259,8269,2700,4800,7500,3,1,7,9,11,0/1/2,5/8/9,15/17/18,6,16,12,0,2,3,1,0,2,0,37,38,47,0,0,0,22,24,24,13,13,17,6,4,6,113,114,105,27,56,24,8.782
2速1耐1力1智1友,13077537494221533723,69096,US5,3337,2400,2200,1110,1547,8606,2700,6000,7500,3,1,7,11,11,0/1/2,5/8/9,15/17/18,12,14,14,0,2,3,1,0,0,2,41,46,46,1,0,0,22,24,24,17,18,18,10,7,7,125,125,125,31,23,29,8.912
2速1耐1力1智1友,2236228088840252968,65853,US2,3228,2202,2135,1156,1635,8419,3150,5400,7500,3,1,8,10,11,0/1/2,5/8/9,15/17/18,12,12,12,0,2,3,1,0,0,0,43,43,46,2,0,0,22,24,24,18,18,21,10,8,10,143,110,147,47,13,32,8.256
2速1耐1力1智1友,14701787775658071800,65692,US2,3337,2060,2047,1129,1604,8522,2700,5400,7500,3,1,7,10,11,0/1/2,5/8/9,15/17/18,7,17,14,0,2,3,1,0,2,0,40,46,45,3,2,0,22,24,24,15,20,17,8,10,6,159,155,108,54,59,30,8.612
2速1耐1力1智1友,2650418865368636329,67987,US4,3188,2348,1755,1311,1949,8637,2700,5400,6750,3,1,7,10,10,0/1/2,5/8/9,15/17/18,9,14,14,0,2,3,1,0,0,0,39,40,40,0,0,0,22,24,24,16,21,16,9,11,6,125,141,111,35,58,34,8.327
2速1耐1力1智1友,5394707022862222476,63230,UA9,3337,1746,2200,962,1579,8324,2700,5400,8250,3,1,7,10,12,0/1/2,5/8/9,15/17/18,6,10,15,0,2,3,1,0,0,2,38,40,48,3,2,0,22,24,24,15,23,18,8,13,6,135,170,120,40,66,20,8.500
2速1耐1力1智1友,3868737481083764226,67088,US3,3194,2127,2200,1191,1816,8437,2700,6000,7500,3,1,7,11,11,0/1/2,5/8/9,15/17/18,10,16,12,0,2,3,1,0,1,0,39,42,47,0,0,0,22,24,24,13,20,15,6,9,4,99,108,108,21,33,35,10.097
2速1耐1力1智1友,13180395818489680497,67562,US3,3337,1924,2066,1009,2103,8557,2700,6000,7500,3,1,7,11,11,0/1/2,5/8/9,15/17/18,10,15,15,0,2,3,1,0,0,4,39,44,49,2,1,1,22,24,24,13,19,20,6,8,9,141,123,141,43,36,37,9.023
2速1耐1力1智1友,1859815189727739615,64633,US1,3083,2216,2136,1074,1747,8183,3150,5400,6750,3,1,8,10,10,0/1/2,5/8/9,15/17/18,12,11,13,0,2,3,1,0,0,2,41,39,46,1,0,2,22,24,24,16,15,16,8,5,6,126,92,123,31,21,31,9.634
3速1耐1智1友,8907572125518866713,68554,US4,3337,1515,2050,1029,2261,9446,3150,6000,8250,3,1,8,11,12,0/1/4,5/7/9,15/17/18,12,15,16,0,2,3,1,0,0,0,39,45,51,0,0,0,22,24,24,12,19,16,4,8,4,92,126,102,14,37,21,8.725
3速1耐1智1友,83619048217422812,65784,US2,3337,2264,1611,1350,1452,8410,2700,5400,7500,3,1,7,10,11,0/1/4,5/7/9,15/17/18,11,16,13,0,2,3,1,0,0,0,40,45,46,3,3,0,22,24,24,15,14,15,8,4,4,128,177,108,30,73,30,8.229
3速1耐1智1友,3744853860351348949,66164,US2,3337,2236,1626,1340,1627,8519,2700,5400,7500,3,1,7,10,11,0/1/4,5/7/9,15/17/18,9,17,15,0,2,3,1,0,0,2,41,37,49,1,0,0,22,24,24,14,16,18,7,6,7,117,101,128,36,32,23,13.075
3速1耐1智1友,12822520637611681898,65037,US1,3337,1857,1853,1140,1739,8880,3150,6000,7500,3,1,8,11,11,0/1/4,5/7/9,15/17/18,11,16,10,0,2,3,1,0,0,1,40,45,47,0,1,1,22,24,24,10,19,19,2,8,8,90,153,125,20,58,31,8.383
3速1耐1智1友,17674833888936542936,71123,US6,3337,2400,2200,1709,1069,9140,3150,6000,7500,3,1,8,11,11,0/1/4,5/7/9,15/17/18,11,16,13,0,2,3,1,0,0,1,40,46,47,1,0,0,22,24,24,16,19,19,8,8,8,131,140,102,27,45,25,13.293
3速1耐1智1友,13169306746012909259,65080,US1,3337,1814,1929,1458,1492,8659,2700,4800,7500,3,1,7,9,11,0/1/4,5/7/9,15/17/18,8,15,13,0,1,4,1,0,0,2,40,45,47,2,3,0,22,24,24,14,17,19,7,8,8,143,183,117,33,70,36,9.510
3速1耐1智1友,14172525348406495166,67212,US3,3337,2155,1673,1442,1652,8816,2700,6000,6750,3,1,7,11,10,0/1/4,5/7/9,15/17/18,12,15,11,0,2,3,1,0,0,3,40,42,46,1,0,1,22,24,24,14,16,21,7,5,11,130,125,123,55,46,29,14.430
3速1耐1智1友,5265586003086961122,64530,US1,3337,1888,1580,1384,1841,8628,2700,4800,6750,3,1,7,9,10,0/1/4,5/7/9,15/17/18,9,15,15,0,2,3,1,0,0,0,39,41,48,0,4,6,22,24,24,16,21,17,9,12,7,126,162,139,37,70,39,10.323
3速1耐1智1友,7049684649873088196,68660,US4,3337,2011,1911,1324,1873,9032,3150,4800,7500,3,1,8,9,11,0/1/4,5/7/9,15/17/18,10,16,14,0,2,3,1,0,0,0,42,43,48,5,5,1,22,24,24,16,15,20,8,6,9,144,185,127,51,95,33,13.431
3速1耐1智1友,12211227856973240230,69764,US5,3337,2400,1959,1367,1575,9093,3150,4800,6750,3,1,8,9,10,0/1/4,5/7/9,15/17/18,14,16,14,0,2,3,1,0,0,1,42,43,46,1,3,3,22,24,24,12,21,15,4,12,5,122,162,109,26,57,30,9.240
3速1耐1智1友,3576291035042216848,67640,US3,3337,1973,1773,1303,1973,8794,2700,6000,7500,3,1,7,11,11,0/1/4,5/7/9,15/17/18,9,16,14,0,2,3,1,0,0,0,36,43,48,1,0,2,22,24,24,12,14,16,5,3,5,115,121,127,27,28,28,9.341
3速1耐1智1友,515810923281619394,69327,US5,3337,2400,1489,1516,1929,8761,2700,4200,8250,3,1,7,8,12,0/1/4,5/7/9,15/17/18,10,17,14,0,2,3,1,0,0,0,41,37,50,5,4,0,22,24,24,19,11,16,12,3,4,162,187,123,51,106,23,8.305
3速1耐1智1友,9953595440683540417,70948,US6,3337,2132,2030,1398,1772,9284,3150,6000,8250,3,1,8,11,12,0/1/4,5/7/9,15/17/18,13,15,13,0,2,3,1,0,0,0,42,46,49,1,2,0,22,24,24,12,19,16,4,8,4,108,148,95,25,54,26,13.494
3速1耐1智1友,1931356726478086385,64741,US1,3337,1712,1842,1039,2069,8572,3150,5400,7500,3,1,8,10,11,0/1/4,5/7/9,15/17/18,10,15,12,0,2,3,1,0,0,0,39,46,46,1,3,0,22,24,24,12,19,14,4,9,3,126,148,107,33,66,29,9.017
3速1耐1智1友,9736307318139917645,65838,US2,3337,1756,1781,1178,2063,8831,3150,5400,7500,3,1,8,10,11,0/1/4,5/7/9,15/17/18,11,15,13,0,2,3,1,0,1,0,40,46,46,0,2,0,22,24,24,13,19,17,5,9,6,104,165,107,27,58,23,8.511
3速1耐1智1友,9734153768616598651,66578,US3,3337,2183,2011,1296,1316,8645,3150,4200,6750,3,1,8,8,10,0/1/4,5/7/9,15/17/18,14,14,10,0,2,3,1,0,0,4,42,36,44,0,0,0,22,24,24,11,18,17,3,10,7,98,140,112,30,67,29,8.787
3速1耐1智1友,6291682538680070305,70991,US6,3337,2365,1929,1742,1548,8900,3150,6000,8250,3,1,8,11,12,0/1/4,5/7/9,15/17/18,11,13,15,0,2,3,1,0,0,0,40,43,51,0,0,0,22,24,24,12,18,16,4,7,4,120,140,102,32,43,28,10.187
3速1耐1智1友,13916300024552100977,63317,UA9,3337,1944,1956,1312,1295,8249,3150,5400,7500,3,1,8,10,11,0/1/4,5/7/9,15/17/18,10,15,14,0,2,3,1,0,0,2,40,42,48,1,2,0,22,24,24,14,18,17,6,8,6,154,165,119,40,62,25,9.877
3速1耐1智1友,8398446635577526421,68331,US4,3337,1979,2166,1406,1514,8985,3150,5400,8250,3,1,8,10,12,0/1/4,5/7/9,15/17/18,10,13,14,0,2,3,1,0,0,0,41,40,50,0,0,0,22,24,24,14,18,17,6,8,5,118,135,101,38,41,23,8.717
3速1耐1智1友,13638799358497596951,65714,US2,3337,1710,2200,1290,1492,8780,2700,5400,7500,3,1,7,10,11,0/1/4,5/7/9,15/17/18,8,15,12,0,2,3,1,0,0,0,40,42,48,0,3,1,22,24,24,16,14,17,9,4,6,131,163,108,30,67,23,9.031
3速1耐1智1友,508954896499855249,67178,US3,3337,1905,1764,1396,1965,8652,3150,5400,7500,3,1,8,10,11,0/1/4,5/7/9,15/17/18,10,16,14,0,2,3,1,0,0,0,40,42,49,0,0,4,22,24,24,14,18,15,6,8,4,108,120,107,27,46,28,18.163
3速1耐1智1友,13766497671602639763,69193,US5,3337,2393,1662,1595,1743,8547,3150,5400,7500,3,1,8,10,11,0/1/4,5/7/9,15/17/18,12,15,15,0,2,3,1,0,0,0,39,45,49,1,2,0,22,24,24,16,19,16,8,9,5,140,169,126,42,51,42,9.402
3速1耐1智1友,8640184769083883397,69383,US5,3337,2198,1999,1496,1706,8590,3150,5400,7500,3,1,8,10,11,0/1/4,5/7/9,15/17/18,12,15,15,0,2,3,1,0,0,2,39,47,50,0,5,2,22,24,24,16,14,17,8,4,6,117,172,111,40,62,24,9.035
3速1耐1智1友,12475173743765002814,67512,US3,3337,1532,1826,1118,2445,8591,3150,6000,7500,3,1,8,11,11,0/1/4,5/7/9,15/17/18,13,17,13,0,2,3,1,0,0,0,43,46,47,0,0,1,22,24,24,11,15,16,3,4,5,102,113,131,25,37,33,13.918
3速1耐1智1友,16472020904581149368,70604,US6,3337,2265,2200,1340,1590,9090,3150,6000,7500,3,1,8,11,11,0/1/4,5/7/9,15/17/18,14,15,15,0,2,3,1,0,0,0,42,46,49,0,0,2,22,24,24,17,19,17,9,8,6,128,121,111,36,42,23,15.510
3速1耐1智1友,6328851424515459478,67147,US3,3337,2160,1880,1238,1723,8555,3150,6000,6750,3,1,8,11,10,0/1/4,5/7/9,15/17/18,7,17,11,0,2,3,1,0,0,0,39,42,45,0,0,2,22,24,24,9,19,15,1,8,5,92,158,102,22,64,22,11.001
3速1耐1智1友,5851287521937197702,65070,US1,3337,1694,2200,1088,1578,8735,3150,6000,7500,3,1,8,11,11,0/1/4,5/7/9,15/17/18,13,16,13,0,2,3,1,0,0,0,42,47,49,1,1,3,22,24,24,18,22,15,10,11,4,149,166,91,41,65,15,14.286
3速1耐1智1友,11298524560522871206,65594,US2,3337,1489,2200,980,1914,9053,3150,5400,7500,3,1,8,10,11,0/1/4,5/7/9,15/17/18,12,17,14,0,2,3,1,0,0,1,42,43,49,1,1,1,22,24,24,14,19,19,6,9,8,122,153,128,38,76,26,14.345
3速1耐1智1友,16512390768308028470,65153,US2,3337,1372,2138,1032,1995,8779,2700,5400,8250,3,1,7,10,12,0/1/4,5/7/9,15/17/18,11,15,14,0,2,3,1,0,0,1,40,41,50,2,1,0,22,24,24,12,20,18,5,10,6,132,140,102,35,56,19,10.887
3速1耐1智1友,17444393449880508178,67607,US3,3337,2288,2200,1507,1009,8446,3150,5400,6750,3,1,8,10,10,0/1/4,5/7/9,15/17/18,10,16,13,0,2,3,1,0,0,1,40,46,46,0,4,4,22,24,24,12,19,14,4,9,4,126,165,102,32,69,21,13.151
3速1耐1智1友,18024419673054008031,69455,US5,3337,2059,2070,1491,1755,8830,2700,6000,7500,3,1,7,11,11,0/1/4,5/7/9,15/17/18,9,14,13,0,2,3,1,0,0,1,39,45,47,0,0,0,22,24,24,10,15,15,3,4,4,128,148,112,33,42,28,9.358
3速1耐1智1友,14575274098485554368,63634,US,3337,1489,2059,1133,1757,8515,3150,6000,6750,3,1,8,11,10,0/1/4,5/7/9,15/17/18,11,16,13,0,2,3,1,0,0,0,43,44,46,0,0,1,22,24,24,15,16,16,7,5,6,122,138,107,37,49,20,9.185
3速1耐1智1友,412379854876416095,68292,US4,3337,2065,2050,1380,1666,8597,3150,5400,7500,3,1,8,10,11,0/1/4,5/7/9,15/17/18,11,15,14,0,2,3,1,0,0,3,41,44,48,3,1,0,22,24,24,15,15,17,7,5,6,148,119,111,44,38,26,13.922
3速1耐1智1友,17561182151688775318,68441,US4,3337,1921,2000,1342,1871,8793,2700,5400,6750,3,1,7,10,10,0/1/4,5/7/9,15/17/18,7,15,12,0,2,3,1,0,0,1,39,39,48,3,0,5,22,24,24,17,17,19,10,7,9,141,118,143,27,52,32,14.968
3速1耐1智1友,13269887754954257778,68936,US4,3337,2083,1799,1380,2010,8475,2700,6000,8250,3,1,7,11,12,0/1/4,5/7/9,15/17/18,10,14,16,0,2,3,1,0,0,0,37,41,51,0,0,1,22,24,24,10,15,14,3,4,2,104,122,108,30,27,31,9.735
3速1耐1智1友,16033479968829593125,65824,US2,3337,1981,1827,1341,1706,8470,2700,4800,8250,3,1,7,9,12,0/1/4,5/7/9,15/17/18,9,15,15,0,2,3,1,0,0,0,41,40,50,2,0,0,22,24,24,14,19,19,7,10,7,134,147,99,49,49,25,8.989
3速1耐1智1友,8299364394213579750,64540,US1,3337,1642,1831,1148,1973,8664,2700,5400,7500,3,1,7,10,11,0/1/4,5/7/9,15/17/18,7,19,15,0,2,3,1,0,0,3,37,44,49,2,2,1,22,24,24,12,11,16,5,1,5,131,162,110,32,60,19,13.220
3速1耐1智1友,16668308382705516671,66734,US3,3337,1894,2200,1310,1428,8917,3150,5400,8250,3,1,8,10,12,0/1/4,5/7/9,15/17/18,8,14,13,0,2,3,1,0,0,0,41,44,48,0,0,0,22,24,24,15,19,15,7,9,3,133,129,94,33,45,24,8.674
3速1耐1智1友,12373807751219858769,67268,US3,3337,1902,1913,1334,1890,8806,3150,6000,7500,3,1,8,11,11,0/1/4,5/7/9,15/17/18,9,16,13,0,2,3,1,0,0,0,41,45,46,0,0,0,22,24,24,12,15,15,4,4,4,129,110,105,41,36,23,8.393
3速1耐1智1友,666819520433119429,68214,US4,3337,1482,1997,1121,2328,9120,3150,5400,7500,3,1,8,10,11,0/1/4,5/7/9,15/17/18,12,16,12,0,2,3,1,0,0,0,41,45,48,2,2,1,22,24,24,15,18,15,7,8,4,147,136,140,42,41,40,8.413
3速1耐1智1友,17356584386839724401,69898,US5,3337,2130,1980,1460,1902,8955,2700,6000,8250,3,1,7,11,12,0/1/4,5/7/9,15/17/18,11,16,16,0,2,3,1,0,0,0,40,45,48,4,1,0,22,24,24,12,19,16,5,8,4,151,155,90,59,54,19,10.034
3速1耐1智1友,6746023543926400478,69574,US5,3337,1647,2200,1157,2186,9094,2700,6000,8250,3,1,7,11,12,0/1/4,5/7/9,15/17/18,10,17,15,0,2,3,1,0,0,1,40,46,50,0,1,0,22,24,24,11,18,15,4,7,3,134,132,96,35,45,24,10.938
3速1耐1智1友,14424983218843018468,69358,US5,3337,2051,2011,1454,1847,8850,2700,5400,7500,3,1,7,10,11,0/1/4,5/7/9,15/17/18,8,15,15,0,2,3,1,0,0,2,40,44,49,0,1,0,22,24,24,10,17,19,3,7,8,93,133,113,18,51,27,14.673
3速1耐1智1友,5437933206907195191,66290,US2,3337,2102,1865,1554,1463,8502,2700,6000,7500,3,1,7,11,11,0/1/4,5/7/9,15/17/18,7,16,13,0,2,3,1,0,0,0,38,46,48,0,1,1,22,24,24,15,16,18,8,5,7,134,144,107,32,37,24,13.744
3速1耐1智1友,3068968866812337905,67332,US3,3337,1952,2070,1168,1754,8775,3150,5400,7500,3,1,8,10,11,0/1/4,5/7/9,15/17/18,14,14,13,0,2,3,1,0,0,0,43,44,46,0,1,0,22,24,24,9,19,16,1,9,5,134,135,110,51,38,24,10.600
3速1耐1智1友,11589864569621262675,66795,US3,3337,2142,1614,1397,1876,8293,2700,6000,7500,3,1,7,11,11,0/1/4,5/7/9,15/17/18,10,16,12,0,2,3,1,0,0,0,40,46,47,1,0,1,22,24,24,10,17,14,3,6,3,124,127,106,37,37,27,14.172
3速1耐1智1友,290091397462104506,66688,US3,3337,2203,1762,1309,1723,8466,2700,5400,7500,3,1,7,10,11,0/1/4,5/7/9,15/17/18,7,13,14,0,2,3,1,0,0,0,38,44,49,1,1,3,22,24,24,16,16,18,9,6,7,155,163,123,48,56,31,10.392
3速1耐1智1友,10902744325531170335,63391,UA9,3337,1830,2200,1103,1129,8561,2700,4800,7500,3,1,7,9,11,0/1/4,5/7/9,15/17/18,9,14,14,0,2,3,1,0,0,0,41,44,48,1,6,2,22,24,24,13,20,17,6,11,6,134,176,120,41,78,25,4.268
3速1耐1智1友,9190319121933734310,62751,UA9,3337,1590,1987,1006,1653,8934,3150,5400,7500,3,1,8,10,11,0/1/4,5/7/9,15/17/18,9,16,14,0,2,3,1,0,0,0,43,43,48,0,0,0,22,24,24,11,21,15,3,11,4,104,161,100,25,80,25,14.596
3速1耐1智1友,6064885867156690965,61268,UA7,3337,1463,2044,938,1555,8483,2700,4200,6750,3,1,7,8,10,0/1/4,5/7/9,15/17/18,10,13,11,0,2,3,1,0,0,3,41,36,46,1,1,2,22,24,24,15,14,20,8,6,10,156,135,123,57,55,22,14.627
3速1耐1智1友,6217405479310528959,65850,US2,3337,1677,1742,1162,2124,8882,3600,6000,7500,3,1,9,11,11,0/1/4,5/7/9,15/17/18,12,15,15,0,2,3,1,0,0,0,41,46,48,0,0,0,22,24,24,12,16,14,3,5,3,111,110,86,18,36,23,15.112
3速1耐1智1友,10465138572439338571,68786,US4,3337,2095,2011,1309,1692,9045,3150,6000,8250,3,1,8,11,12,0/1/4,5/7/9,15/17/18,10,15,15,0,2,3,1,0,0,0,41,44,50,0,2,0,22,24,24,15,15,16,7,4,4,132,166,98,28,61,24,9.973
3速1耐1智1友,5234463424452071260,72351,US7,3337,2151,2030,1479,1959,9190,3150,4800,7500,3,1,8,9,11,0/1/4,5/7/9,15/17/18,14,12,13,0,2,3,1,0,0,1,41,39,49,0,0,1,22,24,24,14,17,15,6,8,4,107,168,115,19,64,33,8.571
3速1耐1智1友,18404223950868388661,68474,US4,3337,2200,1902,1439,1707,8715,3150,4200,8250,3,1,8,8,12,0/1/4,5/7/9,15/17/18,13,15,14,0,2,3,1,0,1,0,42,36,50,0,6,0,22,24,24,14,13,20,6,5,8,127,191,107,28,103,22,8.310
3速1耐1智1友,2449645654914496631,66388,US2,3337,1878,1870,1357,1860,8443,2700,6000,7500,3,1,7,11,11,0/1/4,5/7/9,15/17/18,9,15,13,0,2,3,1,0,0,0,40,42,47,1,0,1,22,24,24,12,14,17,5,3,6,129,126,114,47,43,29,13.546
3速1耐1智1友,14012394679417861779,69564,US5,3337,2019,2172,1536,1674,8736,2700,5400,7500,3,1,7,10,11,0/1/4,5/7/9,15/17/18,10,15,13,0,2,3,1,0,0,2,42,40,47,2,1,0,22,24,24,12,17,19,5,7,8,130,157,130,44,78,27,8.896
2速2耐1智1友,18160696365329833445,69065,US5,3337,2400,1498,1851,1546,8634,2700,5400,7500,3,1,7,10,11,0/1/4,5/7/9,15/17/19,11,14,14,0,2,3,1,0,0,0,39,42,46,0,1,0,22,24,24,15,14,19,8,4,8,127,148,141,42,36,53,8.491
2速2耐1智1友,11994781868868439102,68909,US4,3337,2400,1672,1811,1343,8778,2700,4800,7500,3,1,7,9,11,0/1/4,5/7/9,15/17/19,8,17,14,0,2,3,1,0,0,2,39,41,48,1,4,0,22,24,24,10,20,17,3,11,6,109,168,122,32,66,26,8.201
2速2耐1智1友,2043362709502228358,72287,US7,3337,2392,1463,1707,2172,9000,2700,6000,7500,3,1,7,11,11,0/1/4,5/7/9,15/17/19,8,16,15,0,2,3,1,0,0,2,39,46,46,1,0,0,22,24,24,11,13,14,4,2,3,128,105,123,31,24,32,8.423
2速2耐1智1友,3220542981498362225,72154,US7,3337,2400,1510,1738,2050,9052,2700,4800,7500,3,1,7,9,11,0/1/4,5/7/9,15/17/19,13,16,15,0,2,3,1,0,0,0,39,43,49,0,3,4,22,24,24,12,17,16,5,8,5,112,166,180,29,59,79,13.086
2速2耐1智1友,3767049365633285016,69347,US5,3337,2147,1695,1596,1941,8789,3150,6000,7500,3,1,8,11,11,0/1/4,5/7/9,15/17/19,5,16,16,0,2,3,1,0,0,0,39,45,48,2,0,1,22,24,24,16,13,15,8,2,4,133,117,133,33,33,24,8.821
2速2耐1智1友,14802405642237661927,69704,US5,3337,2400,1424,1882,1709,8688,2250,6000,7500,3,1,6,11,11,0/1/4,5/7/9,15/17/19,8,17,14,0,2,3,1,0,0,0,39,46,46,4,1,0,22,24,24,15,14,15,9,3,4,147,158,105,41,59,23,9.168
2速2耐1智1友,8714044271278499303,68943,US4,3329,2400,1402,1902,1689,8522,2700,4800,7500,3,1,7,9,11,0/1/4,5/7/9,15/17/19,13,16,15,0,2,3,1,0,0,0,41,41,46,3,3,0,22,24,24,11,12,16,4,3,5,126,163,116,37,78,35,8.131
2速2耐1智1友,4566858060802757187,68105,US4,3256,2362,1456,1585,1954,8435,3150,6000,6000,3,1,8,11,9,0/1/4,5/7/9,15/17/19,9,20,14,0,1,4,1,0,0,1,39,49,47,0,0,9,22,24,24,13,14,17,5,3,8,108,143,165,45,50,39,8.286
2速1耐1力1智1友,4102611265539407732,67918,US4,3337,2288,2071,1158,1406,8699,2700,6600,8250,3,1,7,12,12,0/1/2,5/8/9,15/17/18,10,18,14,0,2,3,1,0,0,0,39,48,48,1,0,0,22,24,24,11,21,17,4,9,5,109,145,95,27,67,27,8.554
2速1耐1力1智1友,4668035464839366626,67699,US3,3332,2108,2200,1053,1722,8719,2250,6000,7500,3,1,6,11,11,0/1/2,5/8/9,15/17/18,10,17,13,0,2,3,1,0,0,0,39,44,48,4,0,2,22,24,24,15,16,17,9,5,6,130,114,96,31,41,20,16.639
2速1耐1力1智1友,16208320046735635537,67949,US4,3281,1813,2097,877,2206,8859,3150,6600,6750,3,1,8,12,10,0/1/2,5/8/9,15/17/18,12,18,13,0,2,3,1,0,0,0,41,47,47,0,0,4,22,24,24,12,19,16,4,7,6,93,123,144,26,31,36,8.520
2速1耐1力1智1友,10227576497249639760,66737,US3,3337,2250,2071,1238,1381,8545,2250,5400,7500,3,1,6,10,11,0/1/2,5/8/9,15/17/18,8,16,13,0,2,3,1,0,0,1,37,42,45,3,0,0,22,24,24,17,15,17,11,5,6,152,95,103,46,25,19,8.514
2速1耐1力1智1友,9131412188676257273,67860,US4,3178,2162,2058,1369,1728,8571,2700,6600,7500,3,1,7,12,11,0/1/2,5/8/9,15/17/18,7,18,14,0,2,3,1,0,0,0,37,50,46,1,0,0,22,24,24,18,15,15,11,3,4,125,114,113,31,26,21,8.532
2速1耐1力1智1友,14504976896878593973,65576,US2,3337,2112,2037,1239,1229,8457,3150,4800,7500,3,1,8,9,11,0/1/2,5/8/9,15/17/18,11,16,14,0,2,3,1,0,0,2,42,38,47,0,0,0,22,24,24,12,21,18,4,12,7,105,125,109,25,46,19,8.619
2速1耐1力1智1友,9449824802838821889,61066,UA7,3152,1781,2200,1091,1382,8088,2700,4200,7500,3,1,7,8,11,0/1/2,5/8/9,15/17/18,12,15,13,0,2,3,1,0,1,1,41,38,47,1,1,0,22,24,24,12,19,18,5,11,7,124,119,112,29,61,20,8.568
2速1耐1力1智1友,11576509002976598184,66541,US3,3161,2204,2068,1277,1623,8522,2700,6000,7500,3,1,7,11,11,0/1/2,5/8/9,15/17/18,7,17,14,0,2,3,1,0,0,0,40,43,48,1,0,2,22,24,24,15,18,18,8,7,7,132,112,126,44,49,25,13.027
2速1耐1力1智1友,3842647775271679154,68891,US4,3173,2400,2200,1321,1524,8659,3150,6000,7500,3,1,8,11,11,0/1/2,5/8/9,15/17/18,9,17,14,0,2,3,1,0,0,0,40,44,48,1,0,0,22,24,24,12,14,17,4,3,6,124,105,122,45,33,24,8.533
2速1耐1力1智1友,16999305294792258330,64972,US1,3198,2330,2133,1352,1144,8019,2700,4800,8250,3,1,7,9,12,0/1/2,5/8/9,15/17/18,10,17,14,0,2,3,1,0,0,0,39,36,49,0,0,0,22,24,24,16,14,16,9,5,4,134,78,104,39,16,19,8.292
2速1耐1力1智1友,9333765736195219903,62795,UA9,3337,1950,2200,1000,1195,8190,2250,5400,7500,3,1,6,10,11,0/1/2,5/8/9,15/17/18,8,18,13,0,2,3,1,0,0,2,37,42,48,2,0,0,22,24,24,15,17,16,9,7,5,111,119,105,31,41,29,8.129
2速1耐1力1智1友,5929698635750101427,67147,US3,3337,2224,2200,1262,1136,8697,3600,6000,8250,3,1,9,11,12,0/1/2,5/8/9,15/17/18,13,15,15,0,2,3,1,0,0,0,42,43,50,0,2,0,22,24,24,14,22,14,5,11,2,108,152,101,23,65,29,9.073
2速1耐1力1智1友,1766494226857372044,63426,US,3247,1794,2188,1086,1481,8249,2700,5400,7500,3,1,7,10,11,0/1/2,5/8/9,15/17/18,13,15,12,0,2,3,1,0,0,0,41,47,47,2,3,0,22,24,24,13,21,18,6,11,7,117,171,109,16,79,30,4.682
2速1耐1力1智1友,17217381607911577751,66093,US2,3193,2033,2200,1240,1657,8510,2700,5400,8250,3,1,7,10,12,0/1/2,5/8/9,15/17/18,9,16,14,0,2,3,1,0,2,0,40,48,48,1,0,0,22,24,24,15,19,16,8,9,4,148,148,119,45,52,23,12.506
2速1耐1力1智1友,17555155350068825378,69025,US5,3337,1898,2200,1060,2092,8673,3150,6600,7500,3,1,8,12,11,0/1/2,5/8/9,15/17/18,11,17,14,0,2,3,1,0,0,1,41,46,47,1,0,0,22,24,24,13,18,19,5,6,8,132,117,122,32,39,20,8.895
2速1耐1力1智1友,16333758374210345284,67033,US3,3337,2144,2200,1257,1329,8497,3150,6000,7500,3,1,8,11,11,0/1/2,5/8/9,15/17/18,7,16,13,0,2,3,1,0,0,0,40,47,47,0,0,2,22,24,24,11,17,19,3,6,8,93,113,118,23,24,19,8.218
2速1耐1力1智1友,5536225294138960847,67941,US4,3232,2211,2191,1196,1693,8599,3150,6000,7500,3,1,8,11,11,0/1/2,5/8/9,15/17/18,13,15,14,0,2,3,1,0,0,0,42,46,48,2,2,1,22,24,24,17,21,16,9,10,5,132,160,114,26,63,22,8.443
2速1耐1力1智1友,7476605837936695693,68738,US4,3337,2055,2200,986,1936,8883,2700,5400,8250,3,1,7,10,12,0/1/2,5/8/9,15/17/18,13,17,15,0,2,3,1,0,0,0,43,43,49,5,0,0,22,24,24,19,21,18,12,11,6,180,136,96,50,57,26,8.551
2速1耐1力1智1友,9109815829386084430,67403,US3,3337,2246,2173,1117,1395,8441,2250,5400,8250,3,1,6,10,12,0/1/2,5/8/9,15/17/18,11,15,14,0,2,3,1,0,0,1,40,39,50,6,0,0,22,24,24,16,19,19,10,9,7,141,103,116,45,22,28,8.387
2速1耐1力1智1友,1609349604346054042,66781,US3,3337,1927,2200,1052,1685,8781,2700,6000,8250,3,1,7,11,12,0/1/2,5/8/9,15/17/18,14,16,14,0,2,3,1,0,0,0,40,43,49,1,2,0,22,24,24,15,19,17,8,8,5,126,132,105,20,36,27,13.729
2速1耐1力1智1友,9416916906217591826,69530,US5,3337,2400,2200,1261,1333,8733,3150,4800,8250,3,1,8,9,12,0/1/2,5/8/9,15/17/18,14,15,15,0,2,3,1,0,0,0,43,41,50,3,3,0,22,24,24,17,19,17,9,10,5,134,151,109,34,79,28,8.748
2速1耐1力1智1友,12734165889975096865,67780,US4,3293,2083,2200,1113,1706,8607,2700,6000,7500,3,1,7,11,11,0/1/2,5/8/9,15/17/18,12,15,14,0,2,3,1,0,0,1,41,42,49,2,0,2,22,24,24,15,19,20,8,8,9,127,115,130,30,47,29,9.685
2速1耐1力1智1友,594854993633837334,72437,US7,3337,2323,2200,1177,1798,9271,3150,6000,7500,3,1,8,11,11,0/1/2,5/8/9,15/17/18,12,17,14,0,2,3,1,0,0,0,44,45,49,0,0,2,22,24,24,14,19,15,6,8,4,133,110,124,30,32,29,13.216
2速1耐1力1智1友,16514242987457640428,64899,US1,3272,2044,2200,1075,1385,8346,2700,4800,8250,3,1,7,9,12,0/1/2,5/8/9,15/17/18,12,15,15,0,2,3,1,0,0,0,40,42,50,1,1,0,22,24,24,10,20,15,3,11,3,137,158,101,52,78,28,6.209
2速1耐1力1智1友,6732939020634481707,69968,US5,3337,2400,2119,1456,1400,8703,3150,5400,7500,3,1,8,10,11,0/1/2,5/8/9,15/17/18,11,17,15,0,2,3,1,0,0,1,41,45,50,0,3,2,22,24,24,15,21,16,7,11,5,122,168,104,22,85,25,12.733
2速1耐1力1智1友,10672285904625540791,64000,US,3337,2153,2200,1170,1000,8052,2700,5400,7500,3,1,7,10,11,0/1/2,5/8/9,15/17/18,12,16,13,0,2,3,1,0,0,3,41,43,46,1,0,0,22,24,24,13,18,19,6,8,8,122,96,109,31,27,29,14.509
2速1耐1力1智1友,9599000679609263135,64778,US1,3337,2073,2200,1085,1185,8407,2700,6000,8250,3,1,7,11,12,0/1/2,5/8/9,15/17/18,10,17,14,0,2,3,1,0,0,1,39,47,50,4,0,0,22,24,24,18,19,18,11,8,6,152,140,103,45,41,23,9.087
2速1耐1力1智1友,9480115255485009564,65082,US1,3086,1970,2200,1045,1863,8398,2700,6000,7500,3,1,7,11,11,0/1/2,5/8/9,15/17/18,9,16,15,0,2,3,1,0,0,0,39,42,50,1,0,3,22,24,24,15,20,16,8,9,5,141,136,142,37,54,39,13.984
2速1耐1力1智1友,14884334933259691180,66155,US2,3254,1830,2167,989,1967,8339,2700,6000,8250,3,1,7,11,12,0/1/2,5/8/9,15/17/18,12,17,14,0,2,3,1,0,0,0,41,46,50,5,0,0,22,24,24,17,13,19,10,2,7,156,93,127,26,16,32,10.490
2速1耐1力1智1友,4554020632432582234,67382,US3,3337,1877,2200,1147,1727,8618,3150,6600,7500,3,1,8,12,11,0/1/2,5/8/9,15/17/18,11,16,15,0,2,3,1,0,0,0,40,47,47,0,0,0,22,24,24,17,17,13,9,5,2,118,112,106,31,29,29,14.818
2速1耐1力1智1友,9337252986544210819,65228,US2,3148,2080,2133,1116,1752,8280,2700,6000,8250,3,1,7,11,12,0/1/2,5/8/9,15/17/18,8,17,14,0,2,3,1,0,0,0,39,47,50,2,2,0,22,24,24,11,20,16,4,9,4,131,152,102,31,58,28,15.605
2速1耐1力1智1友,12305419820658698995,69131,US5,3337,2212,2200,1122,1566,8845,2700,6000,8250,3,1,7,11,12,0/1/2,5/8/9,15/17/18,11,15,14,0,2,3,1,0,0,0,41,42,49,1,0,0,22,24,24,16,21,16,9,10,4,144,132,101,35,52,14,15.396
2速1耐1力1智1友,5302387463831602740,65440,US2,3337,2176,2200,1078,1181,8261,2700,6000,7500,3,1,7,11,11,0/1/2,5/8/9,15/17/18,10,15,13,0,2,3,1,0,0,0,39,45,48,1,0,0,22,24,24,12,18,20,5,7,9,146,130,117,58,51,19,9.620
2速1耐1力1智1友,1042271555672596648,65103,US2,3282,2400,2200,1099,937,8115,3150,5400,7500,3,1,8,10,11,0/1/2,5/8/9,15/17/18,12,15,14,0,2,3,1,0,0,0,41,42,48,0,0,2,22,24,24,14,17,14,6,7,3,110,109,95,34,38,23,15.265
2速1耐1力1智1友,1591322420487071182,67890,US4,3253,2344,2200,1229,1425,8431,3150,6000,7500,3,1,8,11,11,0/1/2,5/8/9,15/17/18,13,16,12,0,2,3,1,0,0,2,42,48,47,0,2,0,22,24,24,14,23,19,6,12,8,103,155,112,19,69,28,15.600
2速1耐1力1智1友,8716749202724269600,66798,US3,3337,2400,2200,1224,995,8340,2700,6000,7500,3,1,7,11,11,0/1/2,5/8/9,15/17/18,8,16,13,0,2,3,1,0,0,0,39,47,47,2,5,0,22,24,24,13,20,17,6,9,6,134,168,103,42,75,22,15.294
2速1耐1力1智1友,1764512912095166591,64085,US,3337,1627,2080,867,1864,8545,2700,5400,7500,3,1,7,10,11,0/1/2,5/8/9,15/17/18,11,16,12,0,2,3,1,0,0,1,39,40,48,1,0,2,22,24,24,12,17,18,5,7,7,119,107,119,34,20,29,14.618
2速1耐1力1智1友,16549104545893266660,66709,US3,3337,2047,2200,1171,1428,8630,2700,5400,8250,3,1,7,10,12,0/1/2,5/8/9,15/17/18,11,15,13,0,2,3,1,0,0,0,40,44,49,1,3,0,22,24,24,16,22,21,9,12,9,123,163,118,24,69,31,10.629
2速1耐1力1智1友,18412163773599920979,66168,US2,3337,1980,2038,1010,1816,8440,3150,6000,7500,3,1,8,11,11,0/1/2,5/8/9,15/17/18,14,15,14,0,2,3,1,0,0,0,42,46,49,2,0,3,22,24,24,14,14,19,6,3,8,128,120,120,26,31,21,14.441
2速1耐1力1智1友,7421806133854298300,64163,US,3337,1765,2200,883,1620,8327,2250,4800,7500,3,1,6,9,11,0/1/2,5/8/9,15/17/18,7,16,14,0,2,3,1,0,0,1,37,41,48,6,3,1,22,24,24,13,22,19,7,13,8,130,148,118,23,58,23,14.857
2速1力1根1智1友,1887955205917559932,65500,US2,3337,819,2200,2115,1679,8134,2250,5400,7500,3,1,6,10,11,0/2/3,5/6/9,15/16/19,11,16,16,0,2,3,1,0,0,0,40,48,47,5,4,0,22,24,24,11,19,14,5,9,3,148,168,111,40,69,29,10.857
2速1力1根1智1友,1248935311729794065,63722,US,3337,855,2200,1669,1704,8504,2700,6000,7500,3,1,7,11,11,0/2/3,5/6/9,15/16/19,8,14,14,0,2,3,1,0,0,0,35,47,47,0,0,1,22,24,24,9,23,13,2,12,2,105,146,120,21,40,38,14.941
2速1力1根1智1友,8776907957187315474,63509,US,3337,1005,2200,1633,1628,8278,2700,5400,8250,3,1,7,10,12,0/2/3,5/6/9,15/16/19,8,16,16,0,2,3,1,0,0,1,39,46,50,4,3,0,22,24,24,10,19,16,3,9,4,163,154,112,60,49,33,15.584
2速1力1根1智1友,8824789364803315751,64415,US1,3337,830,2200,1309,2107,8211,2700,5400,7500,3,1,7,10,11,0/2/3,5/6/9,15/16/19,11,17,15,0,2,3,1,0,0,0,40,39,48,3,0,2,22,24,24,12,16,17,5,6,6,139,121,128,28,49,31,13.815
2速1力1根1智1友,17301537330434616864,62262,UA8,3337,878,2200,1800,1438,8269,2700,5400,8250,3,1,7,10,12,0/2/3,5/6/9,15/16/19,12,15,13,0,2,3,1,0,0,0,40,41,48,4,3,0,22,24,24,14,20,16,7,10,4,160,152,96,36,74,27,10.397
2速1力1根1智1友,14345144015881166686,65270,US2,3337,1086,2200,1444,1790,8708,2700,6000,8250,3,1,7,11,12,0/2/3,5/6/9,15/16/19,11,16,14,0,2,3,1,0,0,0,42,45,50,3,1,0,22,24,24,12,19,18,5,8,6,137,145,116,38,64,33,15.186
2速1力1根1智1友,4873891731844695838,62338,UA8,3281,1176,2200,1526,1491,8271,2250,6000,6750,3,1,6,11,10,0/2/3,5/6/9,15/16/19,11,15,13,0,2,3,1,0,0,2,40,45,45,5,0,1,22,24,24,13,13,18,7,2,8,165,124,120,39,38,30,9.770
2速1力1根1智1友,14820804501381066930,64849,US1,3337,967,2200,1561,1829,8558,2700,5400,7500,3,1,7,10,11,0/2/3,5/6/9,15/16/19,9,16,14,0,2,3,1,0,0,1,39,40,49,4,0,0,22,24,24,14,14,14,7,4,3,159,128,114,32,39,34,8.114
2速1力1根1智1友,7268378056989981437,61054,UA7,3337,1015,2200,1681,1066,8173,2700,6000,7500,3,1,7,11,11,0/2/3,5/6/9,15/16/19,10,16,12,0,2,3,1,0,0,0,39,45,48,0,0,1,22,24,24,10,18,19,3,7,8,140,124,120,39,28,34,12.328
2速1力1根1智1友,6593542196026015070,61559,UA7,3222,996,2200,1928,1256,7831,2250,5400,7500,3,1,6,10,11,0/2/3,5/6/9,15/16/19,9,15,11,0,2,3,1,0,0,0,39,47,45,4,3,0,22,24,24,12,19,15,6,9,4,156,176,101,50,72,24,9.468
2速1力1根1智1友,14829404431794412517,62842,UA9,3252,1092,2200,1473,1768,8323,2250,6000,7500,3,1,6,11,11,0/2/3,5/6/9,15/16/19,7,17,14,0,2,3,1,0,0,0,40,44,48,7,2,2,22,24,24,15,21,18,9,10,7,172,156,131,35,53,35,9.373
2速1力1根1智1友,11264545268048509852,63433,US,3337,938,2200,1571,1652,8302,2700,6000,6750,3,1,7,11,10,0/2/3,5/6/9,15/16/19,11,19,12,0,2,3,1,0,0,0,39,44,46,2,0,5,22,24,24,13,16,17,6,5,7,154,133,122,41,52,23,8.609
2速1力1根1智1友,8315726557846651283,65995,US2,3337,1045,2200,1716,2004,8432,2700,6600,8250,3,1,7,12,12,0/2/3,5/6/9,15/16/19,10,16,15,0,2,3,1,0,0,0,39,48,50,2,2,0,22,24,24,12,17,15,5,5,3,145,138,105,40,44,26,12.517
2速1力1根1智1友,12908180765882583474,63660,US,3337,1290,2200,1521,1552,8227,2250,4800,7500,3,1,6,9,11,0/2/3,5/6/9,15/16/19,7,16,14,0,2,3,1,0,0,0,38,41,48,6,1,2,22,24,24,13,18,17,7,9,6,170,137,120,53,56,35,7.953
2速1力1根1智1友,8310499727929412920,63482,US,3337,968,2200,1696,1593,8430,2700,5400,7500,3,1,7,10,11,0/2/3,5/6/9,15/16/19,12,16,13,0,2,3,1,0,0,0,41,46,47,4,3,1,22,24,24,13,23,17,6,13,6,156,179,110,34,82,20,9.066
2速1力1根1智1友,15491526336319889765,66334,US2,3337,1093,2200,1673,1944,8459,2700,6000,7500,3,1,7,11,11,0/2/3,5/6/9,15/16/19,9,18,12,0,2,3,1,0,0,0,39,48,45,0,1,0,22,24,24,13,16,17,6,5,6,134,139,107,44,46,23,9.726
3速1耐1智1友,10271635990662262212,66744,US3,3337,2252,1954,1587,1101,8786,3150,5400,7500,3,1,8,10,11,0/1/4,5/7/9,15/17/18,10,14,12,0,2,3,1,0,0,0,39,43,48,0,1,0,22,24,24,12,16,18,4,6,7,117,152,122,34,52,26,13.174
3速1耐1智1友,2026206995363763075,65577,US2,3337,1653,2083,1550,1286,8770,2700,5400,8250,3,1,7,10,12,0/1/4,5/7/9,15/17/18,8,13,13,0,2,3,1,0,0,0,38,42,46,0,1,0,22,24,24,13,16,19,6,6,7,114,154,109,24,61,21,9.933
3速1耐1智1友,2076183027484911266,68472,US4,3337,2206,1668,1695,1601,9104,3150,4800,8250,3,1,8,9,12,0/1/4,5/7/9,15/17/18,11,14,15,0,2,3,1,0,0,0,40,41,48,0,0,0,22,24,24,14,20,20,6,11,8,123,123,124,28,54,24,15.831
3速1耐1智1友,14916097405359284508,65543,US2,3337,1720,1798,1406,1757,8901,3150,5400,7500,3,1,8,10,11,0/1/4,5/7/9,15/17/18,7,13,15,0,2,3,1,0,0,0,41,41,46,1,0,0,22,24,24,13,18,17,5,8,6,101,123,100,20,51,30,15.526
3速1耐1智1友,7083399838436377628,67036,US3,3337,1874,1966,1618,1501,8987,2700,5400,8250,3,1,7,10,12,0/1/4,5/7/9,15/17/18,9,16,12,0,2,3,1,0,1,0,39,45,45,1,1,0,22,24,24,17,20,19,10,10,7,138,162,116,37,75,29,15.517
3速1耐1智1友,8778939345737654580,67520,US3,3337,1633,2116,1559,1714,9029,3150,6000,7500,3,1,8,11,11,0/1/4,5/7/9,15/17/18,10,16,12,0,2,3,1,0,0,1,40,46,47,0,0,0,22,24,24,13,16,15,5,5,4,127,114,118,35,37,33,15.303
3速1耐1智1友,7240720201802797836,68577,US4,3337,1899,1769,1616,1894,9117,3150,6000,8250,3,1,8,11,12,0/1/4,5/7/9,15/17/18,8,18,12,0,2,3,1,0,0,0,38,46,48,0,0,0,22,24,24,13,12,21,5,1,9,102,130,131,24,47,23,15.679
3速1耐1智1友,1984770621703434194,66270,US2,3337,1767,2177,1375,1507,8879,3150,4800,7500,3,1,8,9,11,0/1/4,5/7/9,15/17/18,11,16,12,0,2,3,1,0,0,0,41,41,43,1,0,0,22,24,24,13,21,18,5,12,7,115,155,115,24,62,30,15.463
3速1耐1智1友,1266304103919697255,64245,US1,3337,2156,1607,1576,1256,8396,2700,6000,7500,3,1,7,11,11,0/1/4,5/7/9,15/17/18,7,14,12,0,2,3,1,0,0,0,38,46,43,2,0,0,22,24,24,12,18,16,5,7,5,146,169,88,52,61,18,11.156
3速1耐1智1友,4810517070849792692,68131,US4,3337,1909,2200,1428,1445,9233,2700,5400,8250,3,1,7,10,12,0/1/4,5/7/9,15/17/18,10,18,15,0,2,3,1,0,1,0,41,43,48,5,0,0,22,24,24,18,18,17,11,8,5,143,139,98,44,53,19,15.727
3速1耐1智1友,1183046900845004697,66280,US2,3337,2062,1752,1479,1711,8706,3150,4800,7500,3,1,8,9,11,0/1/4,5/7/9,15/17/18,10,17,14,0,2,3,1,0,0,0,42,39,48,0,1,2,22,24,24,11,17,17,3,8,6,111,119,101,22,50,19,10.916
3速1耐1智1友,7219952853181434194,64292,US1,3337,1635,1902,1288,1692,8622,3150,4800,8250,3,1,8,9,12,0/1/4,5/7/9,15/17/18,10,15,9,0,2,3,1,0,0,1,39,37,46,0,1,0,22,24,24,12,13,18,4,4,6,100,135,120,22,47,32,14.641
3速1耐1智1友,11956873438373411422,64710,US1,3337,1853,1516,1466,1806,8673,2700,4800,6000,3,1,7,9,9,0/1/4,5/7/9,15/17/18,9,16,15,0,2,3,1,0,0,1,40,40,36,1,3,0,22,24,24,12,19,15,5,10,6,134,165,96,44,94,19,7.910
3速1耐1智1友,7973190016188941621,68906,US4,3337,2104,2200,1581,1293,9082,3150,5400,7500,3,1,8,10,11,0/1/4,5/7/9,15/17/18,12,15,13,0,2,3,1,0,0,0,41,44,47,1,1,0,22,24,24,18,16,18,10,6,7,156,166,102,70,49,21,11.045
3速1耐1智1友,2793886600109319390,67175,US3,3337,2046,1717,1378,1836,8930,2700,4800,8250,3,1,7,9,12,0/1/4,5/7/9,15/17/18,9,15,13,0,2,3,1,0,0,0,39,41,49,0,3,0,22,24,24,13,14,15,6,5,3,115,180,109,26,98,24,8.206
3速1耐1智1友,3120497733132279744,66045,US2,3337,1992,1655,1400,1758,9100,3150,5400,7500,3,1,8,10,11,0/1/4,5/7/9,15/17/18,13,14,12,0,2,3,1,0,0,1,43,41,47,0,0,0,22,24,24,12,15,18,4,5,7,98,153,102,28,53,27,12.543
3速1耐1智1友,7184324823439640857,68042,US4,3337,1975,2094,1683,1408,8727,2700,4800,8250,3,1,7,9,12,0/1/4,5/7/9,15/17/18,10,12,15,0,2,3,1,0,0,0,41,39,49,1,0,0,22,24,24,11,21,18,4,12,6,104,140,122,24,59,30,10.874
3速1耐1智1友,9410277068719183226,64416,US1,3337,1665,2055,1401,1486,8349,2700,4200,7500,3,1,7,8,11,0/1/4,5/7/9,15/17/18,10,13,12,0,2,3,1,0,0,0,36,37,47,0,4,1,22,24,24,8,13,17,1,5,6,102,160,111,18,75,27,13.282
3速1耐1智1友,2914106005870446428,64542,US1,3337,1698,2015,1590,1293,8526,3150,5400,8250,3,1,8,10,12,0/1/4,5/7/9,15/17/18,10,12,12,0,2,3,1,0,0,0,41,45,48,0,2,0,22,24,24,15,15,15,7,5,3,115,170,110,34,73,22,9.022
3速1耐1智1友,2803372627901289886,70667,US6,3337,2119,1940,1637,1804,8991,3150,6600,7500,3,1,8,12,11,0/1/4,5/7/9,15/17/18,6,18,15,0,2,3,1,0,0,0,37,47,46,0,0,0,22,24,24,16,19,18,8,7,7,110,140,99,29,42,28,14.735
3速1耐1智1友,11717015719310013116,65270,US2,3337,1746,1785,1556,1649,8591,3150,5400,7500,3,1,8,10,11,0/1/4,5/7/9,15/17/18,8,14,14,0,2,3,1,0,0,1,39,42,48,0,0,0,22,24,24,16,18,19,8,8,8,117,137,104,40,36,19,15.081
3速1耐1智1友,10113965893627368265,66026,US2,3337,1757,2188,1435,1353,8678,3150,4200,8250,3,1,8,8,12,0/1/4,5/7/9,15/17/18,11,13,15,0,2,3,1,0,0,1,40,38,47,0,3,0,22,24,24,14,14,18,6,6,6,137,151,118,39,72,27,10.918
3速1耐1智1友,11218750937452056815,67721,US4,3337,1725,2200,1448,1758,8565,2700,6000,7500,3,1,7,11,11,0/1/4,5/7/9,15/17/18,6,13,14,0,2,3,1,0,0,1,37,45,46,0,0,0,22,24,24,8,12,19,1,1,8,84,108,108,29,20,23,15.174
3速1耐1智1友,5655323481143012040,67980,US4,3337,1771,2200,1472,1575,9057,3150,5400,7500,3,1,8,10,11,0/1/4,5/7/9,15/17/18,12,17,12,0,2,3,1,0,0,0,41,46,46,0,3,1,22,24,24,16,20,16,8,10,5,134,162,110,35,58,21,15.697
3速1耐1智1友,5092058918502234818,68760,US4,3337,1897,2105,1380,1800,8948,2700,4800,7500,3,1,7,9,11,0/1/4,5/7/9,15/17/18,8,15,13,0,2,3,1,0,0,2,39,40,49,1,3,3,22,24,24,14,18,18,7,9,7,147,135,130,44,43,31,15.003
3速1耐1智1友,17888684206574041938,66843,US3,3337,2071,2079,1643,1217,8442,2250,5400,7500,3,1,6,10,11,0/1/4,5/7/9,15/17/18,8,14,13,0,2,3,1,0,0,2,39,45,44,4,1,0,22,24,24,14,19,16,8,9,5,142,156,104,45,47,24,9.473
3速1耐1智1友,5265290373040769199,72745,US7,3337,2400,2057,1836,1491,9006,3150,5400,8250,3,1,8,10,12,0/1/4,5/7/9,15/17/18,10,17,15,0,2,3,1,0,0,0,40,45,49,0,1,0,22,24,24,13,16,16,5,6,4,109,153,100,23,56,31,13.695
3速1耐1智1友,10931123543298086754,61647,UA7,3337,1608,1909,1292,1477,8282,2700,5400,8250,3,1,7,10,12,0/1/4,5/7/9,15/17/18,8,14,12,0,2,3,1,0,0,2,39,42,47,0,0,0,22,24,24,16,20,20,9,10,8,136,123,97,44,38,21,9.304
3速1耐1智1友,16520200898942609645,66988,US3,3337,1719,1859,1365,1997,8746,3150,5400,7500,3,1,8,10,11,0/1/4,5/7/9,15/17/18,9,14,15,0,2,3,1,0,0,0,40,45,45,0,2,0,22,24,24,10,19,12,2,9,1,108,167,105,32,52,30,8.243
3速1耐1智1友,9012555752082202216,62527,UA9,3337,1698,1872,1231,1535,8459,3150,4200,7500,3,1,8,8,11,0/1/4,5/7/9,15/17/18,9,17,14,0,2,3,1,0,0,0,41,37,48,0,4,0,22,24,24,12,10,21,4,2,10,106,180,103,21,102,20,8.232
3速1耐1智1友,16936114280996448507,65876,US2,3337,1974,1789,1505,1692,8448,2700,5400,6750,3,1,7,10,10,0/1/4,5/7/9,15/17/18,12,15,12,0,2,3,1,0,0,0,40,40,48,1,0,2,22,24,24,13,18,20,6,8,10,136,124,140,36,43,39,8.580
3速1耐1智1友,17719899403408523061,66505,US3,3337,2019,1806,1569,1617,8800,2700,5400,7500,3,1,7,10,11,0/1/4,5/7/9,15/17/18,11,16,12,0,2,3,1,0,0,2,40,42,47,2,0,0,22,24,24,15,17,20,8,7,9,142,124,124,45,41,22,8.933
3速1耐1智1友,4001932700249456009,65527,US2,3337,1805,1868,1497,1647,8417,2700,5400,7500,3,1,7,10,11,0/1/4,5/7/9,15/17/18,7,15,14,0,2,3,1,0,1,1,36,40,49,0,0,1,22,24,24,11,16,17,4,6,6,105,134,128,19,45,30,12.349
3速1耐1智1友,2702744028593991977,67398,US3,3337,1668,2053,1494,1843,8591,2250,6000,7500,3,1,6,11,11,0/1/4,5/7/9,15/17/18,5,15,13,0,2,3,1,0,0,0,39,45,48,4,0,2,22,24,24,13,16,18,7,5,7,125,130,128,30,47,29,8.348
3速1耐1智1友,14336052973726775667,64198,US,3337,1815,1896,1389,1675,8108,2700,5400,6000,3,1,7,10,9,0/1/4,5/7/9,15/17/18,7,17,13,0,2,3,1,0,0,3,36,47,39,0,4,0,22,24,24,11,14,13,4,4,4,112,194,89,32,96,25,7.969
3速1耐1智1友,17460438554258472780,62727,UA9,3337,1341,2200,1087,1689,8356,2700,5400,7500,3,1,7,10,11,0/1/4,5/7/9,15/17/18,11,14,11,0,2,3,1,0,0,0,41,41,48,1,0,1,22,24,24,13,16,16,6,6,5,114,135,102,17,50,24,8.443
3速1耐1智1友,5780785005543720156,66751,US3,3337,1842,1745,1539,1890,8526,2700,6000,7500,3,1,7,11,11,0/1/4,5/7/9,15/17/18,9,17,13,0,2,3,1,0,0,1,41,46,47,1,0,0,22,24,24,14,18,16,7,7,5,159,139,117,52,49,24,8.421
3速1耐1智1友,14726725438042161054,66050,US2,3337,1644,1782,1447,1992,8751,2700,6000,8250,3,1,7,11,12,0/1/4,5/7/9,15/17/18,7,16,16,0,2,3,1,0,0,0,39,43,51,3,0,0,22,24,24,18,14,15,11,3,3,146,115,120,29,36,33,8.373
3速1耐1智1友,2927834286720148322,64102,US,3337,1778,1828,1405,1562,8325,2700,5400,7500,3,1,7,10,11,0/1/4,5/7/9,15/17/18,12,16,13,0,2,3,1,0,1,0,40,45,48,4,3,2,22,24,24,15,19,18,8,9,7,148,146,116,38,47,28,4.278
3速1耐1智1友,1767241412563473568,63489,US,3337,1665,1840,1356,1587,8452,2700,4200,7500,3,1,7,8,11,0/1/4,5/7/9,15/17/18,10,15,14,0,2,3,1,0,1,0,39,37,45,0,3,0,22,24,24,12,17,17,5,9,6,107,135,121,26,38,28,8.065
3速1耐1智1友,13001036828562543509,66192,US2,3337,1624,2200,1609,1424,8683,3150,5400,7500,3,1,8,10,11,0/1/4,5/7/9,15/17/18,11,15,13,0,2,3,1,0,0,1,41,42,48,0,0,1,22,24,24,13,14,14,5,4,3,109,117,98,30,41,25,8.253
3速1耐1智1友,17290718145117158747,64826,US1,3337,1529,2129,1267,1835,8466,3150,5400,6750,3,1,8,10,10,0/1/4,5/7/9,15/17/18,12,15,12,0,2,3,1,0,0,2,40,46,41,0,0,0,22,24,24,12,19,14,4,9,4,99,154,109,22,50,31,8.020
3速1耐1智1友,8580699302548032145,67085,US3,3337,1958,1891,1587,1691,8623,2700,5400,7500,3,1,7,10,11,0/1/4,5/7/9,15/17/18,8,16,14,0,2,3,1,0,0,0,38,46,47,5,3,0,22,24,24,11,22,13,4,12,2,149,183,95,60,86,25,8.391
3速1耐1智1友,15543531327872005035,69581,US5,3337,1731,1772,1499,2272,9205,2700,5400,8250,3,1,7,10,12,0/1/4,5/7/9,15/17/18,8,18,14,0,2,3,1,0,0,0,39,44,49,2,1,0,22,24,24,16,16,17,9,6,5,145,165,99,34,68,26,8.499
3速1耐1智1友,10140862302073678318,69057,US5,3337,2081,1934,1454,1836,8782,3150,6000,6750,3,1,8,11,10,0/1/4,5/7/9,15/17/18,9,13,12,0,2,3,1,0,0,0,40,46,46,0,1,2,22,24,24,13,18,14,5,7,4,135,152,100,39,37,25,8.638
3速1耐1智1友,14076226324946435596,65952,US2,3337,1961,1630,1458,1729,8748,2700,5400,7500,3,1,7,10,11,0/1/4,5/7/9,15/17/18,10,15,15,0,2,3,1,0,0,0,39,40,44,1,0,0,22,24,24,12,16,18,5,6,7,129,121,123,41,35,32,8.261
3速1耐1智1友,7963419135009507152,72321,US7,3337,2395,2087,1635,1570,9166,2700,5400,8250,3,1,7,10,12,0/1/4,5/7/9,15/17/18,11,15,15,0,2,3,1,0,0,1,41,44,49,1,1,0,22,24,24,13,17,18,6,7,6,126,150,108,36,50,27,8.892
3速1耐1智1友,13378449257864063531,68072,US4,3337,1502,2096,1177,2154,9226,3150,6000,7500,3,1,8,11,11,0/1/4,5/7/9,15/17/18,11,18,14,0,2,3,1,0,0,1,40,47,43,0,0,0,22,24,24,13,21,17,5,10,6,109,160,102,36,71,28,12.845
3速1耐1智1友,2010035215765505054,67146,US3,3337,2175,2073,1432,1179,8934,3150,4800,7500,3,1,8,9,11,0/1/4,5/7/9,15/17/18,10,14,12,0,2,3,1,0,0,2,40,42,48,0,5,0,22,24,24,11,15,18,3,6,7,131,141,118,39,49,23,8.432
3速1耐1智1友,14180816710049835277,65476,US2,3337,1557,1776,1330,2053,8704,3150,5400,8250,3,1,8,10,12,0/1/4,5/7/9,15/17/18,10,15,12,0,2,3,1,0,0,1,41,42,48,0,1,0,22,24,24,11,19,15,3,9,3,106,152,100,26,67,21,8.395
3速1耐1智1友,14714682613339693320,66491,US3,3337,1811,2200,1243,1450,9055,2700,5400,8250,3,1,7,10,12,0/1/4,5/7/9,15/17/18,11,16,15,0,2,3,1,0,0,0,38,42,47,1,0,0,22,24,24,16,15,18,9,5,6,133,113,99,42,46,23,8.285
3速1耐1智1友,7605875645551735986,65994,US2,3337,1864,1864,1291,1693,8975,2700,6000,7500,3,1,7,11,11,0/1/4,5/7/9,15/17/18,7,18,14,0,2,3,1,0,0,1,38,47,48,1,1,0,22,24,24,13,20,16,6,9,5,133,138,113,29,32,22,8.513
3速1耐1智1友,573921492460556097,68068,US4,3337,1730,2122,1369,1792,8860,3150,5400,8250,3,1,8,10,12,0/1/4,5/7/9,15/17/18,9,13,14,0,2,3,1,0,0,0,40,40,49,0,0,0,22,24,24,17,18,16,9,8,4,125,147,113,29,48,27,8.369
3速1耐1智1友,15988494639978055982,68053,US4,3337,1952,2059,1570,1635,8681,2700,5400,7500,3,1,7,10,11,0/1/4,5/7/9,15/17/18,11,17,11,0,2,3,1,0,0,1,40,46,45,4,3,0,22,24,24,16,16,17,9,6,6,149,141,92,38,45,19,8.286
3速1耐1智1友,15682719230703110853,69169,US5,3337,2057,2200,1574,1338,8930,2700,6000,7500,3,1,7,11,11,0/1/4,5/7/9,15/17/18,9,15,13,0,2,3,1,0,0,0,40,44,49,3,0,1,22,24,24,18,17,18,11,6,7,157,141,98,48,45,16,8.295
3速1耐1智1友,4320613902752462631,67769,US4,3337,1521,2170,1302,1961,8839,3150,4800,7500,3,1,8,9,11,0/1/4,5/7/9,15/17/18,8,17,15,0,2,3,1,0,0,0,40,45,44,0,3,0,22,24,24,15,22,18,7,13,7,116,176,100,31,71,30,8.335
2速2耐1智1友,3863406832935757103,70739,US6,3337,2310,1502,1877,1837,8955,2250,6000,6750,3,1,6,11,10,0/1/4,5/7/9,15/17/19,10,17,14,0,2,3,1,0,0,1,39,42,47,5,0,5,22,24,24,17,14,17,11,3,7,164,137,140,42,50,33,14.922
2速2耐1智1友,338394352131572186,71096,US6,3337,2400,1621,2073,1433,8731,2250,6000,6750,3,1,6,11,10,0/1/4,5/7/9,15/17/19,10,18,13,0,2,3,1,0,0,4,39,47,46,8,0,1,22,24,24,19,16,19,13,5,9,160,141,126,53,56,30,10.478
2速2耐1智1友,5459626197518449700,71366,US6,3333,2400,1522,1954,1630,8842,3150,6000,7500,3,1,8,11,11,0/1/4,5/7/9,15/17/19,12,17,14,0,2,3,1,0,0,0,41,45,48,1,0,2,22,24,24,14,15,18,6,4,7,130,135,134,45,38,38,8.409
2速2耐1智1友,8895869908052454512,71195,US6,3337,2400,1740,2095,1302,8875,3150,4800,7500,3,1,8,9,11,0/1/4,5/7/9,15/17/19,10,15,13,0,2,3,1,0,0,0,39,42,49,0,4,3,22,24,24,13,21,14,5,12,3,121,179,161,31,70,57,8.169
2速2耐1智1友,2647181638324577118,70246,US5,3337,2400,1601,2039,1489,8632,2700,5400,7500,3,1,7,10,11,0/1/4,5/7/9,15/17/19,9,14,14,0,2,3,1,0,0,0,40,45,47,1,4,0,22,24,24,12,15,14,5,5,3,129,170,130,35,78,41,5.317
2速2耐1智1友,10410297698491682009,68766,US4,3337,2145,1569,1761,1884,8631,2700,5400,6750,3,1,7,10,10,0/1/4,5/7/9,15/17/19,9,17,14,0,2,3,1,0,0,0,40,46,43,1,5,1,22,24,24,17,16,13,10,6,3,147,172,83,63,64,25,8.534
2速2耐1智1友,12855962698446294108,66068,US2,3162,2293,1367,1766,1821,8387,2700,5400,7500,3,1,7,10,11,0/1/4,5/7/9,15/17/19,11,16,13,0,2,3,1,0,0,0,41,44,48,1,1,0,22,24,24,18,13,20,11,3,9,159,159,138,44,47,37,13.113
2速2耐1智1友,64953299314722509,70469,US6,3332,2253,1283,1836,2143,8817,2700,5400,8250,3,1,7,10,12,0/1/4,5/7/9,15/17/19,11,17,16,0,2,3,1,0,0,0,40,42,50,0,0,0,22,24,24,11,15,18,4,5,6,107,127,125,11,49,35,17.349
2速1耐1力1智1友,5515517632309709715,72719,US7,3337,2120,2200,1086,2083,9463,2700,6000,8250,3,1,7,11,12,0/1/2,5/8/9,15/17/18,12,18,13,0,2,3,1,0,0,1,40,48,48,3,0,0,22,24,24,11,19,20,4,8,8,134,132,136,54,31,27,9.744
2速1耐1力1智1友,17598845667404015695,66110,US2,3337,1952,1956,1260,1729,8779,3150,5400,7500,3,1,8,10,11,0/1/2,5/8/9,15/17/18,11,15,14,0,2,3,1,0,0,0,41,47,49,0,5,3,22,24,24,11,19,15,3,9,4,119,133,115,31,46,30,14.505
2速1耐1力1智1友,7175518908685477929,67284,US3,3236,2014,2200,1048,1797,8975,3150,6600,7500,3,1,8,12,11,0/1/2,5/8/9,15/17/18,11,17,14,0,2,3,1,0,0,2,40,48,49,0,0,1,22,24,24,13,17,18,5,5,7,142,104,119,53,19,21,10.277
2速1耐1力1智1友,4900293622744124670,66597,US3,3288,2034,1785,1197,1957,8634,3150,6600,6750,3,1,8,12,10,0/1/2,5/8/9,15/17/18,10,16,14,0,2,3,1,0,0,1,39,48,44,0,1,2,22,24,24,14,18,20,6,6,10,111,141,130,14,48,36,19.229
2速1耐1力1智1友,13633817298427186778,65780,US2,3314,1889,2200,1206,1519,8576,2700,6000,8250,3,1,7,11,12,0/1/2,5/8/9,15/17/18,7,16,15,0,2,3,1,0,0,0,38,47,47,0,0,0,22,24,24,9,19,16,2,8,4,108,123,107,34,41,28,14.005
2速1耐1力1智1友,14521519017085859205,62891,UA9,3337,1532,2190,1117,1465,8352,2700,5400,7500,3,1,7,10,11,0/1/2,5/8/9,15/17/18,10,12,14,0,2,3,1,0,0,0,41,40,46,1,0,0,22,24,24,15,17,15,8,7,4,148,130,112,66,45,27,9.521
2速1耐1力1智1友,11302656640288775015,68151,US4,3337,1706,2200,1153,1878,9175,2250,5400,8250,3,1,6,10,12,0/1/2,5/8/9,15/17/18,9,17,16,0,2,3,1,0,0,0,39,44,48,8,2,0,22,24,24,13,20,18,7,10,6,172,145,123,81,55,30,13.411
2速1耐1力1智1友,17880099276592399411,64561,US1,3337,1759,1976,1282,1631,8620,2700,6000,7500,3,1,7,11,11,0/1/2,5/8/9,15/17/18,9,15,13,0,2,3,1,0,0,0,39,47,46,1,0,0,22,24,24,15,22,16,8,11,5,142,165,107,57,66,23,13.548
2速1耐1力1智1友,18323097832242816148,69331,US5,3337,1794,2038,1219,2185,8762,3150,6000,8250,3,1,8,11,12,0/1/2,5/8/9,15/17/18,9,18,14,0,2,3,1,0,0,0,39,49,48,0,0,0,22,24,24,12,19,14,4,8,2,106,116,120,31,33,37,5.115
2速1耐1力1智1友,5344124862435129899,68813,US4,3337,2131,2200,1332,1605,8772,2700,6000,6750,3,1,7,11,10,0/1/2,5/8/9,15/17/18,12,14,14,0,2,3,1,0,0,3,40,45,44,1,0,1,22,24,24,15,18,11,8,7,1,127,132,84,32,48,26,12.944
2速1耐1力1智1友,14852996231575454054,65087,US1,3162,2230,2092,1497,1218,8221,2700,4800,6750,3,1,7,9,10,0/1/2,5/8/9,15/17/18,12,16,13,0,2,3,1,0,0,0,41,39,41,1,1,0,22,24,24,12,17,17,5,8,7,115,147,110,32,63,32,12.846
2速1耐1力1智1友,8752308148249138820,63769,US,3337,1723,2200,1248,1338,8235,2700,5400,7500,3,1,7,10,11,0/1/2,5/8/9,15/17/18,8,16,13,0,2,3,1,0,0,2,39,43,45,1,0,0,22,24,24,14,18,19,7,8,8,115,116,113,28,37,30,8.785
2速1耐1力1智1友,16680944402050311075,67901,US4,3329,1946,2141,1347,1702,8710,3150,6000,8250,3,1,8,11,12,0/1/2,5/8/9,15/17/18,8,17,14,0,2,3,1,0,0,0,39,48,49,0,0,0,22,24,24,16,21,17,8,10,5,128,127,112,26,20,17,5.146
2速1耐1力1智1友,1441273001135152637,63481,US,3337,1617,2200,1017,1618,8516,2250,6000,8250,3,1,6,11,12,0/1/2,5/8/9,15/17/18,8,16,15,0,2,3,1,0,0,0,38,49,48,4,0,0,22,24,24,18,19,18,12,8,6,153,114,105,36,26,31,17.757
2速1耐1力1智1友,697781251485597069,65938,US2,3337,1589,2120,1068,1972,8493,2700,6000,6750,3,1,7,11,10,0/1/2,5/8/9,15/17/18,10,18,14,0,2,3,1,0,0,1,40,46,44,1,0,1,22,24,24,15,20,18,8,9,8,136,118,132,49,24,45,4.569
2速1耐1力1智1友,13400994923714237428,67135,US3,3337,1646,2200,1177,1881,8626,2700,4800,8250,3,1,7,9,12,0/1/2,5/8/9,15/17/18,12,17,13,0,2,3,1,0,0,0,40,42,50,2,4,0,22,24,24,19,18,22,12,9,10,156,142,122,46,33,28,9.250
2速1耐1力1智1友,10080038957103595754,65340,US2,3114,2052,2200,1221,1617,8601,2700,5400,7500,3,1,7,10,11,0/1/2,5/8/9,15/17/18,11,17,13,0,2,3,1,0,2,2,40,47,47,2,1,1,22,24,24,14,21,19,7,11,8,138,162,167,32,83,50,9.123
2速1耐1力1智1友,2349271217131251493,66872,US3,3330,2184,2200,1309,1212,8550,2700,5400,6750,3,1,7,10,10,0/1/2,5/8/9,15/17/18,11,16,13,0,2,3,1,0,0,0,39,45,42,2,0,0,22,24,24,11,18,16,4,8,6,137,129,91,58,40,28,13.917
2速1耐1力1智1友,4135196995248227270,63464,US,2829,2400,2200,1277,1302,8354,2700,5400,7500,3,1,7,10,11,0/1/2,5/8/9,15/17/18,9,17,13,0,2,3,1,0,1,2,39,48,46,0,6,0,22,24,24,13,19,19,6,9,8,112,151,117,32,51,32,9.778
2速1耐1力1智1友,14588682232865876894,66521,US3,3237,2301,2200,1290,1209,8477,2700,4800,8250,3,1,7,9,12,0/1/2,5/8/9,15/17/18,9,15,13,0,2,3,1,0,0,1,40,41,48,1,5,0,22,24,24,15,18,14,8,9,2,130,146,87,32,69,20,8.147
2速1耐1力1智1友,4307703606047605535,72486,US7,3337,2218,2151,1499,1833,9233,2700,5400,8250,3,1,7,10,12,0/1/2,5/8/9,15/17/18,11,16,16,0,2,3,1,0,1,0,41,40,49,5,0,0,22,24,24,17,15,17,10,5,5,138,98,128,29,36,25,8.849
2速1耐1力1智1友,9618603019213530736,65920,US2,3337,1523,2082,1112,1905,8809,3150,6000,7500,3,1,8,11,11,0/1/2,5/8/9,15/17/18,8,16,14,0,2,3,1,0,0,1,39,47,45,2,0,0,22,24,24,15,19,13,7,8,2,118,144,91,27,58,31,13.239
2速1耐1力1智1友,14072917930852644404,65176,US2,2897,2202,2200,1466,1456,8607,2700,5400,8250,3,1,7,10,12,0/1/2,5/8/9,15/17/18,10,17,14,0,2,3,1,0,0,0,38,40,48,3,0,0,22,24,24,11,16,18,4,6,6,144,98,102,49,32,20,8.979
2速1耐1力1智1友,9139444231675033648,68702,US4,3337,2001,2200,1352,1627,8773,3150,5400,8250,3,1,8,10,12,0/1/2,5/8/9,15/17/18,11,15,14,0,2,3,1,0,0,1,39,40,48,0,1,0,22,24,24,15,21,20,7,11,8,135,127,114,37,46,29,9.342
2速1耐1力1智1友,8003765304613192391,66006,US2,3251,1917,2200,1243,1540,8631,2700,6000,8250,3,1,7,11,12,0/1/2,5/8/9,15/17/18,9,16,15,0,2,3,1,0,0,0,40,49,48,0,1,0,22,24,24,18,21,16,11,10,4,117,129,103,30,43,27,8.491
2速1耐1力1智1友,1585277982514682023,70863,US6,3337,2079,2200,1484,1798,8882,3150,6000,7500,3,1,8,11,11,0/1/2,5/8/9,15/17/18,9,17,13,0,2,3,1,0,0,0,39,48,47,0,1,0,22,24,24,14,21,21,6,10,10,124,149,119,27,43,31,13.220
2速1耐1力1智1友,6221352612776938883,64396,US1,3174,1688,2148,1248,1823,8425,2700,4800,7500,3,1,7,9,11,0/1/2,5/8/9,15/17/18,10,14,14,0,2,3,1,0,0,2,38,46,45,0,3,0,22,24,24,8,22,18,1,13,7,99,173,113,29,83,36,8.524
2速1耐1力1智1友,16115438288859153314,64552,US1,3337,1624,2058,1258,1740,8314,2250,5400,7500,3,1,6,10,11,0/1/2,5/8/9,15/17/18,7,16,14,0,2,3,1,0,1,1,36,41,48,1,0,0,22,24,24,12,19,19,6,9,8,114,116,118,27,50,26,11.588
2速1耐1力1智1友,6029378729065789734,65862,US2,2931,2031,2149,1431,1849,8539,2250,6000,7500,3,1,6,11,11,0/1/2,5/8/9,15/17/18,8,15,15,0,2,3,1,0,0,0,38,45,44,8,0,0,22,24,24,18,16,16,12,5,5,160,109,106,27,18,37,10.347
2速1耐1力1智1友,7041676513138960795,69548,US5,3337,1866,2200,1205,1957,8996,3150,5400,8250,3,1,8,10,12,0/1/2,5/8/9,15/17/18,11,16,15,0,2,3,1,0,0,0,40,45,49,0,1,0,22,24,24,19,19,19,11,9,7,129,128,114,19,42,24,15.640
2速1耐1力1智1友,17272280669747762420,68685,US4,2890,2393,1963,1733,1873,8755,2250,6600,7500,3,1,6,12,11,0/1/2,5/8/9,15/17/18,8,16,13,0,2,3,1,0,0,0,38,48,48,3,0,2,22,24,24,11,17,16,5,5,5,119,122,114,24,31,29,15.145
2速1耐1力1智1友,8150812652043682827,68677,US4,3337,1869,2200,1320,1799,8852,2700,6600,7500,3,1,7,12,11,0/1/2,5/8/9,15/17/18,12,16,15,0,2,3,1,0,0,0,41,47,46,2,0,0,22,24,24,15,17,14,8,5,3,136,125,106,37,51,24,15.279
2速1耐1力1智1友,6233464380300074482,65344,US2,3315,1918,2200,1220,1408,8360,2700,6000,6750,3,1,7,11,10,0/1/2,5/8/9,15/17/18,10,17,12,0,2,3,1,0,0,0,40,47,43,1,0,2,22,24,24,14,15,17,7,4,7,157,118,126,48,41,19,19.111
2速1耐1力1智1友,4941379347040325593,68753,US4,3112,2255,2200,1290,1757,8644,2700,6000,8250,3,1,7,11,12,0/1/2,5/8/9,15/17/18,12,15,15,0,2,3,1,0,2,0,43,46,49,3,0,0,22,24,24,10,14,17,3,3,5,133,95,130,43,25,32,15.280
2速1耐1力1智1友,14091960578346196470,68080,US4,3337,1887,2200,1098,1731,8702,2700,5400,7500,3,1,7,10,11,0/1/2,5/8/9,15/17/18,11,17,14,0,2,3,1,0,0,2,40,41,46,1,1,0,22,24,24,10,19,19,3,9,8,143,120,110,50,28,32,11.085
2速1耐1力1智1友,9125847801906060246,66605,US3,3337,1853,2200,1162,1637,8615,3150,4800,8250,3,1,8,9,12,0/1/2,5/8/9,15/17/18,11,15,14,0,2,3,1,0,0,1,39,45,49,0,4,0,22,24,24,14,22,20,6,13,8,124,182,116,35,82,27,14.349
2速1耐1力1智1友,3468798274282935606,63221,UA9,3337,1921,2200,1096,1121,8223,2700,5400,6750,3,1,7,10,10,0/1/2,5/8/9,15/17/18,9,16,13,0,2,3,1,0,0,0,38,46,42,0,3,0,22,24,24,16,18,13,9,8,3,123,130,79,29,45,24,8.024
2速1耐1力1智1友,6270030961345118206,64639,US1,3097,2042,2200,1197,1528,8568,2700,5400,7500,3,1,7,10,11,0/1/2,5/8/9,15/17/18,12,14,14,0,2,3,1,0,0,0,40,43,48,1,2,0,22,24,24,10,24,18,3,14,7,118,154,116,39,61,27,8.229
2速1耐1力1智1友,8665649267744152398,66456,US3,3297,2086,2200,1278,1334,8545,2700,5400,6750,3,1,7,10,10,0/1/2,5/8/9,15/17/18,9,16,14,0,2,3,1,0,0,1,39,44,39,1,3,0,22,24,24,16,21,16,9,11,6,144,166,96,38,71,27,8.178
2速1耐1力1智1友,7442111115462791219,57948,UA3,2874,1771,1906,1097,1655,8200,1800,5400,7500,3,1,5,10,11,0/1/2,5/8/9,15/17/18,8,15,12,0,2,3,1,0,0,3,35,41,49,5,1,0,22,24,24,14,19,21,9,9,10,113,138,128,22,59,15,8.000
2速1力1根1智1友,17016305363780355792,66330,US2,3337,821,2200,1722,1921,8730,2700,6000,8250,3,1,7,11,12,0/2/3,5/6/9,15/16/19,7,16,15,0,2,3,1,0,0,0,39,47,48,1,0,0,22,24,24,11,17,13,4,6,1,130,145,104,25,49,30,8.412
2速1力1根1智1友,1295863017631977640,64560,US1,3337,813,2190,1714,1851,8238,2700,6000,7500,3,1,7,11,11,0/2/3,5/6/9,15/16/19,8,16,14,0,2,3,1,0,0,0,37,45,46,1,0,0,22,24,24,12,16,15,5,5,4,151,134,111,39,53,23,8.047
2速1力1根1智1友,6811153068650969221,66303,US2,3337,766,2200,2129,1672,8652,3150,5400,8250,3,1,8,10,12,0/2/3,5/6/9,15/16/19,12,16,14,0,2,3,1,0,0,0,42,46,50,2,4,0,22,24,24,14,20,18,6,10,6,160,168,113,43,72,34,8.330
2速1力1根1智1友,13224490638713260845,61665,UA7,3337,952,2200,1483,1497,8169,3150,5400,7500,3,1,8,10,11,0/2/3,5/6/9,15/16/19,11,17,13,0,2,3,1,0,0,0,40,45,44,3,2,1,22,24,24,14,20,18,6,10,7,159,147,129,51,57,29,12.230
2速1力1根1智1友,8193394640147216602,61234,UA7,3257,943,2200,1320,1852,7968,2250,5400,6750,3,1,6,10,10,0/2/3,5/6/9,15/16/19,7,16,12,0,2,3,1,0,0,0,39,40,46,4,0,2,22,24,24,11,13,16,5,3,6,150,116,121,53,38,20,7.806
2速1力1根1智1友,3250849229650108558,65473,US2,3337,940,2200,1413,2091,8605,2700,4800,8250,3,1,7,9,12,0/2/3,5/6/9,15/16/19,13,15,15,0,2,3,1,0,0,0,41,38,48,6,0,0,22,24,24,15,14,16,8,5,4,165,119,126,39,43,35,8.055
2速1力1根1智1友,12632645139046459421,68260,US4,3337,914,2200,1930,1981,8878,2700,6000,7500,3,1,7,11,11,0/2/3,5/6/9,15/16/19,10,17,15,0,2,3,1,0,0,0,40,47,48,4,0,0,22,24,24,12,22,16,5,11,5,158,155,120,53,47,30,12.438
2速1力1根1智1友,3459970768176149941,65845,US2,3337,908,2200,2200,1449,8286,2250,5400,7500,3,1,6,10,11,0/2/3,5/6/9,15/16/19,8,15,12,0,2,3,1,0,0,0,38,43,48,4,3,1,22,24,24,10,18,19,4,8,8,150,159,145,57,66,24,8.094
2速1力1根1智1友,3684210156085819154,63462,US,3337,890,2151,1460,2002,8128,2700,6000,7500,3,1,7,11,11,0/2/3,5/6/9,15/16/19,12,15,15,0,2,3,1,0,0,0,40,43,48,3,0,2,22,24,24,13,17,14,6,6,3,148,149,107,35,40,21,8.165
2速1力1根1智1友,3110434431095550927,66791,US3,3337,699,1986,1865,2297,8497,2700,6000,6750,3,1,7,11,10,0/2/3,5/6/9,15/16/19,10,18,15,0,2,3,1,0,0,2,38,44,45,3,1,0,22,24,24,11,21,20,4,10,10,151,166,117,53,59,36,8.311
2速1力1根1智1友,3790343330816808620,62868,UA9,3337,1061,2200,1157,1753,8533,2250,4800,7500,3,1,6,9,11,0/2/3,5/6/9,15/16/19,7,17,14,0,2,3,1,0,1,1,38,44,48,3,5,0,22,24,24,10,22,17,4,13,6,139,174,112,40,76,24,8.150
2速1力1根1智1友,5355898174063912218,65112,US2,3337,935,2200,1804,1717,8582,2700,5400,7500,3,1,7,10,11,0/2/3,5/6/9,15/16/19,9,16,16,0,2,3,1,0,0,1,39,40,45,2,0,0,22,24,24,11,23,15,4,13,4,153,168,102,52,54,31,8.205
2速1力1根1智1友,16731205067977826611,69288,US5,3337,861,2170,1816,2384,8785,2250,6000,8250,3,1,6,11,12,0/2/3,5/6/9,15/16/19,10,19,15,0,2,3,1,0,0,1,40,47,50,6,0,0,22,24,24,15,16,17,9,5,5,162,140,104,52,31,27,8.144
2速1力1根1智1友,3139075895869727907,61212,UA7,3337,1135,2200,1202,1616,8108,2700,5400,8250,3,1,7,10,12,0/2/3,5/6/9,15/16/19,9,16,14,0,2,3,1,0,0,0,38,43,48,3,0,0,22,24,24,14,13,16,7,3,4,150,117,111,31,39,20,8.049
2速1力1根1智1友,9227578673958741841,62395,UA8,3337,1039,2200,1463,1697,8039,2700,6000,6750,3,1,7,11,10,0/2/3,5/6/9,15/16/19,13,14,13,0,2,3,1,0,0,0,41,46,43,1,2,0,22,24,24,11,17,17,4,6,7,146,162,126,48,55,27,8.098
2速1力1根1智1友,16812396015232704891,65989,US2,3337,945,2200,1983,1817,8442,2250,5400,8250,3,1,6,10,12,0/2/3,5/6/9,15/16/19,9,16,15,0,2,3,1,0,0,0,38,46,50,4,3,0,22,24,24,9,18,18,3,8,6,163,157,120,57,58,30,8.111
3速1耐1智1友,4294940749338295531,70560,US6,3337,2035,1891,1381,1946,9475,2700,5400,8250,3,1,7,10,12,0/1/4,5/7/9,15/17/18,8,18,14,0,2,3,1,0,0,0,39,44,49,0,1,0,22,24,24,13,18,18,6,8,6,103,132,112,28,37,19,8.625
3速1耐1智1友,5139575304778474235,64246,US1,3337,2015,1557,1351,1675,8464,3150,5400,6750,3,1,8,10,10,0/1/4,5/7/9,15/17/18,10,16,15,0,2,3,1,0,0,0,39,40,41,0,0,0,22,24,24,12,17,17,4,7,7,113,144,102,31,66,44,8.099
3速1耐1智1友,14697895167967426060,63587,US,3337,1499,2085,1127,1556,8705,3150,5400,6750,3,1,8,10,10,0/1/4,5/7/9,15/17/18,9,16,12,0,2,3,1,0,0,0,38,42,41,0,1,0,22,24,24,17,19,15,9,9,5,131,167,91,45,86,22,8.153
3速1耐1智1友,18304101703802738930,70333,US6,3337,2195,1932,1531,1679,9317,3150,5400,8250,3,1,8,10,12,0/1/4,5/7/9,15/17/18,9,16,15,0,2,3,1,0,0,2,39,47,50,1,5,0,22,24,24,15,17,15,7,7,3,120,168,104,33,64,21,8.365
3速1耐1智1友,7905366239302801667,67671,US3,3337,1899,1837,1506,1849,8949,3150,6000,7500,3,1,8,11,11,0/1/4,5/7/9,15/17/18,10,16,17,0,2,3,1,0,0,0,40,46,50,1,0,3,22,24,24,16,16,14,8,5,3,138,127,106,38,34,26,8.271
3速1耐1智1友,6498391836459014376,63098,UA9,3337,1553,2035,1248,1540,8433,3150,4200,7500,3,1,8,8,11,0/1/4,5/7/9,15/17/18,13,15,16,0,2,3,1,0,0,1,41,41,46,0,7,0,22,24,24,9,20,15,1,12,4,123,172,91,40,71,30,7.939
3速1耐1智1友,5346246030748491639,63807,US,3337,1566,1931,1388,1591,8459,3150,5400,6750,3,1,8,10,10,0/1/4,5/7/9,15/17/18,9,14,15,0,2,3,1,0,0,0,39,45,40,0,4,0,22,24,24,15,18,15,7,8,5,135,172,98,26,60,34,8.070
3速1耐1智1友,15510246406177961989,66078,US2,3337,1593,2200,1324,1578,8881,2700,5400,7500,3,1,7,10,11,0/1/4,5/7/9,15/17/18,7,16,15,0,2,3,1,0,0,0,35,43,48,0,0,4,22,24,24,13,21,12,6,11,1,94,162,111,24,57,42,8.029
3速1耐1智1友,6437967077725817952,63571,US,3337,1093,1654,1025,2445,8653,2700,6000,6750,3,1,7,11,10,0/1/4,5/7/9,15/17/18,7,17,16,0,2,3,1,0,0,2,38,48,45,2,3,2,22,24,24,16,17,17,9,6,7,154,146,140,40,48,50,8.092
3速1耐1智1友,6798044295153459754,65007,US1,3337,1856,1991,1229,1535,8575,2700,5400,6750,3,1,7,10,10,0/1/4,5/7/9,15/17/18,9,14,16,0,2,3,1,0,0,1,38,41,48,0,1,3,22,24,24,13,22,15,6,12,5,125,177,96,45,86,29,8.256
3速1耐1智1友,16738121805459098851,69876,US5,3337,1890,1854,1438,2195,8980,2700,6000,7500,3,1,7,11,11,0/1/4,5/7/9,15/17/18,10,14,14,0,2,3,1,0,0,0,40,45,51,5,0,5,22,24,24,15,18,17,8,7,6,157,138,128,57,47,45,8.185
3速1耐1智1友,12717798328741367955,69550,US5,3337,2327,1662,1555,1852,8799,2700,6000,8250,3,1,7,11,12,0/1/4,5/7/9,15/17/18,5,17,16,0,2,3,1,0,0,0,34,46,49,0,1,0,22,24,24,15,19,13,8,8,1,124,142,98,34,35,28,8.333
3速1耐1智1友,15244392997582471791,69561,US5,3337,2333,1810,1456,1677,8933,3150,4800,7500,3,1,8,9,11,0/1/4,5/7/9,15/17/18,11,17,15,0,2,3,1,0,0,0,40,41,45,0,6,0,22,24,24,15,16,18,7,7,7,138,198,118,37,108,33,8.565
3速1耐1智1友,16357352740085468069,69499,US5,3337,2197,1892,1352,1856,9078,2700,5400,7500,3,1,7,10,11,0/1/4,5/7/9,15/17/18,10,16,18,0,2,3,1,0,0,0,38,42,44,2,0,0,22,24,24,12,16,17,5,6,6,128,150,108,28,62,31,8.293
3速1耐1智1友,16200751468126363089,59893,UA5,3337,1469,1796,1253,1379,8301,2250,4800,7500,3,1,6,9,11,0/1/4,5/7/9,15/17/18,8,16,12,0,2,3,1,0,0,1,38,42,47,6,4,0,22,24,24,17,18,15,11,9,4,142,177,105,48,77,21,8.055
3速1耐1智1友,8052780856167138222,66218,US2,3337,1887,1706,1406,1900,8850,2700,5400,8250,3,1,7,10,12,0/1/4,5/7/9,15/17/18,7,11,16,0,2,3,1,0,0,0,39,44,51,0,3,0,22,24,24,14,21,15,7,11,3,111,155,92,25,60,22,8.763
3速1耐1智1友,18330046145586546279,61359,UA7,3337,1606,1782,1388,1348,8003,2250,6000,7500,3,1,6,11,11,0/1/4,5/7/9,15/17/18,6,16,15,0,2,3,1,0,0,0,36,45,45,2,1,0,22,24,24,18,18,18,12,7,7,137,165,98,52,60,25,8.241
3速1耐1智1友,16721057932763439115,69257,US5,3337,2045,1846,1633,1839,8886,3150,5400,8250,3,1,8,10,12,0/1/4,5/7/9,15/17/18,8,15,17,0,2,3,1,0,0,1,39,41,48,0,3,0,22,24,24,19,21,18,11,11,6,152,141,95,49,59,21,8.471
3速1耐1智1友,12534573332152490413,69347,US5,3337,1486,1882,1233,2445,9081,2700,5400,8250,3,1,7,10,12,0/1/4,5/7/9,15/17/18,12,20,16,0,1,4,1,0,0,1,41,44,47,1,0,0,22,24,24,10,14,16,3,4,4,103,125,99,29,42,21,8.117
3速1耐1智1友,80834985865936982,63767,US,3337,1792,1695,1337,1783,8171,2700,5400,8250,3,1,7,10,12,0/1/4,5/7/9,15/17/18,6,16,15,0,2,3,1,0,0,1,36,41,50,0,0,0,22,24,24,14,22,17,7,12,5,129,163,105,20,81,16,12.682
3速1耐1智1友,2501688067992621628,67363,US3,3337,2126,2200,1728,941,8382,2700,4800,8250,3,1,7,9,12,0/1/4,5/7/9,15/17/18,9,14,15,0,2,3,1,0,0,0,39,38,49,0,4,0,22,24,24,16,16,16,9,7,4,120,146,118,25,42,31,8.257
3速1耐1智1友,17654391099951900892,69129,US5,3337,1803,2200,1462,1799,8941,2700,6000,6750,3,1,7,11,10,0/1/4,5/7/9,15/17/18,9,16,15,0,2,3,1,0,0,0,39,44,38,0,0,0,22,24,24,14,14,14,7,3,4,111,105,88,27,41,19,8.268
3速1耐1智1友,9592528747293470464,66668,US3,3337,1791,2179,1330,1743,8617,2700,5400,6750,3,1,7,10,10,0/1/4,5/7/9,15/17/18,9,16,18,0,2,3,1,0,1,1,38,43,42,3,1,0,22,24,24,12,22,13,5,12,3,146,175,90,55,85,33,8.373
3速1耐1智1友,3560247110292039972,67334,US3,3337,1886,1515,1634,1962,8651,2700,6000,7500,3,1,7,11,11,0/1/4,5/7/9,15/17/18,9,16,14,0,1,4,1,0,0,1,38,48,48,3,0,1,22,24,24,11,12,15,4,1,4,136,122,87,39,27,24,8.106
3速1耐1智1友,15251326972995591371,69543,US5,3337,2137,1915,1523,1769,9080,3150,6000,7500,3,1,8,11,11,0/1/4,5/7/9,15/17/18,10,17,15,0,2,3,1,0,0,0,41,46,45,0,0,0,22,24,24,15,17,16,7,6,5,157,150,108,51,46,31,8.409
3速1耐1智1友,13771387301815450891,63769,US,3337,1776,2200,1149,1240,8276,2700,4200,7500,3,1,7,8,11,0/1/4,5/7/9,15/17/18,7,12,15,0,2,3,1,0,2,1,40,42,46,5,6,1,22,24,24,16,20,14,9,12,3,156,170,95,58,65,28,8.158
3速1耐1智1友,9113508662707963404,64980,US1,3337,1828,1840,1337,1710,8501,3150,5400,7500,3,1,8,10,11,0/1/4,5/7/9,15/17/18,11,18,14,0,2,3,1,0,0,2,40,40,48,0,0,1,22,24,24,16,18,16,8,8,5,109,115,129,26,46,34,8.280
3速1耐1智1友,4421705505934944892,65630,US2,3337,1686,2200,1225,1570,8706,2700,5400,7500,3,1,7,10,11,0/1/4,5/7/9,15/17/18,11,15,13,0,2,3,1,0,0,1,39,41,45,3,0,0,22,24,24,13,16,15,6,6,4,137,144,117,42,44,29,8.080
3速1耐1智1友,10302741581714801169,62904,UA9,3337,1488,2036,1122,1632,8342,2250,6000,7500,3,1,6,11,11,0/1/4,5/7/9,15/17/18,8,14,15,0,2,3,1,0,0,1,37,43,47,2,1,0,22,24,24,10,17,17,4,6,6,128,157,109,34,60,21,8.041
3速1耐1智1友,6306820642850014581,65409,US2,3337,2044,2045,1328,1237,8464,2700,4200,7500,3,1,7,8,11,0/1/4,5/7/9,15/17/18,9,16,11,0,2,3,1,0,0,4,41,43,48,1,8,0,22,24,24,15,20,19,8,12,8,134,185,108,33,86,20,8.137
3速1耐1智1友,15724643194134369964,66923,US3,3337,2119,1802,1337,1746,8674,2700,5400,8250,3,1,7,10,12,0/1/4,5/7/9,15/17/18,8,17,15,0,2,3,1,0,0,0,37,46,48,1,3,0,22,24,24,15,20,16,8,10,4,123,150,108,43,46,22,8.442
3速1耐1智1友,3813560878145830563,67650,US3,3337,2080,2038,1354,1489,8751,3150,5400,8250,3,1,8,10,12,0/1/4,5/7/9,15/17/18,10,15,16,0,2,3,1,0,0,0,39,45,50,0,3,0,22,24,24,13,21,18,5,11,6,104,157,118,18,63,35,8.321
3速1耐1智1友,11550089788960911599,69008,US5,3337,1810,1848,1587,2049,8823,2700,6000,8250,3,1,7,11,12,0/1/4,5/7/9,15/17/18,10,16,15,0,2,3,1,0,0,0,41,45,49,1,0,0,22,24,24,16,16,16,9,5,4,132,140,108,40,45,22,12.392
3速1耐1智1友,8447349918165821613,67491,US3,3337,2109,2166,1579,1135,8471,2700,5400,8250,3,1,7,10,12,0/1/4,5/7/9,15/17/18,7,15,14,0,2,3,1,0,0,1,37,44,50,0,5,0,22,24,24,13,21,18,6,11,6,125,182,128,34,105,30,8.311
3速1耐1智1友,7259181211982773885,68447,US4,3337,1807,2046,1465,1787,8820,2700,6000,8250,3,1,7,11,12,0/1/4,5/7/9,15/17/18,9,17,12,0,2,3,1,0,0,0,39,43,51,0,0,0,22,24,24,13,18,18,6,7,6,147,137,115,50,59,31,8.490
3速1耐1智1友,6886629698905996555,70148,US5,3337,2162,1812,1713,1769,8665,2700,6000,8250,3,1,7,11,12,0/1/4,5/7/9,15/17/18,9,17,16,0,2,3,1,0,0,1,39,46,50,0,1,0,22,24,24,15,16,14,8,5,2,122,171,110,38,79,29,8.329
3速1耐1智1友,2929829349742514684,65083,US1,3337,1907,1970,1442,1327,8673,2700,5400,8250,3,1,7,10,12,0/1/4,5/7/9,15/17/18,8,15,16,0,2,3,1,0,1,0,36,46,51,0,4,1,22,24,24,13,22,16,6,12,4,103,176,111,25,73,33,8.362
3速1耐1智1友,4276544649979031422,66374,US2,3337,1572,1596,1204,2409,8506,3150,5400,7500,3,1,8,10,11,0/1/4,5/7/9,15/17/18,10,17,16,0,1,4,1,0,0,0,39,45,46,0,0,2,22,24,24,8,13,12,0,3,1,101,151,114,25,48,41,7.996
3速1耐1智1友,6157480393129864447,70134,US5,3337,1782,1864,1532,2166,9014,3150,6000,8250,3,1,8,11,12,0/1/4,5/7/9,15/17/18,8,16,17,0,2,3,1,0,0,0,39,41,50,0,0,0,22,24,24,12,17,17,4,6,5,111,118,116,19,42,31,8.554
3速1耐1智1友,15460786586320298340,62854,UA9,3337,1434,1730,1193,2025,8316,2700,5400,6000,3,1,7,10,9,0/1/4,5/7/9,15/17/18,12,16,15,0,2,3,1,0,0,4,41,44,42,1,5,3,22,24,24,9,16,15,2,6,6,125,165,108,46,49,28,7.813
3速1耐1智1友,15056141437817318231,67051,US3,3337,1540,1963,1363,2165,8671,2250,5400,7500,3,1,6,10,11,0/1/4,5/7/9,15/17/18,4,17,16,0,2,3,1,0,0,0,35,44,49,1,2,3,22,24,24,11,15,17,5,5,6,136,172,121,47,68,31,7.986
3速1耐1智1友,5825938625949824570,63715,US,3337,1599,2001,1201,1732,8326,3150,4800,7500,3,1,8,9,11,0/1/4,5/7/9,15/17/18,10,14,15,0,2,3,1,0,0,1,38,37,46,0,1,0,22,24,24,12,19,15,4,10,4,113,140,91,29,40,30,8.118
3速1耐1智1友,15962456138953454796,65313,US2,3337,1532,2056,1434,1783,8541,3150,4200,8250,3,1,8,8,12,0/1/4,5/7/9,15/17/18,11,13,17,0,2,3,1,0,1,0,40,37,50,2,2,0,22,24,24,15,17,16,7,9,4,131,148,120,29,66,34,8.045
3速1耐1智1友,5909748317499556062,68590,US4,3337,1642,2053,1381,2063,8804,2700,5400,8250,3,1,7,10,12,0/1/4,5/7/9,15/17/18,9,16,15,0,2,3,1,0,0,0,38,43,50,1,1,0,22,24,24,11,14,17,4,4,5,129,131,115,46,41,20,8.073
3速1耐1智1友,4845181786318882575,68168,US4,3337,2014,1590,1374,2166,8803,2700,6000,7500,3,1,7,11,11,0/1/4,5/7/9,15/17/18,10,18,15,0,2,3,1,0,0,0,39,43,49,0,0,3,22,24,24,12,14,16,5,3,5,104,122,130,22,35,35,7.978
3速1耐1智1友,14949778751787704535,63807,US,3337,1701,1858,1330,1574,8488,2700,4800,6750,3,1,7,9,10,0/1/4,5/7/9,15/17/18,10,11,16,0,2,3,1,0,0,0,39,44,42,1,2,0,22,24,24,13,19,15,6,10,5,105,177,121,13,86,39,8.286
3速1耐1智1友,10920049661541601304,68768,US4,3337,2199,1984,1346,1626,8619,2700,6000,8250,3,1,7,11,12,0/1/4,5/7/9,15/17/18,9,13,17,0,2,3,1,0,0,0,39,41,47,1,0,0,22,24,24,16,15,15,9,4,3,138,115,97,41,38,28,12.345
3速1耐1智1友,5180282748491621039,70647,US6,3337,2031,1895,1365,2075,9207,2700,4800,8250,3,1,7,9,12,0/1/4,5/7/9,15/17/18,8,16,16,0,2,3,1,0,0,1,39,37,51,0,2,1,22,24,24,14,17,17,7,8,5,123,133,108,33,50,27,8.357
3速1耐1智1友,17866908312636293008,66983,US3,3337,1654,2189,1158,1838,8803,3150,5400,7500,3,1,8,10,11,0/1/4,5/7/9,15/17/18,9,13,16,0,2,3,1,0,0,1,38,42,47,1,0,0,22,24,24,14,16,14,6,6,3,115,123,92,28,30,33,8.206
3速1耐1智1友,14884874851844481639,67897,US4,3337,2212,1984,1483,1369,8937,3150,6600,8250,3,1,8,12,12,0/1/4,5/7/9,15/17/18,6,16,15,0,2,3,1,0,0,1,38,45,50,0,0,0,22,24,24,16,16,16,8,4,4,114,133,96,22,41,26,8.359
3速1耐1智1友,17316422418724718905,70729,US6,3337,2093,1865,1378,2022,9397,3150,6600,8250,3,1,8,12,12,0/1/4,5/7/9,15/17/18,10,16,14,0,2,3,1,0,0,0,41,47,51,0,0,0,22,24,24,10,18,14,2,6,2,106,143,114,21,53,23,8.458
3速1耐1智1友,2008667953356348058,68651,US4,3337,2017,1824,1362,1935,9014,2250,4800,7500,3,1,6,9,11,0/1/4,5/7/9,15/17/18,7,16,16,0,2,3,1,0,0,0,38,38,43,3,1,0,22,24,24,12,15,16,6,6,5,129,166,105,39,76,32,7.998
3速1耐1智1友,2657262410504491592,66380,US2,3337,2003,2004,1524,1399,8567,3150,5400,8250,3,1,8,10,12,0/1/4,5/7/9,15/17/18,8,16,17,0,2,3,1,0,0,0,38,45,52,0,5,3,22,24,24,12,22,16,4,12,4,111,150,106,21,39,21,8.619
3速1耐1智1友,2378747629310166250,64281,US1,3337,1517,2040,1308,1792,8240,3150,4800,6750,3,1,8,9,10,0/1/4,5/7/9,15/17/18,8,12,15,0,2,3,1,0,0,0,39,44,42,0,4,0,22,24,24,8,19,16,0,10,6,80,159,109,21,56,33,8.115
3速1耐1智1友,18387617760424919808,66367,US2,3337,1769,2054,1527,1546,8572,2250,5400,8250,3,1,6,10,12,0/1/4,5/7/9,15/17/18,7,14,17,0,2,3,1,0,0,0,40,44,51,5,1,0,22,24,24,14,18,15,8,8,3,149,163,107,42,77,27,8.552
3速1耐1智1友,9734671446796369956,64574,US1,3337,1923,2200,1444,974,8708,2700,5400,8250,3,1,7,10,12,0/1/4,5/7/9,15/17/18,8,12,16,0,2,3,1,0,0,1,39,44,50,0,1,0,22,24,24,12,20,17,5,10,5,107,140,107,27,45,17,8.564
2速2耐1智1友,3922466380943365996,70855,US6,3337,2400,1651,1939,1645,8607,2250,6000,7500,3,1,6,11,11,0/1/4,5/7/9,15/17/19,5,16,16,0,2,3,1,0,0,0,39,44,49,5,0,3,22,24,24,18,16,16,12,5,5,157,149,133,56,41,36,8.597
2速2耐1智1友,1417467685255734689,68802,US4,3337,2123,1643,1534,1973,8921,3150,5400,8250,3,1,8,10,12,0/1/4,5/7/9,15/17/19,8,16,18,0,2,3,1,0,0,0,39,41,51,0,0,0,22,24,24,11,15,14,3,5,2,111,124,119,20,42,28,8.388
2速2耐1智1友,8077272635715085863,69502,US5,3337,2217,1627,1715,1820,8689,2700,5400,6750,3,1,7,10,10,0/1/4,5/7/9,15/17/19,9,15,15,0,2,3,1,0,0,1,38,42,49,0,0,3,22,24,24,11,16,17,4,6,7,122,138,119,32,53,36,8.122
2速2耐1智1友,16066393212008952125,73895,US8,3337,2400,1473,1954,2164,9141,3150,5400,7500,3,1,8,10,11,0/1/4,5/7/9,15/17/19,9,14,19,0,2,3,1,0,0,0,39,44,46,0,3,0,22,24,24,15,19,13,7,9,2,98,181,128,24,68,59,4.436
2速2耐1智1友,8443914800814418601,68291,US4,3337,2162,1400,1703,2036,8434,2250,6000,7500,3,1,6,11,11,0/1/4,5/7/9,15/17/19,10,18,17,0,2,3,1,0,0,1,40,42,46,5,0,0,22,24,24,19,14,12,13,3,1,162,105,105,40,33,28,8.193
2速2耐1智1友,1365172817541655136,69753,US5,3337,2400,1507,1866,1736,8714,3150,4800,7500,3,1,8,9,11,0/1/4,5/7/9,15/17/19,12,15,17,0,2,3,1,0,0,0,40,41,46,0,3,0,22,24,24,13,16,15,5,7,4,112,152,94,27,48,33,8.142
2速2耐1智1友,13245666227613244507,67839,US4,3337,2196,1317,1637,2097,8360,2700,5400,7500,3,1,7,10,11,0/1/4,5/7/9,15/17/19,11,17,16,0,2,3,1,0,0,2,39,42,48,0,0,0,22,24,24,13,16,16,6,6,5,112,145,115,36,54,28,8.106
2速2耐1智1友,14201444035210538976,68734,US4,3301,2246,1313,1816,1994,8519,2250,6000,8250,3,1,6,11,12,0/1/4,5/7/9,15/17/19,10,13,15,0,2,3,1,0,0,0,37,45,48,6,0,0,22,24,24,12,12,19,6,1,7,146,112,105,43,30,27,8.267
2速1耐1力1智1友,17952819872564283596,70274,US5,3337,2183,2002,1137,2019,8956,3150,6000,8250,3,1,8,11,12,0/1/2,5/8/9,15/17/18,12,18,16,0,2,3,1,0,0,1,41,45,48,0,0,0,22,24,24,12,21,17,4,10,5,132,118,92,34,36,23,8.487
2速1耐1力1智1友,4012394544412402780,70568,US6,3337,2269,2123,1186,1737,8858,2700,6000,8250,3,1,7,11,12,0/1/2,5/8/9,15/17/18,8,18,16,0,2,3,1,0,0,0,37,47,49,0,2,0,22,24,24,16,17,17,9,6,5,137,130,109,41,25,28,14.489
2速1耐1力1智1友,9194012038440952412,61876,UA8,3337,1390,1888,919,1879,8244,2700,6000,8250,3,1,7,11,12,0/1/2,5/8/9,15/17/18,8,15,15,0,2,3,1,0,0,0,39,47,49,2,1,0,22,24,24,10,21,15,3,10,3,128,158,95,36,51,23,8.339
2速1耐1力1智1友,1158804880482860990,65101,US2,3217,2316,2200,1078,1182,8476,2700,6000,8250,3,1,7,11,12,0/1/2,5/8/9,15/17/18,10,14,16,0,2,3,1,0,0,0,38,46,50,0,0,0,22,24,24,10,23,18,3,12,6,117,155,122,27,65,33,8.621
2速1耐1力1智1友,5229978428530249106,68012,US4,3337,2019,2200,1415,1457,8443,2700,6000,6750,3,1,7,11,10,0/1/2,5/8/9,15/17/18,8,17,15,0,2,3,1,0,0,2,37,45,46,5,0,3,22,24,24,16,17,17,9,6,7,149,102,145,34,39,38,8.109
2速1耐1力1智1友,5795216748132270072,71485,US6,3337,2222,2157,1470,1744,9008,3150,6000,7500,3,1,8,11,11,0/1/2,5/8/9,15/17/18,10,17,16,0,2,3,1,0,0,1,40,44,44,0,0,0,22,24,24,13,15,19,5,4,8,149,120,107,45,51,25,8.263
2速1耐1力1智1友,5119782493956875776,67264,US3,3337,2084,2200,1222,1415,8540,2700,6000,8250,3,1,7,11,12,0/1/2,5/8/9,15/17/18,7,16,15,0,2,3,1,0,0,0,37,40,48,1,0,0,22,24,24,17,19,17,10,8,5,118,123,123,45,45,22,12.455
2速1耐1力1智1友,15205528247481560765,67514,US3,3337,1808,2200,1215,1664,9034,2700,5400,9000,3,1,7,10,13,0/1/2,5/8/9,15/17/18,10,15,17,0,2,3,1,0,0,0,38,42,51,2,0,0,22,24,24,17,20,18,10,10,5,144,150,100,35,69,30,8.467
2速1耐1力1智1友,1816199032128977169,71414,US6,3337,2067,2200,1196,2084,8823,2700,6600,8250,3,1,7,12,12,0/1/2,5/8/9,15/17/18,10,15,17,0,2,3,1,0,0,1,39,49,47,3,0,0,22,24,24,15,21,15,8,9,3,139,124,101,31,38,37,8.849
2速1耐1力1智1友,6415955663872425952,65623,US2,3337,1920,2200,1181,1507,8371,2700,6600,7500,3,1,7,12,11,0/1/2,5/8/9,15/17/18,8,16,17,0,2,3,1,0,0,1,36,44,50,0,0,2,22,24,24,13,18,16,6,6,5,120,114,105,41,32,25,8.591
2速1耐1力1智1友,17046804125514506421,72267,US7,3337,2271,2200,1220,1943,9064,3150,6600,7500,3,1,8,12,11,0/1/2,5/8/9,15/17/18,11,17,16,0,2,3,1,0,0,0,41,48,42,1,0,0,22,24,24,16,18,17,8,6,6,128,96,122,21,21,31,8.801
2速1耐1力1智1友,18423775050743180279,66465,US3,3337,2110,2200,1194,1409,8395,2250,5400,8250,3,1,6,10,12,0/1/2,5/8/9,15/17/18,6,16,17,0,2,3,1,0,0,0,36,40,49,2,0,0,22,24,24,16,17,15,10,7,3,138,121,100,26,53,16,8.226
2速1耐1力1智1友,2491254669393353151,66734,US3,3337,2152,2200,1421,1138,8214,3150,5400,8250,3,1,8,10,12,0/1/2,5/8/9,15/17/18,10,15,16,0,2,3,1,0,0,0,41,45,50,0,2,0,22,24,24,13,23,16,5,13,4,96,175,101,25,95,22,12.673
2速1耐1力1智1友,3653249079301815702,68079,US4,3337,1951,2200,1245,1682,8609,2250,6000,8250,3,1,6,11,12,0/1/2,5/8/9,15/17/18,9,16,17,0,2,3,1,0,0,1,39,48,49,4,0,0,22,24,24,14,20,18,8,9,6,153,143,115,52,52,32,8.351
2速1耐1力1智1友,14271578279524412336,60539,UA6,2971,1839,2200,1190,1395,7949,2250,6000,6750,3,1,6,11,10,0/1/2,5/8/9,15/17/18,7,14,13,0,2,3,1,0,2,2,38,47,42,3,0,0,22,24,24,18,19,18,12,8,8,149,124,130,43,29,29,8.156
2速1耐1力1智1友,11541169054506445805,65694,US2,3337,1781,2200,1110,1679,8478,2250,6000,7500,3,1,6,11,11,0/1/2,5/8/9,15/17/18,5,18,17,0,2,3,1,0,2,0,36,47,43,3,1,0,22,24,24,15,17,18,9,6,7,145,139,127,48,40,34,8.344
2速1耐1力1智1友,1294665674987976547,62364,UA8,2911,2337,2191,1080,1402,8119,2700,5400,8250,3,1,7,10,12,0/1/2,5/8/9,15/17/18,9,16,15,0,2,3,1,0,0,2,40,39,48,1,0,0,22,24,24,13,16,17,6,6,5,124,103,119,39,45,22,8.113
2速1耐1力1智1友,6912658344376518061,70348,US6,3337,2400,2176,1391,1326,8896,3150,6000,8250,3,1,8,11,12,0/1/2,5/8/9,15/17/18,12,15,17,0,2,3,1,0,0,0,41,45,49,0,0,0,22,24,24,11,21,17,3,10,5,131,127,100,43,44,23,8.616
2速1耐1力1智1友,2420087399911596950,70698,US6,3297,2256,1882,1334,2099,8913,1800,5400,7500,3,1,5,10,11,0/1/2,5/8/9,15/17/18,6,16,16,0,2,3,1,0,0,0,35,40,46,6,0,0,22,24,24,18,14,15,13,4,4,158,94,129,45,22,39,7.987
2速1耐1力1智1友,12507542186968997439,67394,US3,3337,1965,2200,1108,1718,8545,3150,6000,8250,3,1,8,11,12,0/1/2,5/8/9,15/17/18,10,17,16,0,2,3,1,0,0,0,41,49,49,1,2,0,22,24,24,18,19,18,10,8,6,138,147,107,31,52,23,8.377
2速1耐1力1智1友,10450092930148043241,66014,US2,3337,1728,2200,1109,1744,8631,2700,6000,7500,3,1,7,11,11,0/1/2,5/8/9,15/17/18,7,17,15,0,2,3,1,0,0,0,38,44,49,1,0,3,22,24,24,14,13,16,7,2,5,134,98,129,35,33,32,8.279
2速1耐1力1智1友,15636864325804638905,66495,US3,3337,1543,1945,1126,2211,8322,2700,6000,7500,3,1,7,11,11,0/1/2,5/8/9,15/17/18,9,16,14,0,2,3,1,0,0,0,40,40,47,0,0,1,22,24,24,14,19,15,7,8,4,117,128,99,20,57,35,8.299
2速1耐1力1智1友,3701588407402214650,65869,US2,3337,1746,2200,1100,1754,8412,2700,5400,7500,3,1,7,10,11,0/1/2,5/8/9,15/17/18,10,16,17,0,2,3,1,0,0,0,41,46,44,4,1,0,22,24,24,14,19,14,7,9,3,150,144,89,39,62,29,8.183
2速1耐1力1智1友,18214504841455677364,68649,US4,3337,2249,2200,1364,1414,8412,2700,6600,7500,3,1,7,12,11,0/1/2,5/8/9,15/17/18,8,17,16,0,2,3,1,0,0,2,37,47,47,0,0,0,22,24,24,9,16,16,2,4,5,121,116,103,41,23,28,12.691
2速1耐1力1智1友,2107839645070377952,62225,UA8,3207,1985,1931,1320,1405,7909,2700,6000,7500,3,1,7,11,11,0/1/2,5/8/9,15/17/18,10,14,14,0,2,3,1,0,0,0,39,46,46,2,1,0,22,24,24,14,20,15,7,9,4,128,153,102,26,60,26,8.437
2速1耐1力1智1友,2176856744612441569,59539,UA5,3091,1511,1907,1024,1948,7718,2250,5400,6750,3,1,6,10,10,0/1/2,5/8/9,15/17/18,7,16,16,0,2,3,1,0,1,4,37,40,49,4,0,5,22,24,24,15,19,13,9,9,3,167,119,110,45,33,28,8.252
2速1耐1力1智1友,18159313112478783518,68813,US4,3337,1806,2200,1100,2057,8609,2700,6600,8250,3,1,7,12,12,0/1/2,5/8/9,15/17/18,9,16,17,0,2,3,1,0,0,0,40,47,51,4,0,0,22,24,24,16,21,14,9,9,2,147,159,120,42,72,42,8.572
2速1耐1力1智1友,7490542521778678457,64892,US1,3278,1689,2200,1163,1778,7960,2700,6000,7500,3,1,7,11,11,0/1/2,5/8/9,15/17/18,7,16,13,0,2,3,1,0,0,0,36,46,51,1,0,4,22,24,24,17,15,19,10,4,8,158,100,123,45,30,43,8.596
2速1耐1力1智1友,3221486078113806738,66415,US3,3337,1698,2200,1061,1970,8415,2700,6600,6750,3,1,7,12,10,0/1/2,5/8/9,15/17/18,7,18,16,0,2,3,1,0,0,2,37,48,48,0,0,5,22,24,24,13,16,18,6,4,8,112,103,135,31,28,46,8.499
2速1耐1力1智1友,4336756056106391880,67281,US3,3337,2052,2200,1222,1496,8475,2700,5400,7500,3,1,7,10,11,0/1/2,5/8/9,15/17/18,9,14,16,0,2,3,1,0,0,1,40,43,47,3,0,1,22,24,24,15,18,14,8,8,3,131,105,113,30,41,33,8.528
2速1耐1力1智1友,2397075683521888309,57635,UA3,3192,1537,2200,920,1337,7425,3150,4800,6750,3,1,8,9,10,0/1/2,5/8/9,15/17/18,8,16,13,0,2,3,1,0,0,1,39,40,40,0,0,0,22,24,24,17,21,17,9,12,7,143,131,121,34,67,38,12.866
2速1耐1力1智1友,1841040879218939644,63500,US,3337,1689,2200,1049,1584,8097,3150,5400,7500,3,1,8,10,11,0/1/2,5/8/9,15/17/18,11,14,16,0,2,3,1,0,0,1,40,42,44,0,0,0,22,24,24,14,22,19,6,12,8,133,131,101,43,48,22,8.387
2速1耐1力1智1友,12213323262067434319,68694,US4,3204,2350,2118,1282,1691,8382,3150,6000,8250,3,1,8,11,12,0/1/2,5/8/9,15/17/18,9,16,16,0,2,3,1,0,0,0,39,46,50,0,0,0,22,24,24,15,18,18,7,7,6,119,113,108,24,33,22,8.449
2速1耐1力1智1友,8993902158340912255,67022,US3,3337,1883,2200,1091,1798,8451,2700,6000,8250,3,1,7,11,12,0/1/2,5/8/9,15/17/18,9,17,16,0,2,3,1,0,0,1,37,43,52,0,0,0,22,24,24,14,20,15,7,9,3,143,131,99,46,36,24,8.742
2速1耐1力1智1友,13982339964321220207,63777,US,3260,2007,2098,1159,1567,8062,2250,6000,7500,3,1,6,11,11,0/1/2,5/8/9,15/17/18,9,15,14,0,2,3,1,0,0,1,39,44,47,5,0,1,22,24,24,11,18,15,5,7,4,160,115,115,64,33,29,8.114
2速1耐1力1智1友,5674414669697253125,68374,US4,3332,2193,2200,1290,1483,8350,1800,6600,8250,3,1,5,12,12,0/1/2,5/8/9,15/17/18,8,15,17,0,2,3,1,0,0,0,39,46,47,9,0,0,22,24,24,15,21,16,10,9,4,149,126,106,38,27,25,8.556
2速1耐1力1智1友,15869905514319705338,71478,US6,3337,2400,2200,1288,1585,8960,2700,6600,8250,3,1,7,12,12,0/1/2,5/8/9,15/17/18,8,18,17,0,2,3,1,0,0,1,39,47,51,1,0,0,22,24,24,14,16,17,7,4,5,133,115,110,42,29,24,8.646
2速1耐1力1智1友,4303239767037212620,65115,US2,3337,1862,2200,1035,1488,8599,2700,6000,8250,3,1,7,11,12,0/1/2,5/8/9,15/17/18,8,16,16,0,2,3,1,0,0,0,38,44,50,4,0,0,22,24,24,17,17,17,10,6,5,145,116,87,35,25,19,12.694
2速1耐1力1智1友,14810996242497640362,66909,US3,3337,2132,1855,1319,1705,8601,2700,6000,7500,3,1,7,11,11,0/1/2,5/8/9,15/17/18,10,17,16,0,2,3,1,0,0,1,38,48,45,1,3,0,22,24,24,15,19,17,8,8,6,104,140,117,20,40,35,8.456
2速1耐1力1智1友,932579008768039287,71903,US7,3337,2315,2200,1434,1689,8877,2700,6600,7500,3,1,7,12,11,0/1/2,5/8/9,15/17/18,10,17,15,0,2,3,1,0,0,0,37,48,47,1,0,1,22,24,24,14,19,16,7,7,5,147,131,113,43,41,33,8.733
2速1力1根1智1友,9723002943072057713,66542,US3,3337,868,2200,1758,1970,8508,2700,4800,8250,3,1,7,9,12,0/2/3,5/6/9,15/16/19,9,16,18,0,2,3,1,0,0,0,39,39,52,1,1,0,22,24,24,13,19,13,6,10,1,151,125,110,53,55,27,8.151
2速1力1根1智1友,14029291422846956870,65730,US2,3337,782,2200,1681,2063,8542,2700,6600,7500,3,1,7,12,11,0/2/3,5/6/9,15/16/19,9,17,15,0,2,3,1,0,0,1,39,47,51,2,0,3,22,24,24,11,17,16,4,5,5,155,140,99,51,49,29,8.220
2速1力1根1智1友,7659579114545735761,64139,US,3337,769,2157,1872,1699,8140,2700,6000,8250,3,1,7,11,12,0/2/3,5/6/9,15/16/19,6,14,15,0,2,3,1,0,0,0,39,45,50,0,0,0,22,24,24,12,15,16,5,4,4,143,120,111,44,32,30,8.389
2速1力1根1智1友,13415455105205913297,65502,US2,3337,992,2200,1727,1841,8514,2250,6000,7500,3,1,6,11,11,0/2/3,5/6/9,15/16/19,8,16,17,0,2,3,1,0,0,1,39,45,50,7,1,1,22,24,24,16,20,15,10,9,4,179,177,128,60,70,29,8.575
2速1力1根1智1友,17085668312474990674,65467,US2,3337,957,2200,1737,1898,8373,2250,6000,8250,3,1,6,11,12,0/2/3,5/6/9,15/16/19,8,16,17,0,2,3,1,0,0,0,37,44,50,2,1,0,22,24,24,12,16,14,6,5,2,151,137,107,45,24,24,8.436
2速1力1根1智1友,15723536180148277967,63070,UA9,3337,774,2200,1602,1808,8145,2700,5400,7500,3,1,7,10,11,0/2/3,5/6/9,15/16/19,7,15,15,0,2,3,1,0,0,1,36,44,48,4,0,1,22,24,24,11,19,17,4,9,6,154,134,119,52,38,19,8.186
2速1力1根1智1友,10283153030941515133,64776,US1,3337,928,2200,1822,1669,8372,2250,5400,7500,3,1,6,10,11,0/2/3,5/6/9,15/16/19,9,15,13,0,2,3,1,0,1,0,39,46,49,5,1,5,22,24,24,13,20,15,7,10,4,168,162,133,51,75,39,13.548
2速1力1根1智1友,10808204907524002529,67730,US4,3337,782,2200,1896,2126,8569,2700,5400,8250,3,1,7,10,12,0/2/3,5/6/9,15/16/19,8,17,17,0,2,3,1,0,0,0,38,39,50,0,0,0,22,24,24,10,15,15,3,5,3,139,94,99,41,32,21,9.023
2速1力1根1智1友,9935309697722534963,64528,US1,3337,1110,2200,1418,1874,8465,2250,5400,8250,3,1,6,10,12,0/2/3,5/6/9,15/16/19,9,15,16,0,2,3,1,0,0,0,39,42,49,6,0,0,22,24,24,15,16,14,9,6,2,146,123,113,31,32,32,8.238
2速1力1根1智1友,4618596684933258521,60567,UA6,3114,908,1956,1633,2052,7597,2250,5400,6000,3,1,6,10,9,0/2/3,5/6/9,15/16/19,7,14,16,0,0,2,0,0,0,0,37,48,47,6,3,5,22,24,24,12,16,14,6,6,5,144,142,108,40,29,23,8.376
2速1力1根1智1友,2371246721497825609,62825,UA9,3337,927,2200,1427,1740,8317,2250,4800,8250,3,1,6,9,12,0/2/3,5/6/9,15/16/19,9,15,16,0,2,3,1,0,0,0,39,38,49,4,0,0,22,24,24,11,19,16,5,10,4,153,138,120,55,66,29,15.021
2速1力1根1智1友,1194949384006253366,60990,UA7,3337,994,2200,1184,1747,7888,2700,4800,6750,3,1,7,9,10,0/2/3,5/6/9,15/16/19,9,14,17,0,2,3,1,0,0,0,41,34,41,4,0,0,22,24,24,10,18,14,3,9,4,157,106,115,59,37,31,8.093
2速1力1根1智1友,4262987199165268246,68066,US4,3337,1029,2200,2192,1785,8541,2250,6600,8250,3,1,6,12,12,0/2/3,5/6/9,15/16/19,11,17,16,0,2,3,1,0,0,0,39,49,48,4,0,0,22,24,24,12,16,16,6,4,4,146,125,105,45,45,25,12.635
2速1力1根1智1友,4893619206942530144,64824,US1,3337,1025,2200,1249,2110,8022,2250,6000,6750,3,1,6,11,10,0/2/3,5/6/9,15/16/19,8,18,17,0,2,3,1,0,0,0,37,47,41,3,0,0,22,24,24,12,16,14,6,5,4,135,120,96,31,26,35,13.155
2速1力1根1智1友,12156138514183051588,62720,UA9,3337,1015,2200,1253,1922,7964,2250,6000,7500,3,1,6,11,11,0/2/3,5/6/9,15/16/19,9,17,16,0,2,3,1,0,0,0,39,46,47,5,0,1,22,24,24,17,16,13,11,5,2,157,121,104,25,36,32,9.429
2速1力1根1智1友,10809786112800973114,62480,UA8,3337,894,2200,2057,1371,7682,2250,6000,7500,3,1,6,11,11,0/2/3,5/6/9,15/16/19,9,18,15,0,2,3,1,0,0,2,39,42,50,5,0,2,22,24,24,11,18,15,5,7,4,168,125,137,49,36,33,8.900
3速1耐1智1友,10364075841737235895,66181,US2,3337,1972,1755,1144,1839,8910,3150,5400,6750,3,1,8,10,10,0/1/4,5/7/9,15/17/18,10,15,15,0,2,3,1,0,0,1,40,45,47,0,2,5,22,24,24,12,21,18,4,11,8,104,167,141,22,63,43,13.017
3速1耐1智1友,16602572095676606117,69172,US5,3337,2400,1851,1493,1452,8913,2700,5400,7500,3,1,7,10,11,0/1/4,5/7/9,15/17/18,9,16,16,0,2,3,1,0,0,0,41,43,45,3,0,0,22,24,24,11,14,14,4,4,3,140,128,85,47,38,23,8.902
3速1耐1智1友,15522199871225763942,63815,US,3337,1868,1634,1168,1816,8589,3150,4800,7500,3,1,8,9,11,0/1/4,5/7/9,15/17/18,11,15,15,0,2,3,1,0,0,0,41,41,49,1,3,5,22,24,24,14,18,17,6,9,6,131,134,116,25,66,24,9.495
3速1耐1智1友,14746519188721366552,65931,US2,3337,2315,1707,1314,1425,8415,3150,5400,7500,3,1,8,10,11,0/1/4,5/7/9,15/17/18,10,13,14,0,2,3,1,0,0,0,41,40,46,0,0,0,22,24,24,12,18,16,4,8,5,95,147,124,16,55,35,8.921
3速1耐1智1友,355623730388969859,68450,US4,3337,2355,2071,1415,1086,8766,2700,4800,6750,3,1,7,9,10,0/1/4,5/7/9,15/17/18,9,13,13,0,2,3,1,0,0,2,41,39,44,2,6,1,22,24,24,10,17,12,3,8,2,154,154,87,64,63,22,13.259
3速1耐1智1友,7028667460947403680,68111,US4,3337,2303,1738,1348,1523,8944,3150,4200,7500,3,1,8,8,11,0/1/4,5/7/9,15/17/18,14,14,14,0,2,3,1,0,0,1,41,33,48,0,0,1,22,24,24,12,19,17,4,11,6,102,150,129,22,55,28,8.331
3速1耐1智1友,15723246044169655730,65786,US2,3337,2013,1484,1247,1996,8662,2700,5400,8250,3,1,7,10,12,0/1/4,5/7/9,15/17/18,9,17,14,0,2,3,1,0,0,1,39,38,50,1,0,0,22,24,24,17,15,16,10,5,4,147,104,113,78,39,26,12.359
3速1耐1智1友,13940325435051441979,60508,UA6,3337,1814,1726,1190,1289,8087,2700,4800,6750,3,1,7,9,10,0/1/4,5/7/9,15/17/18,6,12,12,0,2,3,1,0,3,2,39,40,44,0,2,2,22,24,24,11,18,17,4,9,7,138,160,108,42,64,33,8.329
3速1耐1智1友,11862101645352446893,64846,US1,3337,2216,1656,1291,1527,8372,3150,4800,7500,3,1,8,9,11,0/1/4,5/7/9,15/17/18,10,15,17,0,2,3,1,0,0,0,40,43,45,0,4,0,22,24,24,13,17,15,5,8,4,119,188,102,28,83,20,8.797
3速1耐1智1友,10619380544739405773,63463,US,3337,1891,1567,1089,2013,8415,3150,6000,7500,3,1,8,11,11,0/1/4,5/7/9,15/17/18,12,16,15,0,2,3,1,0,0,1,42,45,48,0,1,1,22,24,24,12,21,16,4,10,5,114,157,111,30,43,25,8.523
3速1耐1智1友,1429694070346343975,61113,UA7,3337,1685,1704,970,1756,8159,2700,5400,6750,3,1,7,10,10,0/1/4,5/7/9,15/17/18,9,13,15,0,2,3,1,0,0,0,38,46,42,1,2,1,22,24,24,13,19,12,6,9,2,120,157,108,41,81,43,12.889
3速1耐1智1友,3551062981486957623,62895,UA9,3337,1896,1659,1176,1730,8292,3150,4200,7500,3,1,8,8,11,0/1/4,5/7/9,15/17/18,12,15,17,0,2,3,1,0,0,1,41,37,48,0,5,0,22,24,24,16,19,13,8,11,2,153,161,94,48,51,21,8.884
3速1耐1智1友,13261486280809430112,63604,US,3337,1902,1352,1251,2052,8190,2700,6000,6750,3,1,7,11,10,0/1/4,5/7/9,15/17/18,12,13,14,0,2,3,1,0,0,0,39,44,46,1,0,4,22,24,24,9,17,17,2,6,7,132,113,109,42,39,22,8.557
3速1耐1智1友,8896067874881400683,62097,UA8,3337,1448,1730,1136,1944,8447,2700,5400,8250,3,1,7,10,12,0/1/4,5/7/9,15/17/18,11,14,14,0,2,3,1,0,0,0,41,45,48,1,3,0,22,24,24,14,21,16,7,11,4,144,164,112,40,67,32,8.853
3速1耐1智1友,4538752246607697159,63130,UA9,3337,1949,1753,1275,1524,8320,3150,5400,6750,3,1,8,10,10,0/1/4,5/7/9,15/17/18,13,15,15,0,2,3,1,0,0,0,42,43,46,0,0,3,22,24,24,13,16,16,5,6,6,140,133,113,43,30,23,8.874
3速1耐1智1友,13447881969633036126,67429,US3,3337,2219,1655,1510,1689,8523,3150,6000,7500,3,1,8,11,11,0/1/4,5/7/9,15/17/18,9,14,11,0,2,3,1,0,0,0,38,45,46,0,0,0,22,24,24,12,18,17,4,7,6,83,154,116,21,52,28,12.714
3速1耐1智1友,15137777519581648158,68506,US4,3337,1658,2016,1046,2350,8723,3150,5400,7500,3,1,8,10,11,0/1/4,5/7/9,15/17/18,12,17,16,0,2,3,1,0,0,1,42,47,48,0,3,1,22,24,24,12,16,17,4,6,6,101,159,111,23,59,25,8.527
3速1耐1智1友,13450976886554867562,63161,UA9,3337,1803,2200,1216,1130,8176,2700,4800,6000,3,1,7,9,9,0/1/4,5/7/9,15/17/18,9,16,14,0,2,3,1,0,0,2,38,37,41,0,2,3,22,24,24,10,21,14,3,12,5,112,161,96,19,58,44,8.204
3速1耐1智1友,8509094467452688915,67376,US3,3337,1598,1931,1242,2181,8823,3150,5400,7500,3,1,8,10,11,0/1/4,5/7/9,15/17/18,12,14,16,0,2,3,1,0,0,0,42,43,46,0,0,0,22,24,24,14,14,16,6,4,5,120,114,110,43,29,25,9.028
3速1耐1智1友,845633575617302526,68856,US4,3337,2400,1780,1732,1413,8750,2700,6000,7500,3,1,7,11,11,0/1/4,5/7/9,15/17/18,8,15,14,0,2,3,1,0,0,0,38,45,46,1,1,0,22,24,24,11,20,18,4,9,7,122,163,123,29,71,33,8.398
3速1耐1智1友,7034202596770408319,65274,US2,3337,2262,1530,1294,1631,8183,3150,5400,7500,3,1,8,10,11,0/1/4,5/7/9,15/17/18,10,14,16,0,2,3,1,0,0,1,41,41,49,0,2,2,22,24,24,16,17,17,8,7,6,137,147,111,29,36,23,9.223
3速1耐1智1友,10416926000168564424,69673,US5,3337,2391,2030,1332,1531,8733,2700,6000,8250,3,1,7,11,12,0/1/4,5/7/9,15/17/18,6,17,15,0,2,3,1,0,0,1,37,44,48,0,0,0,22,24,24,12,17,17,5,6,5,104,129,99,26,48,22,12.540
3速1耐1智1友,3169385495315852334,63613,US,3337,1939,1740,1163,1661,8361,2700,6000,7500,3,1,7,11,11,0/1/4,5/7/9,15/17/18,10,15,16,0,2,3,1,0,0,0,35,47,45,2,0,0,22,24,24,16,16,15,9,5,4,130,116,90,48,33,21,8.740
3速1耐1智1友,2916902180499187096,65889,US2,3337,1950,2037,1203,1463,8650,3600,5400,7500,3,1,9,10,11,0/1/4,5/7/9,15/17/18,11,15,11,0,2,3,1,0,0,2,43,44,48,0,3,0,22,24,24,9,20,20,0,10,9,91,169,109,24,68,26,8.150
3速1耐1智1友,5587096057087660200,66989,US3,3337,2176,1476,1284,2078,8593,2700,6000,6000,3,1,7,11,9,0/1/4,5/7/9,15/17/18,9,14,17,0,2,3,1,0,0,1,40,46,42,1,0,1,22,24,24,12,19,14,5,8,5,108,138,116,20,56,30,8.720
3速1耐1智1友,12207887616304828159,68079,US4,3337,2400,1618,1350,1754,8698,3150,5400,8250,3,1,8,10,12,0/1/4,5/7/9,15/17/18,12,14,17,0,2,3,1,0,1,1,39,44,52,1,1,1,22,24,24,15,24,14,7,14,2,127,175,103,42,69,18,12.937
3速1耐1智1友,17639655076487926436,68972,US4,3337,2035,2035,1208,1780,9172,2700,6000,8250,3,1,7,11,12,0/1/4,5/7/9,15/17/18,11,17,15,0,2,3,1,0,0,0,40,44,50,0,0,0,22,24,24,18,18,15,11,7,3,138,145,106,46,38,28,8.540
3速1耐1智1友,5809256725429904770,66231,US2,3337,2138,2200,1235,1090,8950,3150,5400,6750,3,1,8,10,10,0/1/4,5/7/9,15/17/18,13,15,12,0,2,3,1,0,0,1,42,45,41,0,2,0,22,24,24,20,20,17,12,10,7,140,166,97,38,51,32,12.713
3速1耐1智1友,4607171894067141270,65001,US1,3337,1880,1807,1227,1854,8389,3150,5400,8250,3,1,8,10,12,0/1/4,5/7/9,15/17/18,10,12,14,0,2,3,1,0,0,1,40,43,50,0,0,0,22,24,24,13,13,16,5,3,4,120,154,105,30,62,34,8.173
3速1耐1智1友,795490182612661232,67851,US4,3337,2035,2180,1357,1479,8582,3150,6000,6000,3,1,8,11,9,0/1/4,5/7/9,15/17/18,11,15,13,0,2,3,1,0,0,0,42,45,36,1,1,0,22,24,24,14,21,13,6,10,4,136,162,72,47,58,20,9.141
3速1耐1智1友,17958932999380738175,66160,US2,3337,1727,2187,1171,1780,8489,3150,5400,6750,3,1,8,10,10,0/1/4,5/7/9,15/17/18,11,17,15,0,2,3,1,0,0,2,40,43,46,0,0,4,22,24,24,13,15,15,5,5,5,97,133,140,21,61,53,4.271
3速1耐1智1友,4267257560226095595,69704,US5,3337,1514,2163,1130,2340,8823,3150,6600,6000,3,1,8,12,9,0/1/4,5/7/9,15/17/18,12,17,17,0,2,3,1,0,0,1,41,46,44,0,0,4,22,24,24,14,17,13,6,5,4,122,114,117,32,41,57,8.819
3速1耐1智1友,14311333353729540263,66814,US3,3337,2400,1735,1385,1493,8496,3150,6000,8250,3,1,8,11,12,0/1/4,5/7/9,15/17/18,10,15,13,0,2,3,1,0,0,0,42,42,48,1,2,0,22,24,24,16,16,17,8,5,5,120,142,108,26,49,23,8.418
3速1耐1智1友,6792567853428318320,64316,US1,3337,1965,1997,1222,1460,8430,2700,4800,7500,3,1,7,9,11,0/1/4,5/7/9,15/17/18,11,15,13,0,2,3,1,0,0,1,40,42,49,0,4,2,22,24,24,11,18,16,4,9,5,109,198,130,29,96,31,12.629
3速1耐1智1友,5974517112425552549,69691,US5,3337,2190,1624,1180,2300,8817,3150,6000,7500,3,1,8,11,11,0/1/4,5/7/9,15/17/18,11,16,15,0,2,3,1,0,0,0,41,46,46,0,0,0,22,24,24,10,16,14,2,5,3,120,136,89,51,34,23,8.432
3速1耐1智1友,16711536068744076708,66535,US3,3337,1870,1761,1171,2113,8760,2700,5400,7500,3,1,7,10,11,0/1/4,5/7/9,15/17/18,10,17,13,0,2,3,1,0,0,1,41,44,48,3,3,2,22,24,24,16,17,14,9,7,3,133,141,106,48,46,23,8.137
3速1耐1智1友,9422936840373632902,67889,US4,3337,2315,1826,1369,1669,8557,2700,4800,6750,3,1,7,9,10,0/1/4,5/7/9,15/17/18,11,17,14,0,1,4,1,0,0,3,39,42,43,1,4,2,22,24,24,16,14,16,9,5,6,142,167,116,33,54,50,8.333
3速1耐1智1友,4797087306040167408,68331,US4,3337,2206,2200,1257,1360,8992,3150,5400,7500,3,1,8,10,11,0/1/4,5/7/9,15/17/18,13,14,15,0,2,3,1,0,0,1,41,42,48,0,0,1,22,24,24,17,21,14,9,11,3,107,131,99,25,43,24,8.507
3速1耐1智1友,756232827394324319,68972,US4,3337,2272,1693,1379,1852,8921,3150,4800,8250,3,1,8,9,12,0/1/4,5/7/9,15/17/18,11,17,15,0,2,3,1,0,0,0,39,35,50,0,0,1,22,24,24,15,16,15,7,7,3,120,124,116,34,33,24,8.668
3速1耐1智1友,531858140777709036,66831,US3,3337,2352,1812,1376,1284,8517,2700,4800,7500,3,1,7,9,11,0/1/4,5/7/9,15/17/18,10,15,14,0,2,3,1,0,0,0,39,38,49,0,1,2,22,24,24,14,14,18,7,5,7,128,155,123,34,69,30,8.388
2速2耐1智1友,1650692575417717657,71833,US7,3337,2400,1510,1699,2039,9012,2700,5400,7500,3,1,7,10,11,0/1/4,5/7/9,15/17/19,10,14,16,0,2,3,1,0,0,0,40,46,48,1,2,0,22,24,24,15,17,16,8,7,5,134,139,138,32,30,27,8.525
2速2耐1智1友,733787604725511931,67312,US3,3337,2063,1534,1418,2074,8544,3600,4800,6750,3,1,9,9,10,0/1/4,5/7/9,15/17/19,13,17,14,0,2,3,1,0,0,0,43,37,44,0,0,3,22,24,24,12,13,15,3,4,5,110,104,120,25,41,25,12.404
2速2耐1智1友,1070382939242330394,68289,US4,3337,2400,1574,1637,1629,8504,3150,4200,6750,3,1,8,8,10,0/1/4,5/7/9,15/17/19,8,15,17,0,2,3,1,0,0,0,39,37,49,0,5,6,22,24,24,11,12,17,3,4,7,122,184,154,34,112,44,8.685
2速2耐1智1友,11830696628358630667,71868,US7,3337,2400,1292,1652,2286,8809,3150,5400,6750,3,1,8,10,10,0/1/4,5/7/9,15/17/19,14,16,16,0,2,3,1,0,0,1,41,40,43,0,0,1,22,24,24,12,15,13,4,5,3,111,146,118,25,65,33,8.780
2速2耐1智1友,3449359251834803267,69315,US5,3337,2400,1334,1576,1990,8474,2700,4800,7500,3,1,7,9,11,0/1/4,5/7/9,15/17/19,11,15,16,0,2,3,1,0,0,0,40,37,50,2,1,4,22,24,24,14,14,16,7,5,5,156,147,131,53,83,28,8.116
2速2耐1智1友,849419257920760036,69858,US5,3337,2400,1421,1758,1936,8530,3150,4800,7500,3,1,8,9,11,0/1/4,5/7/9,15/17/19,11,15,17,0,2,3,1,0,0,0,41,42,47,0,4,1,22,24,24,13,13,15,5,4,4,114,181,110,20,102,20,8.555
2速2耐1智1友,10381465611543561513,69041,US5,3337,2400,1326,1710,1814,8476,2700,5400,7500,3,1,7,10,11,0/1/4,5/7/9,15/17/19,13,17,15,0,2,3,1,0,0,0,41,42,45,3,1,0,22,24,24,17,16,18,10,6,7,149,164,124,50,66,43,8.316
2速2耐1智1友,14367422342596276784,66218,US2,3337,2321,1297,1730,1661,7973,3150,4800,7500,3,1,8,9,11,0/1/4,5/7/9,15/17/19,8,15,15,0,2,3,1,0,0,2,41,37,47,1,0,1,22,24,24,16,11,16,8,2,5,129,144,116,23,63,25,7.964
2速1耐1力1智1友,9193442201355139391,69558,US5,3337,2047,2185,1070,2039,8780,2700,6000,8250,3,1,7,11,12,0/1/2,5/8/9,15/17/18,9,17,16,0,2,3,1,0,0,0,39,46,51,1,0,0,22,24,24,13,16,15,6,5,3,133,126,118,53,29,26,8.360
2速1耐1力1智1友,8513527011926131473,69095,US5,3337,2400,2200,1603,1038,8607,3150,6000,7500,3,1,8,11,11,0/1/2,5/8/9,15/17/18,11,14,15,0,2,3,1,0,0,0,40,43,47,0,0,0,22,24,24,12,17,17,4,6,6,104,108,117,31,29,19,8.688
2速1耐1力1智1友,145196211189551444,69029,US5,3337,2084,2200,1076,1852,8611,2700,6600,7500,3,1,7,12,11,0/1/2,5/8/9,15/17/18,6,15,17,0,2,3,1,0,0,1,36,47,51,1,0,2,22,24,24,15,17,18,8,5,7,123,102,148,24,14,44,8.643
2速1耐1力1智1友,1368500863572246365,68176,US4,3337,2166,2200,1163,1542,8487,3150,6000,8250,3,1,8,11,12,0/1/2,5/8/9,15/17/18,12,16,14,0,2,3,1,0,0,0,41,48,49,0,0,0,22,24,24,11,18,17,3,7,5,117,131,106,34,51,25,8.864
2速1耐1力1智1友,18421373900565102023,69107,US5,3204,2400,2191,1079,1781,8550,3150,6000,6750,3,1,8,11,10,0/1/2,5/8/9,15/17/18,8,16,17,0,2,3,1,0,0,0,39,44,47,1,0,6,22,24,24,13,17,13,5,6,3,128,105,148,35,39,51,8.729
2速1耐1力1智1友,9840163063675416226,64339,US1,3337,2007,1863,1101,1629,8250,2700,6000,6000,3,1,7,11,9,0/1/2,5/8/9,15/17/18,7,15,14,0,2,3,1,0,2,0,36,45,40,0,0,2,22,24,24,10,21,18,3,10,9,117,118,107,41,25,47,8.792
2速1耐1力1智1友,2628263364633947156,67353,US3,3337,2400,2200,1382,1091,8145,2700,4800,7500,3,1,7,9,11,0/1/2,5/8/9,15/17/18,9,13,15,0,2,3,1,0,0,1,40,41,50,3,0,1,22,24,24,17,22,17,10,13,6,135,147,120,29,74,23,8.328
2速1耐1力1智1友,3509096039911490550,70901,US6,3337,2199,2200,1049,1962,8913,3150,6000,8250,3,1,8,11,12,0/1/2,5/8/9,15/17/18,13,17,15,0,2,3,1,0,0,1,43,45,51,2,0,0,22,24,24,18,17,19,10,6,7,146,113,120,21,30,30,12.622
2速1耐1力1智1友,17794863914351683079,67923,US4,3315,2388,1948,1327,1449,8402,3150,5400,8250,3,1,8,10,12,0/1/2,5/8/9,15/17/18,8,15,17,0,2,3,1,0,0,0,41,40,49,0,0,0,22,24,24,14,16,16,6,6,4,110,107,105,25,32,36,8.508
2速1耐1力1智1友,7284319687374285697,68718,US4,3337,2150,1891,1135,2109,8591,2700,6000,7500,3,1,7,11,11,0/1/2,5/8/9,15/17/18,8,16,17,0,2,3,1,0,0,0,39,46,47,0,0,0,22,24,24,12,14,15,5,3,4,109,109,86,29,23,23,12.370
2速1耐1力1智1友,13372028065495926400,61656,UA7,3337,1578,1792,975,1916,8005,2700,5400,7500,3,1,7,10,11,0/1/2,5/8/9,15/17/18,13,16,14,0,1,4,1,0,0,0,41,43,41,2,1,0,22,24,24,13,17,14,6,7,3,139,147,88,33,68,26,8.240
2速1耐1力1智1友,6127757572009154777,72019,US7,3337,2400,2200,1503,1324,9061,2700,6000,8250,3,1,7,11,12,0/1/2,5/8/9,15/17/18,11,16,17,0,2,3,1,0,0,0,42,45,52,2,0,1,22,24,24,15,20,14,8,9,2,155,115,99,52,37,25,8.534
2速1耐1力1智1友,1342146253394017674,68542,US4,3337,2400,2200,1171,1373,8370,2250,6000,7500,3,1,6,11,11,0/1/2,5/8/9,15/17/18,10,16,15,0,2,3,1,0,0,0,39,47,46,4,1,0,22,24,24,12,19,18,6,8,7,136,149,106,44,61,34,8.088
2速1耐1力1智1友,9077337637596447001,65291,US2,3041,2400,2200,1168,1386,8468,2700,6000,7500,3,1,7,11,11,0/1/2,5/8/9,15/17/18,9,16,14,0,2,3,1,0,0,0,40,46,47,0,0,1,22,24,24,16,18,16,9,7,5,134,105,120,26,34,24,8.408
2速1耐1力1智1友,4856121347001529017,64371,US1,3337,1872,2102,981,1817,8238,2700,4200,6750,3,1,7,8,10,0/1/2,5/8/9,15/17/18,11,15,17,0,2,3,1,0,0,1,38,42,47,2,5,5,22,24,24,15,24,18,8,16,8,140,181,133,43,83,46,8.073
2速1耐1力1智1友,7442860338983573001,69920,US5,3337,2281,2083,1009,1978,8679,3150,5400,8250,3,1,8,10,12,0/1/2,5/8/9,15/17/18,10,16,16,0,2,3,1,0,0,0,40,40,49,1,1,0,22,24,24,15,19,14,7,9,2,139,112,100,43,31,21,8.371
2速1耐1力1智1友,16745007580431942310,72212,US7,3337,2338,1859,1113,2270,8930,3150,6000,8250,3,1,8,11,12,0/1/2,5/8/9,15/17/18,11,16,17,0,2,3,1,0,0,0,41,47,50,0,0,0,22,24,24,14,14,16,6,3,4,116,101,95,32,24,21,8.596
2速1耐1力1智1友,2831311307993154119,68448,US4,3337,1977,1976,856,2313,8715,3150,6600,7500,3,1,8,12,11,0/1/2,5/8/9,15/17/18,10,14,16,0,2,3,1,0,0,0,38,46,46,0,0,0,22,24,24,11,18,16,3,6,5,94,126,132,18,31,35,12.380
2速1耐1力1智1友,16365588686036966193,68261,US4,3337,2313,1938,1210,1583,8595,3150,6000,7500,3,1,8,11,11,0/1/2,5/8/9,15/17/18,8,17,16,0,2,3,1,0,1,0,39,44,49,0,0,3,22,24,24,15,18,18,7,7,7,114,111,122,34,33,26,8.926
2速1耐1力1智1友,5732899768108320014,65630,US2,3337,2132,1958,1060,1664,8416,2700,6000,6750,3,1,7,11,10,0/1/2,5/8/9,15/17/18,9,16,15,0,2,3,1,0,0,1,39,48,44,0,0,3,22,24,24,12,20,14,5,9,4,124,136,124,44,61,47,8.325
2速1耐1力1智1友,11312186236519282152,67926,US4,3337,2093,2200,1097,1712,8667,3150,4800,7500,3,1,8,9,11,0/1/2,5/8/9,15/17/18,13,17,17,0,2,3,1,0,0,1,42,38,45,0,0,0,22,24,24,15,18,16,7,9,5,118,99,122,29,34,32,5.323
2速1耐1力1智1友,6508952195607185635,66511,US3,3230,2084,1825,1259,1974,8230,2700,6000,6750,3,1,7,11,10,0/1/2,5/8/9,15/17/18,9,16,15,0,2,3,1,0,0,2,40,45,44,0,0,3,22,24,24,11,19,17,4,8,7,127,119,118,39,43,37,4.531
2速1耐1力1智1友,14371377634513379727,63012,UA9,3150,2076,2200,919,1536,7846,3150,5400,6000,3,1,8,10,9,0/1/2,5/8/9,15/17/18,10,15,16,0,2,3,1,0,1,2,40,39,43,0,0,5,22,24,24,15,16,14,7,6,5,109,107,130,32,56,45,4.601
2速1耐1力1智1友,11816732897288611687,66795,US3,3337,2071,2200,1155,1483,8252,3150,6000,7500,3,1,8,11,11,0/1/2,5/8/9,15/17/18,13,17,14,0,2,3,1,0,0,0,43,39,48,3,0,1,22,24,24,14,17,19,6,6,8,130,97,91,24,40,25,8.547
2速1耐1力1智1友,12648071098488139094,66682,US3,3337,2224,1956,1191,1710,8438,2700,4800,7500,3,1,7,9,11,0/1/2,5/8/9,15/17/18,6,15,15,0,2,3,1,0,0,2,36,36,47,0,0,0,22,24,24,16,14,15,9,5,4,122,99,106,37,37,34,8.107
2速1耐1力1智1友,10280924060891364404,65934,US2,3320,2308,2200,1084,1412,8240,2700,5400,7500,3,1,7,10,11,0/1/2,5/8/9,15/17/18,7,14,16,0,2,3,1,0,0,0,39,40,48,0,0,0,22,24,24,11,19,17,4,9,6,120,132,102,38,68,29,8.399
2速1耐1力1智1友,2364977401008843795,62077,UA8,3337,2035,2200,1002,1013,7956,3150,5400,7500,3,1,8,10,11,0/1/2,5/8/9,15/17/18,12,15,13,0,2,3,1,0,0,3,42,40,47,1,0,0,22,24,24,14,16,14,6,6,3,136,103,103,44,28,29,10.049
2速1耐1力1智1友,7586819555734973613,62318,UA8,3337,1704,1926,858,1934,8119,2700,5400,7500,3,1,7,10,11,0/1/2,5/8/9,15/17/18,13,13,15,0,2,3,1,0,0,0,41,35,46,3,0,0,22,24,24,13,20,15,6,10,4,141,135,129,48,54,38,8.667
2速1耐1力1智1友,16695966051289604922,66707,US3,3168,2372,2200,1157,1470,8178,2700,5400,7500,3,1,7,10,11,0/1/2,5/8/9,15/17/18,13,17,14,0,2,3,1,0,0,0,41,39,48,5,0,2,22,24,24,14,14,16,7,4,5,156,106,111,60,45,29,13.770
2速1耐1力1智1友,4486937952607968369,65922,US2,3337,2002,2148,945,1735,8316,3600,4800,7500,3,1,9,9,11,0/1/2,5/8/9,15/17/18,14,16,17,0,2,3,1,0,0,1,44,39,48,0,4,0,22,24,24,10,18,17,1,9,6,116,135,109,30,29,29,8.978
2速1耐1力1智1友,5846772204497965412,68251,US4,3337,2135,2057,1079,1967,8348,2700,6600,7500,3,1,7,12,11,0/1/2,5/8/9,15/17/18,11,17,14,0,2,3,1,0,0,2,40,47,46,2,0,0,22,24,24,13,19,15,6,7,4,144,103,96,42,22,31,12.256
2速1耐1力1智1友,16775488382970343281,69907,US5,3337,2242,2200,1077,1893,8536,2700,6000,8250,3,1,7,11,12,0/1/2,5/8/9,15/17/18,9,17,16,0,2,3,1,0,0,0,39,47,51,1,5,0,22,24,24,17,19,15,10,8,3,148,149,112,38,26,22,4.303
2速1力1根1智1友,12812635565791071832,62228,UA8,3337,999,2200,1599,1476,8094,2700,4200,8250,3,1,7,8,12,0/2/3,5/6/9,15/16/19,10,13,16,0,2,3,1,0,0,0,40,36,50,1,2,0,22,24,24,12,21,15,5,13,3,126,149,108,27,64,21,12.125
2速1力1根1智1友,8320987297425522515,64253,US1,3337,961,2200,1847,1658,8204,2700,5400,7500,3,1,7,10,11,0/2/3,5/6/9,15/16/19,11,16,13,0,2,3,1,0,0,1,40,39,49,4,0,2,22,24,24,10,16,16,3,6,5,166,127,108,48,56,21,8.900
2速1力1根1智1友,9738526767599985254,64595,US1,3337,775,2200,1978,1638,8383,2700,6000,7500,3,1,7,11,11,0/2/3,5/6/9,15/16/19,11,17,15,0,2,3,1,0,0,0,39,44,47,0,2,1,22,24,24,8,21,15,1,10,4,121,142,133,40,53,33,9.417
2速1力1根1智1友,8356820234712210658,65101,US2,3337,1193,2200,1842,1373,8284,2250,4800,7500,3,1,6,9,11,0/2/3,5/6/9,15/16/19,7,15,15,0,2,3,1,0,0,0,39,46,47,7,7,1,22,24,24,12,15,15,6,6,4,147,181,98,41,73,23,9.605
2速1力1根1智1友,18044621808784604562,61334,UA7,3337,1107,2200,1232,1622,7783,2700,5400,6750,3,1,7,10,10,0/2/3,5/6/9,15/16/19,12,16,15,0,2,3,1,0,0,2,39,42,43,4,4,0,22,24,24,14,21,16,7,11,6,162,183,110,44,78,29,12.528
2速1力1根1智1友,17028817843979426203,63670,US,3337,1042,2200,1811,1480,8144,2700,5400,7500,3,1,7,10,11,0/2/3,5/6/9,15/16/19,9,14,15,0,2,3,1,0,2,2,39,42,48,2,0,0,22,24,24,11,18,18,4,8,7,153,123,135,43,34,35,8.768
2速1力1根1智1友,14898260960194173848,65134,US2,3337,1199,2200,1516,1817,8325,2250,5400,8250,3,1,6,10,12,0/2/3,5/6/9,15/16/19,10,16,16,0,2,3,1,0,1,0,39,43,49,4,0,0,22,24,24,11,14,15,5,4,3,153,114,119,50,48,32,8.367
2速1力1根1智1友,18115397903700826049,67122,US3,3337,1274,2200,971,2299,8668,2700,6000,7500,3,1,7,11,11,0/2/3,5/6/9,15/16/19,10,16,17,0,2,3,1,0,0,2,40,47,47,1,3,0,22,24,24,13,19,15,6,8,4,136,155,91,34,45,22,12.432
2速1力1根1智1友,8388676875442984862,60496,UA6,3337,901,2141,1186,1925,7759,2700,5400,6750,3,1,7,10,10,0/2/3,5/6/9,15/16/19,10,17,12,0,2,3,1,0,0,0,40,42,48,0,0,7,22,24,24,12,17,17,5,7,7,155,138,132,40,47,25,8.169
2速1力1根1智1友,5477371205367301551,66570,US3,3337,975,2200,2200,1540,8120,2700,6000,7500,3,1,7,11,11,0/2/3,5/6/9,15/16/19,9,17,13,0,2,3,1,0,0,1,39,43,48,5,0,2,22,24,24,12,16,17,5,5,6,143,122,109,34,36,30,9.602
2速1力1根1智1友,1762820910784174971,62500,UA9,3337,911,2128,1687,1785,7885,2700,6000,7500,3,1,7,11,11,0/2/3,5/6/9,15/16/19,11,13,15,0,2,3,1,0,0,0,40,44,49,2,0,2,22,24,24,12,17,16,5,6,5,116,122,111,22,42,26,14.221
2速1力1根1智1友,18360942466363691363,66023,US2,3337,847,2200,1773,1967,8270,2250,6600,6750,3,1,6,12,10,0/2/3,5/6/9,15/16/19,9,16,16,0,2,3,1,0,0,0,40,48,45,6,0,3,22,24,24,13,18,17,7,6,7,155,124,111,34,36,34,4.352
3速1耐1智1友,5904023325640752546,68751,US4,3337,1968,1708,1285,2095,9112,2700,6000,8250,3,1,7,11,12,0/1/4,5/7/9,15/17/18,8,14,15,0,2,3,1,0,0,0,38,44,49,0,0,0,22,24,24,12,13,15,5,2,3,128,172,104,28,66,23,12.879
3速1耐1智1友,10755459465499101432,59856,UA5,3337,1182,2097,850,1593,8413,2700,5400,7500,3,1,7,10,11,0/1/4,5/7/9,15/17/18,11,14,13,0,2,3,1,0,0,0,40,41,46,1,0,0,22,24,24,12,14,15,5,4,4,125,113,116,34,32,25,8.652
3速1耐1智1友,1506707756196335883,62131,UA8,3337,1756,1727,1203,1492,8574,2700,4800,7500,3,1,7,9,11,0/1/4,5/7/9,15/17/18,13,17,12,0,2,3,1,0,0,0,41,37,47,1,0,0,22,24,24,15,14,17,8,5,6,128,128,104,28,54,21,4.644
3速1耐1智1友,15194456813880386357,62683,UA9,3337,1875,1537,1351,1617,8306,2700,4200,6750,3,1,7,8,10,0/1/4,5/7/9,15/17/18,13,14,12,0,2,3,1,0,0,3,42,36,46,2,2,3,22,24,24,12,15,17,5,7,7,117,174,123,32,81,25,17.400
3速1耐1智1友,3042519303233245530,63852,US,3337,1906,1907,1315,1367,8719,3150,5400,7500,3,1,8,10,11,0/1/4,5/7/9,15/17/18,14,16,13,0,2,3,1,0,0,0,41,45,47,0,5,0,22,24,24,14,20,18,6,10,7,120,172,105,33,80,25,9.621
3速1耐1智1友,6462357498548083744,70416,US6,3337,2383,1671,1556,1724,9330,2700,6600,7500,3,1,7,12,11,0/1/4,5/7/9,15/17/18,12,18,13,0,2,3,1,0,0,0,42,46,47,3,0,0,22,24,24,15,18,18,8,6,7,154,143,100,40,38,18,13.990
3速1耐1智1友,1187609793993026611,63884,US,3337,1601,2200,1116,1524,8821,3150,4800,6750,3,1,8,9,10,0/1/4,5/7/9,15/17/18,9,17,12,0,2,3,1,0,0,2,41,44,47,0,4,4,22,24,24,14,21,19,6,12,9,122,189,125,26,91,26,8.133
3速1耐1智1友,14325682210796501953,63692,US,3337,1836,1848,1293,1539,8702,3150,4800,8250,3,1,8,9,12,0/1/4,5/7/9,15/17/18,12,13,13,0,2,3,1,0,0,0,42,33,48,1,0,0,22,24,24,17,15,19,9,6,7,143,108,108,45,38,29,9.644
3速1耐1智1友,14594813924138696434,65464,US2,3337,1860,1664,1362,1982,8521,2250,5400,8250,3,1,6,10,12,0/1/4,5/7/9,15/17/18,8,11,14,0,2,3,1,0,0,0,39,39,48,4,0,0,22,24,24,12,16,16,6,6,4,135,102,105,36,26,29,14.868
3速1耐1智1友,7358584429068494998,63870,US,3337,1316,1991,1098,1917,8756,2700,6000,6750,3,1,7,11,10,0/1/4,5/7/9,15/17/18,9,15,13,0,2,3,1,0,0,1,38,46,47,1,1,2,22,24,24,14,18,20,7,7,10,117,147,157,34,42,35,15.096
3速1耐1智1友,17076535442360023308,65141,US2,3337,2115,1932,1420,1290,8424,2700,4800,7500,3,1,7,9,11,0/1/4,5/7/9,15/17/18,7,14,14,0,2,3,1,0,0,2,39,40,50,0,1,3,22,24,24,13,18,16,6,9,5,120,167,110,37,67,24,9.413
3速1耐1智1友,1923564741238301413,66885,US3,3337,1815,2009,1233,1801,9084,2700,5400,7500,3,1,7,10,11,0/1/4,5/7/9,15/17/18,6,16,14,0,2,3,1,0,0,0,38,38,48,1,0,0,22,24,24,11,15,15,4,5,4,118,122,106,25,54,27,8.857
3速1耐1智1友,12835704476676808501,63719,US,3337,1454,1938,1064,2062,8416,2700,5400,7500,3,1,7,10,11,0/1/4,5/7/9,15/17/18,11,16,12,0,2,3,1,0,0,0,41,41,48,2,0,1,22,24,24,14,12,18,7,2,7,120,112,120,38,25,29,8.259
3速1耐1智1友,11798155222727834660,71266,US6,3337,2210,2200,1431,1554,9617,3150,6000,8250,3,1,8,11,12,0/1/4,5/7/9,15/17/18,9,14,14,0,2,3,1,0,0,1,38,41,50,0,0,0,22,24,24,9,19,14,1,8,2,99,147,91,24,56,23,8.332
3速1耐1智1友,2451847435101929350,65660,US2,3337,2091,1674,1523,1621,8648,2700,5400,7500,3,1,7,10,11,0/1/4,5/7/9,15/17/18,6,14,14,0,2,3,1,0,0,1,39,41,47,5,0,0,22,24,24,17,17,18,10,7,7,137,133,121,27,47,25,8.315
3速1耐1智1友,2526943370576531411,65646,US2,3337,1914,1817,1340,1753,8795,3150,4200,8250,3,1,8,8,12,0/1/4,5/7/9,15/17/18,9,15,14,0,2,3,1,0,0,0,41,38,48,0,4,0,22,24,24,15,19,17,7,11,5,119,163,92,34,73,21,8.404
3速1耐1智1友,7710423051138652428,66045,US2,3337,1491,2002,1007,2129,8854,2700,5400,7500,3,1,7,10,11,0/1/4,5/7/9,15/17/18,10,14,13,0,2,3,1,0,0,1,42,40,49,3,1,2,22,24,24,15,19,17,8,9,6,128,125,108,20,37,26,8.354
3速1耐1智1友,2731057112873545631,70864,US6,3337,2400,1908,1405,1716,9153,2700,6000,8250,3,1,7,11,12,0/1/4,5/7/9,15/17/18,7,17,14,0,2,3,1,0,0,0,36,46,49,0,0,0,22,24,24,10,19,14,3,8,2,107,146,106,38,42,30,8.329
3速1耐1智1友,16593948453941865941,68832,US4,3337,1820,1700,1209,2445,8880,2700,6000,6750,3,1,7,11,10,0/1/4,5/7/9,15/17/18,10,18,16,0,2,3,1,0,0,3,39,47,49,0,4,5,22,24,24,14,13,19,7,2,9,109,170,137,31,65,40,12.174
3速1耐1智1友,861099690295976268,69071,US5,3337,1950,1905,1106,2208,9025,3150,5400,7500,3,1,8,10,11,0/1/4,5/7/9,15/17/18,9,18,16,0,2,3,1,0,0,1,41,42,49,0,0,2,22,24,24,13,14,15,5,4,4,119,127,113,24,43,35,8.135
3速1耐1智1友,1553669340392755558,68848,US4,3337,2286,1858,1445,1764,8694,2700,5400,7500,3,1,7,10,11,0/1/4,5/7/9,15/17/18,9,15,13,0,2,3,1,0,0,3,40,45,48,0,1,0,22,24,24,14,19,16,7,9,5,96,145,112,23,59,29,8.227
3速1耐1智1友,15872049890352060576,60008,UA6,3337,1632,2200,1123,1027,8137,2250,5400,6750,3,1,6,10,10,0/1/4,5/7/9,15/17/18,7,12,13,0,2,3,1,0,0,3,39,40,46,4,0,1,22,24,24,15,15,20,9,5,10,152,166,122,49,74,20,7.997
3速1耐1智1友,16325085897007143659,68558,US4,3337,2312,1838,1352,1890,8508,2250,6000,6750,3,1,6,11,10,0/1/4,5/7/9,15/17/18,5,16,13,0,2,3,1,0,1,0,38,46,46,4,0,4,22,24,24,17,16,14,11,5,4,146,119,122,21,35,33,8.366
3速1耐1智1友,10444116651000095114,70806,US6,3337,2111,1963,1230,2114,9339,3150,5400,7500,3,1,8,10,11,0/1/4,5/7/9,15/17/18,10,15,14,0,2,3,1,0,1,0,40,44,49,0,0,1,22,24,24,11,17,15,3,7,4,106,117,112,14,36,31,8.462
3速1耐1智1友,13705532130916225843,69062,US5,3337,1869,2027,1377,1992,8974,2700,5400,7500,3,1,7,10,11,0/1/4,5/7/9,15/17/18,11,14,11,0,2,3,1,0,0,0,38,45,47,0,1,0,22,24,24,14,14,16,7,4,5,101,136,102,25,52,27,8.132
3速1耐1智1友,11975255687391228009,68668,US4,3337,2101,1751,1335,1984,8871,2700,4800,8250,3,1,7,9,12,0/1/4,5/7/9,15/17/18,10,16,15,0,2,3,1,0,2,0,40,41,50,0,2,0,22,24,24,14,20,18,7,11,6,118,162,100,30,55,29,12.804
3速1耐1智1友,17916382992471205856,65333,US2,3337,1537,2200,1117,1653,8881,3150,5400,7500,3,1,8,10,11,0/1/4,5/7/9,15/17/18,10,15,14,0,2,3,1,0,0,0,40,42,48,2,0,0,22,24,24,14,17,15,6,7,4,120,101,92,33,38,18,8.483
3速1耐1智1友,600779654907591972,71452,US6,3337,1921,2057,1272,2088,9553,3150,6000,8250,3,1,8,11,12,0/1/4,5/7/9,15/17/18,13,17,16,0,2,3,1,0,0,1,42,42,50,1,0,0,22,24,24,14,16,16,6,5,4,134,122,102,29,38,26,9.572
3速1耐1智1友,12704316509172310411,68038,US4,3337,1678,2073,1145,2065,9149,2250,5400,7500,3,1,6,10,11,0/1/4,5/7/9,15/17/18,9,18,13,0,2,3,1,0,0,1,39,42,47,5,0,0,22,24,24,15,16,18,9,6,7,145,99,117,39,33,25,14.275
3速1耐1智1友,13725096288674328490,64653,US1,3337,1783,1941,1202,1647,8896,3150,5400,7500,3,1,8,10,11,0/1/4,5/7/9,15/17/18,11,15,12,0,2,3,1,0,0,0,41,45,48,1,2,1,22,24,24,18,19,17,10,9,6,146,184,143,65,74,31,10.853
3速1耐1智1友,8213639678231141273,68909,US4,3337,2024,1800,1458,2031,8891,2700,4800,7500,3,1,7,9,11,0/1/4,5/7/9,15/17/18,7,16,15,0,2,3,1,0,0,0,37,40,48,0,3,1,22,24,24,15,15,20,8,6,9,143,152,108,47,73,24,14.235
3速1耐1智1友,6468767326011614169,65316,US2,3337,1774,2137,1147,1585,8745,3150,6000,7500,3,1,8,11,11,0/1/4,5/7/9,15/17/18,11,13,14,0,2,3,1,0,0,0,40,46,48,0,0,2,22,24,24,12,14,17,4,3,6,108,119,103,24,28,20,14.457
3速1耐1智1友,9856875060727738798,68116,US4,3337,2079,1838,1243,1958,8878,2250,6000,8250,3,1,6,11,12,0/1/4,5/7/9,15/17/18,7,17,15,0,2,3,1,0,0,1,34,45,50,0,0,0,22,24,24,12,19,16,6,8,4,137,128,111,45,31,27,10.378
3速1耐1智1友,7124022293012460040,68788,US4,3337,1887,2071,1163,2063,8917,2700,5400,7500,3,1,7,10,11,0/1/4,5/7/9,15/17/18,11,16,14,0,2,3,1,0,0,1,40,44,47,0,0,1,22,24,24,10,18,18,3,8,7,90,127,122,27,42,24,13.707
3速1耐1智1友,11902101898508699157,65386,US2,3337,2043,2098,1263,1438,8464,2250,4800,7500,3,1,6,9,11,0/1/4,5/7/9,15/17/18,11,13,15,0,2,3,1,0,1,0,39,45,48,4,6,2,22,24,24,15,16,16,9,7,5,126,175,119,37,68,24,8.125
3速1耐1智1友,703229159312935184,72801,US7,3337,2009,2200,1301,2043,9191,3150,5400,7500,3,1,8,10,11,0/1/4,5/7/9,15/17/18,12,16,14,0,2,3,1,0,0,0,42,42,49,0,0,3,22,24,24,9,14,15,1,4,4,124,109,120,50,30,29,8.148
3速1耐1智1友,14637002568209486709,68723,US4,3337,1757,2052,1186,2087,8984,2700,5400,8250,3,1,7,10,12,0/1/4,5/7/9,15/17/18,9,16,15,0,2,3,1,0,0,0,41,43,49,1,0,0,22,24,24,14,18,17,7,8,5,146,157,112,43,54,25,12.169
3速1耐1智1友,2127677932118136654,68955,US4,3337,2251,2200,1302,1350,9005,3150,5400,7500,3,1,8,10,11,0/1/4,5/7/9,15/17/18,12,14,13,0,2,3,1,0,0,1,41,44,45,1,3,0,22,24,24,14,19,18,6,9,7,126,153,130,34,38,31,8.267
3速1耐1智1友,2349431777377752618,66979,US3,3337,2194,1788,1310,1685,8881,2700,6000,7500,3,1,7,11,11,0/1/4,5/7/9,15/17/18,9,15,12,0,2,3,1,0,0,0,38,44,48,0,0,2,22,24,24,14,20,19,7,9,8,127,128,127,34,26,28,8.486
3速1耐1智1友,9011731255848743356,64347,US1,3337,1952,2169,1312,1163,8421,3150,5400,6750,3,1,8,10,10,0/1/4,5/7/9,15/17/18,12,15,12,0,2,3,1,0,0,4,39,44,47,0,2,2,22,24,24,9,14,18,1,4,8,105,183,123,37,75,25,8.082
3速1耐1智1友,14169669254477890,72583,US7,3337,2400,1956,1505,1673,9199,2700,6000,7500,3,1,7,11,11,0/1/4,5/7/9,15/17/18,7,16,15,0,2,3,1,0,0,0,38,44,49,0,0,3,22,24,24,12,20,15,5,9,4,101,131,123,20,41,39,8.182
3速1耐1智1友,6899533640800588162,65583,US2,3337,1930,2018,1188,1581,8502,3150,4800,7500,3,1,8,9,11,0/1/4,5/7/9,15/17/18,11,14,13,0,2,3,1,0,0,1,42,38,46,0,0,0,22,24,24,12,15,17,4,6,6,104,116,111,26,51,21,8.075
3速1耐1智1友,3707961864813148488,68406,US4,3337,2088,1842,1250,1883,8853,2700,5400,7500,3,1,7,10,11,0/1/4,5/7/9,15/17/18,12,17,15,0,2,3,1,0,2,0,38,40,48,0,0,0,22,24,24,11,17,16,4,7,5,96,121,98,21,50,27,8.135
3速1耐1智1友,17334475899246298897,61425,UA7,3337,1363,2043,971,1739,8307,2700,4800,7500,3,1,7,9,11,0/1/4,5/7/9,15/17/18,10,15,12,0,2,3,1,0,0,1,38,42,47,0,3,1,22,24,24,15,24,16,8,15,5,122,180,113,28,109,22,8.694
3速1耐1智1友,14061714498085989326,66746,US3,3337,2196,1683,1398,1681,8654,2700,6000,7500,3,1,7,11,11,0/1/4,5/7/9,15/17/18,12,17,14,0,2,3,1,0,0,0,41,46,47,1,0,0,22,24,24,10,17,18,3,6,7,115,155,137,30,49,39,8.161
3速1耐1智1友,16615167119112576934,67626,US3,3337,2004,2097,1194,1679,8673,2700,4800,7500,3,1,7,9,11,0/1/4,5/7/9,15/17/18,8,16,13,0,2,3,1,0,0,0,37,38,47,0,1,1,22,24,24,13,14,13,6,5,2,119,165,113,26,78,27,8.097
3速1耐1智1友,6522464167249869792,70493,US6,3337,2074,1940,1204,2143,8992,2700,6000,8250,3,1,7,11,12,0/1/4,5/7/9,15/17/18,9,18,14,0,2,3,1,0,0,0,39,44,50,0,0,0,22,24,24,13,19,15,6,8,3,114,153,107,32,58,27,9.099
3速1耐1智1友,7691151460082948657,70417,US6,3337,2341,2088,1519,1349,8897,2700,6000,7500,3,1,7,11,11,0/1/4,5/7/9,15/17/18,8,15,14,0,2,3,1,0,0,3,38,46,49,2,0,0,22,24,24,16,18,17,9,7,6,142,149,110,46,53,28,8.767
3速1耐1智1友,1546016464683541750,70036,US5,3337,2400,2084,1642,1128,8972,2700,6000,7500,3,1,7,11,11,0/1/4,5/7/9,15/17/18,9,14,13,0,2,3,1,0,0,0,40,44,47,1,0,0,22,24,24,18,19,18,11,8,7,145,135,116,45,43,18,9.467
3速1耐1智1友,3561403191234362777,67978,US4,3337,2227,1922,1412,1501,8812,2700,4800,7500,3,1,7,9,11,0/1/4,5/7/9,15/17/18,10,15,12,0,2,3,1,0,0,0,40,37,48,0,2,0,22,24,24,11,14,17,4,5,6,131,156,110,39,77,23,14.372
3速1耐1智1友,17611376949826580918,66778,US3,3337,2149,1701,1474,1751,8741,3150,5400,8250,3,1,8,10,12,0/1/4,5/7/9,15/17/18,12,15,14,0,2,3,1,0,0,0,41,37,49,0,0,0,22,24,24,10,16,17,2,6,5,117,122,107,37,54,29,9.274
3速1耐1智1友,15980353932080400034,62885,UA9,3337,1455,2176,987,1634,8447,2700,4800,6750,3,1,7,9,10,0/1/4,5/7/9,15/17/18,11,17,11,0,2,3,1,0,1,3,41,37,46,1,0,3,22,24,24,14,17,19,7,8,9,143,120,137,37,31,31,8.318
3速1耐1智1友,260791480988105356,68702,US4,3337,2272,1836,1501,1596,8967,3150,4800,8250,3,1,8,9,12,0/1/4,5/7/9,15/17/18,9,17,15,0,2,3,1,0,0,0,40,39,50,0,0,0,22,24,24,11,17,16,3,8,4,114,153,102,25,78,22,12.639
3速1耐1智1友,7997470726489244595,68034,US4,3337,2099,1807,1413,1866,8822,3150,5400,7500,3,1,8,10,11,0/1/4,5/7/9,15/17/18,10,12,15,0,2,3,1,0,0,0,41,41,49,1,0,1,22,24,24,13,18,16,5,8,5,126,126,103,33,34,27,8.341
3速1耐1智1友,18158974853241172080,65747,US2,3337,2126,1914,1422,1418,8657,2700,4800,7500,3,1,7,9,11,0/1/4,5/7/9,15/17/18,9,14,14,0,2,3,1,0,0,1,40,40,51,0,2,1,22,24,24,13,21,16,6,12,5,103,165,104,24,89,24,8.210
3速1耐1智1友,1008199640710233911,68411,US4,3337,1832,1658,1325,2389,8783,2700,5400,7500,3,1,7,10,11,0/1/4,5/7/9,15/17/18,12,17,14,0,2,3,1,0,0,0,40,41,47,3,0,1,22,24,24,13,15,16,6,5,5,135,111,97,48,29,26,8.653
3速1耐1智1友,1980947910435634632,70257,US5,3337,1922,2200,1102,2064,9108,2700,6000,8250,3,1,7,11,12,0/1/4,5/7/9,15/17/18,12,18,14,0,2,3,1,0,1,1,42,46,49,3,0,0,22,24,24,10,16,16,3,5,4,143,109,90,59,31,23,8.753
3速1耐1智1友,8708598091029202052,67491,US3,3337,2228,2191,1333,1304,8483,2700,5400,6750,3,1,7,10,10,0/1/4,5/7/9,15/17/18,11,13,13,0,2,3,1,0,0,0,40,43,47,0,3,3,22,24,24,11,14,16,4,4,6,133,166,108,54,51,19,8.143
3速1耐1智1友,9688768239204667805,67942,US4,3337,2224,2116,1277,1440,8661,3150,5400,7500,3,1,8,10,11,0/1/4,5/7/9,15/17/18,11,16,14,0,2,3,1,0,0,1,42,45,47,0,2,0,22,24,24,13,17,17,5,7,6,128,172,103,38,49,28,8.386
3速1耐1智1友,9023331420731510098,66561,US3,3337,1891,2200,1063,1648,8889,2700,5400,8250,3,1,7,10,12,0/1/4,5/7/9,15/17/18,8,13,15,0,2,3,1,0,0,0,40,45,48,1,1,0,22,24,24,13,15,16,6,5,4,124,136,103,28,33,25,8.404
3速1耐1智1友,8477636888280475944,67744,US4,3337,1863,2193,1203,1898,8561,2700,5400,7500,3,1,7,10,11,0/1/4,5/7/9,15/17/18,8,16,14,0,2,3,1,0,0,0,40,41,48,2,0,2,22,24,24,13,18,16,6,8,5,142,138,128,42,53,31,8.044
3速1耐1智1友,17147433360234268939,66268,US2,3337,1933,2200,1146,1528,8863,2700,4800,7500,3,1,7,9,11,0/1/4,5/7/9,15/17/18,10,18,12,0,2,3,1,0,0,1,40,39,47,0,1,0,22,24,24,16,12,15,9,3,4,120,151,95,30,74,20,7.957
3速1耐1智1友,15909481024343495812,68114,US4,3337,2208,1953,1349,1655,8781,2250,4800,8250,3,1,6,9,12,0/1/4,5/7/9,15/17/18,8,17,16,0,2,3,1,0,0,0,36,38,50,4,0,0,22,24,24,13,17,17,7,8,5,152,152,114,48,71,24,8.108
3速1耐1智1友,177513066775969174,64249,US1,3337,1732,1977,1097,1858,8302,2700,5400,7500,3,1,7,10,11,0/1/4,5/7/9,15/17/18,9,17,13,0,2,3,1,0,0,1,40,42,49,1,0,2,22,24,24,15,17,18,8,7,7,126,153,124,25,46,30,12.610
3速1耐1智1友,6607774463499605988,66611,US3,3337,2173,1721,1516,1523,8633,3150,5400,7500,3,1,8,10,11,0/1/4,5/7/9,15/17/18,11,13,14,0,2,3,1,0,0,0,40,44,47,0,2,1,22,24,24,13,15,19,5,5,8,115,135,127,22,37,25,10.441
3速1耐1智1友,16577779968368728720,65619,US2,3337,1938,1958,1380,1563,8558,2700,5400,7500,3,1,7,10,11,0/1/4,5/7/9,15/17/18,9,14,13,0,2,3,1,0,0,1,37,42,46,0,5,0,22,24,24,15,17,16,8,7,5,112,171,97,27,76,22,14.785
3速1耐1智1友,14439378746892306508,66278,US2,3337,1787,2074,1251,1734,8621,2700,5400,7500,3,1,7,10,11,0/1/4,5/7/9,15/17/18,7,16,13,0,2,3,1,0,0,2,37,46,48,0,3,1,22,24,24,10,22,16,3,12,5,101,181,105,33,95,20,14.738
3速1耐1智1友,12383352736252688980,65550,US2,3337,1864,2096,1218,1513,8556,3150,4800,8250,3,1,8,9,12,0/1/4,5/7/9,15/17/18,11,14,12,0,2,3,1,0,0,1,41,40,51,0,1,0,22,24,24,14,20,17,6,11,5,127,157,115,43,61,25,10.856
3速1耐1智1友,14447340942402381749,68256,US4,3337,1886,1831,1548,2053,8797,3150,6000,7500,3,1,8,11,11,0/1/4,5/7/9,15/17/18,11,14,15,0,2,3,1,0,0,3,40,45,48,0,0,0,22,24,24,11,18,15,3,7,4,100,150,109,23,60,26,14.751
3速1耐1智1友,2640894871500413293,63813,US,3337,1785,2100,1305,1384,8290,2700,4800,7500,3,1,7,9,11,0/1/4,5/7/9,15/17/18,9,13,13,0,2,3,1,0,0,0,41,40,49,1,3,2,22,24,24,12,20,17,5,11,6,132,150,115,40,65,32,14.555
3速1耐1智1友,3579454781091310853,66913,US3,3337,2032,2035,1293,1715,8614,3150,4200,7500,3,1,8,8,11,0/1/4,5/7/9,15/17/18,12,15,15,0,2,3,1,0,0,2,41,40,48,0,5,0,22,24,24,11,22,16,3,14,5,101,185,109,25,76,29,10.484
3速1耐1智1友,10329034702810096197,66105,US2,3337,1994,2097,1380,1368,8576,2700,6000,7500,3,1,7,11,11,0/1/4,5/7/9,15/17/18,11,13,13,0,2,3,1,0,0,0,41,45,48,2,0,2,22,24,24,15,18,17,8,7,6,132,130,111,43,46,22,14.742
3速1耐1智1友,12911847634598383605,68748,US4,3337,1790,2200,1122,2128,8767,2700,6600,6750,3,1,7,12,10,0/1/4,5/7/9,15/17/18,9,16,13,0,2,3,1,0,0,0,40,47,47,1,1,3,22,24,24,15,20,14,8,8,4,138,141,100,41,48,24,14.756
3速1耐1智1友,5748285094787274235,68050,US4,3337,1928,2114,1231,1783,8863,3150,6000,8250,3,1,8,11,12,0/1/4,5/7/9,15/17/18,12,15,13,0,2,3,1,0,0,0,41,44,49,0,1,0,22,24,24,9,20,17,1,9,5,95,146,104,28,48,28,10.683
3速1耐1智1友,17386237297798221300,64186,US,3337,1724,2200,1033,1594,8388,2700,4800,8250,3,1,7,9,12,0/1/4,5/7/9,15/17/18,10,15,14,0,2,3,1,0,0,1,40,38,49,3,0,0,22,24,24,12,14,18,5,5,6,129,106,111,39,31,30,14.340
3速1耐1智1友,8155684950244713937,68106,US4,3337,2020,2094,1273,1777,8588,2700,5400,6750,3,1,7,10,10,0/1/4,5/7/9,15/17/18,8,15,15,0,2,3,1,0,0,0,37,44,49,0,1,3,22,24,24,12,17,17,5,7,7,115,175,120,20,79,34,14.332
3速1耐1智1友,2275788512803839314,68885,US4,3337,2268,2200,1277,1403,8790,2700,5400,7500,3,1,7,10,11,0/1/4,5/7/9,15/17/18,10,15,14,0,2,3,1,0,0,1,41,43,49,1,1,2,22,24,24,10,16,16,3,6,5,124,145,117,37,57,24,10.376
3速1耐1智1友,14080839981187555402,67638,US3,3337,1541,2200,1038,2168,8758,3150,4800,7500,3,1,8,9,11,0/1/4,5/7/9,15/17/18,11,15,16,0,2,3,1,0,0,0,41,39,50,1,1,3,22,24,24,13,15,17,5,6,6,102,135,122,22,52,24,10.590
3速1耐1智1友,574557752116893426,63540,US,3337,1952,1953,1220,1509,8103,2700,5400,7500,3,1,7,10,11,0/1/4,5/7/9,15/17/18,9,16,12,0,2,3,1,0,0,1,38,39,48,2,0,1,22,24,24,14,22,19,7,12,8,123,140,132,42,40,30,18.874
3速1耐1智1友,16467984185792073398,68055,US4,3337,2081,2200,1199,1601,8812,2700,4800,8250,3,1,7,9,12,0/1/4,5/7/9,15/17/18,12,15,15,0,2,3,1,0,0,0,42,36,50,3,1,0,22,24,24,16,16,16,9,7,4,138,126,106,49,52,18,10.545
3速1耐1智1友,16982030878905881736,74951,US9,3337,2400,2145,1587,1878,9388,3150,5400,8250,3,1,8,10,12,0/1/4,5/7/9,15/17/18,10,17,15,0,2,3,1,0,0,0,41,42,48,1,3,0,22,24,24,13,16,16,5,6,4,126,134,91,34,32,20,14.711
3速1耐1智1友,7282711128866967649,74628,US9,3337,1989,2200,1425,2216,9616,2700,6000,9000,3,1,7,11,13,0/1/4,5/7/9,15/17/18,10,16,15,0,2,3,1,0,0,0,40,46,50,0,1,0,22,24,24,11,18,16,4,7,3,113,164,92,30,62,27,15.205
3速1耐1智1友,6834670311971908783,73075,US8,3337,2238,2088,1624,1841,9045,2700,5400,7500,3,1,7,10,11,0/1/4,5/7/9,15/17/18,9,16,13,0,2,3,1,0,0,0,41,39,47,1,1,0,22,24,24,13,18,15,6,8,4,129,144,105,43,54,16,10.552
3速1耐1智1友,7913849479927525563,68295,US4,3337,1501,2006,1064,2390,9157,2700,6000,7500,3,1,7,11,11,0/1/4,5/7/9,15/17/18,11,17,15,0,2,3,1,0,0,0,41,46,48,1,0,2,22,24,24,12,14,16,5,3,5,132,130,118,40,39,31,10.602
3速1耐1智1友,924390896794921475,69954,US5,3337,2255,2184,1610,1484,8690,3150,5400,7500,3,1,8,10,11,0/1/4,5/7/9,15/17/18,9,17,14,0,2,3,1,0,0,1,39,43,46,0,0,0,22,24,24,14,19,15,6,9,4,119,133,103,28,34,26,14.696
3速1耐1智1友,5066186333154367518,65576,US2,3337,1673,2200,1112,1665,8787,2700,6000,7500,3,1,7,11,11,0/1/4,5/7/9,15/17/18,9,16,13,0,2,3,1,0,0,1,41,45,47,1,1,0,22,24,24,11,17,17,4,6,6,112,120,104,38,45,18,14.597
3速1耐1智1友,11861794121403620072,69135,US5,3337,1911,2125,1378,1885,8697,3150,6000,8250,3,1,8,11,12,0/1/4,5/7/9,15/17/18,10,15,15,0,2,3,1,0,0,0,39,45,50,0,2,0,22,24,24,17,18,15,9,7,3,122,164,104,25,44,22,6.823
3速1耐1智1友,6289482774315914117,67054,US3,3337,1960,2200,1215,1623,8611,2700,6000,7500,3,1,7,11,11,0/1/4,5/7/9,15/17/18,11,14,12,0,2,3,1,0,0,0,42,44,46,2,0,0,22,24,24,12,21,14,5,10,3,137,134,101,41,51,20,14.510
2速2耐1智1友,995924378785034477,65566,US2,3337,2196,1484,1451,1633,8471,3150,4800,6750,3,1,8,9,10,0/1/4,5/7/9,15/17/19,9,18,13,0,2,3,1,0,0,2,40,38,46,0,1,3,22,24,24,12,14,20,4,5,10,111,161,142,28,73,25,8.053
2速2耐1智1友,4317211698122645942,68486,US4,3337,2242,1524,1636,1789,8798,2700,5400,8250,3,1,7,10,12,0/1/4,5/7/9,15/17/19,10,14,16,0,2,3,1,0,0,1,41,42,48,1,0,0,22,24,24,13,16,16,6,6,4,138,153,108,35,46,28,8.238
2速2耐1智1友,14012247742405150641,66881,US3,3337,2012,1327,1472,2199,8510,2250,5400,7500,3,1,6,10,11,0/1/4,5/7/9,15/17/19,12,17,13,0,2,3,1,0,0,0,40,42,47,5,0,0,22,24,24,16,15,20,10,5,9,149,117,106,53,23,26,8.121
2速2耐1智1友,7234115080376996674,71664,US7,3337,2400,1278,1823,2108,8854,3150,5400,7500,3,1,8,10,11,0/1/4,5/7/9,15/17/19,12,15,16,0,2,3,1,0,0,0,40,44,48,0,0,0,22,24,24,16,16,15,8,6,4,136,141,117,43,49,26,8.324
2速2耐1智1友,14139184863453212282,67911,US4,3129,2400,1268,1637,2162,8481,2250,4800,7500,3,1,6,9,11,0/1/4,5/7/9,15/17/19,9,17,15,0,2,3,1,0,0,0,39,37,47,4,1,0,22,24,24,15,14,14,9,5,3,142,138,119,33,59,26,7.949
2速2耐1智1友,17841320878803781641,69153,US5,3337,2400,1574,1597,1823,8659,3150,5400,7500,3,1,8,10,11,0/1/4,5/7/9,15/17/19,10,17,13,0,2,3,1,0,0,0,40,41,47,0,1,1,22,24,24,11,16,17,3,6,6,94,148,119,20,59,33,8.255
2速2耐1智1友,8509689269844707868,68325,US4,3337,2400,1417,1698,1764,8428,2700,6000,7500,3,1,7,11,11,0/1/4,5/7/9,15/17/19,14,16,13,0,2,3,1,0,0,0,44,46,45,4,1,0,22,24,24,13,20,13,6,9,2,145,142,98,46,44,19,8.128
2速2耐1智1友,663638177909959132,70300,US6,3337,2369,1448,1643,2121,8601,2700,6000,7500,3,1,7,11,11,0/1/4,5/7/9,15/17/19,10,16,15,0,2,3,1,0,0,1,38,41,47,0,0,0,22,24,24,11,15,17,4,4,6,119,117,126,36,35,31,8.106
2速2耐1智1友,426316577881005937,69687,US5,3337,2015,1477,1543,2296,9040,3150,5400,7500,3,1,8,10,11,0/1/4,5/7/9,15/17/19,13,15,15,0,2,3,1,0,0,0,42,47,47,0,3,2,22,24,24,14,13,16,6,3,5,122,164,113,30,66,27,8.168
2速2耐1智1友,1095745205477133322,68254,US4,3337,2400,1560,1649,1584,8839,3150,4800,7500,3,1,8,9,11,0/1/4,5/7/9,15/17/19,9,17,12,0,2,3,1,0,0,0,42,36,46,1,1,0,22,24,24,15,14,17,7,5,6,136,126,122,25,41,26,8.086
2速2耐1智1友,1940848837190130903,69657,US5,3337,2134,1581,1536,2134,8706,2700,5400,7500,3,1,7,10,11,0/1/4,5/7/9,15/17/19,9,16,16,0,2,3,1,0,0,2,37,41,50,0,3,0,22,24,24,11,16,18,4,6,7,101,139,98,37,49,31,8.178
2速2耐1智1友,6362831941499517007,69752,US5,3337,2192,1447,1563,2084,8869,3150,6000,6750,3,1,8,11,10,0/1/4,5/7/9,15/17/19,13,18,13,0,2,3,1,0,0,0,42,47,46,0,2,5,22,24,24,16,18,16,8,7,6,136,156,125,34,47,28,8.154
2速2耐1智1友,8013945052767978809,71269,US6,3337,2400,1648,1792,1835,8848,3150,5400,7500,3,1,8,10,11,0/1/4,5/7/9,15/17/19,10,16,13,0,2,3,1,0,0,0,41,44,49,0,5,1,22,24,24,12,14,20,4,4,9,123,148,143,31,52,34,12.249
2速2耐1智1友,2287301426314388147,67674,US3,3281,2230,1594,1595,1865,8378,2250,5400,7500,3,1,6,10,11,0/1/4,5/7/9,15/17/19,11,12,14,0,2,3,1,0,0,0,39,41,47,4,1,1,22,24,24,12,13,14,6,3,3,128,139,113,35,58,28,7.859
2速2耐1智1友,6223245599253966315,70171,US5,3099,2400,1265,1642,2404,8768,3150,5400,7500,3,1,8,10,11,0/1/4,5/7/9,15/17/19,13,17,12,0,2,3,1,0,0,1,42,41,47,0,1,1,22,24,24,10,16,18,2,6,7,131,112,115,49,30,26,8.228
2速2耐1智1友,11102436591287965157,68971,US4,3337,2400,1569,1654,1717,8586,2700,5400,7500,3,1,7,10,11,0/1/4,5/7/9,15/17/19,10,17,12,0,2,3,1,0,0,1,41,45,47,2,2,0,22,24,24,18,13,18,11,3,7,132,161,170,28,47,59,8.212
2速2耐1智1友,3963863883729139860,69938,US5,3337,2400,1675,1822,1504,8668,2700,5400,7500,3,1,7,10,11,0/1/4,5/7/9,15/17/19,10,16,14,0,2,3,1,0,0,0,39,40,45,1,0,0,22,24,24,14,16,13,7,6,2,124,111,105,28,46,26,8.120
2速2耐1智1友,7604555217766565212,68129,US4,3189,2400,1678,1641,1742,8394,2700,5400,7500,3,1,7,10,11,0/1/4,5/7/9,15/17/19,8,15,13,0,2,3,1,0,0,0,39,37,49,0,0,3,22,24,24,12,18,15,5,8,4,106,123,131,25,41,31,8.105
2速2耐1智1友,8559396150668096136,65054,US1,3138,2400,1394,1715,1659,8105,2700,4800,6750,3,1,7,9,10,0/1/4,5/7/9,15/17/19,9,16,15,0,2,3,1,0,1,0,38,39,47,0,0,5,22,24,24,15,13,18,8,4,8,122,136,126,41,64,29,7.937
2速2耐1智1友,16901565871297198297,69312,US5,3337,2179,1626,1546,2016,8797,2700,5400,6750,3,1,7,10,10,0/1/4,5/7/9,15/17/19,8,17,14,0,2,3,1,0,0,1,39,46,47,2,4,5,22,24,24,12,17,16,5,7,6,126,156,151,23,45,41,8.057
2速1耐1力1智1友,9718866191251768087,68965,US4,3337,2306,2200,1184,1354,8971,2700,6000,8250,3,1,7,11,12,0/1/2,5/8/9,15/17/18,8,18,14,0,2,3,1,0,0,1,37,44,49,0,0,0,22,24,24,15,19,18,8,8,6,118,115,124,22,35,37,8.349
2速1耐1力1智1友,3864142172102120840,72471,US7,3337,2373,2200,1060,2048,9200,3150,6000,7500,3,1,8,11,11,0/1/2,5/8/9,15/17/18,10,16,14,0,2,3,1,0,0,3,40,43,50,0,0,3,22,24,24,9,22,17,1,11,6,89,144,115,24,59,27,8.280
2速1耐1力1智1友,13951813953470055368,68495,US4,3280,2393,2200,998,1566,8878,2700,6000,7500,3,1,7,11,11,0/1/2,5/8/9,15/17/18,8,16,14,0,2,3,1,0,0,0,39,44,47,3,0,3,22,24,24,15,18,19,8,7,8,130,139,122,31,52,30,8.209
2速1耐1力1智1友,9393244708715693248,66190,US2,3314,2084,2050,1011,1737,8773,2700,5400,8250,3,1,7,10,12,0/1/2,5/8/9,15/17/18,9,17,14,0,2,3,1,0,0,1,40,43,48,0,1,0,22,24,24,14,21,14,7,11,2,127,159,86,24,46,22,8.290
2速1耐1力1智1友,15162200999372643029,73450,US8,3337,2156,2131,1051,2361,9377,2700,6000,8250,3,1,7,11,12,0/1/2,5/8/9,15/17/18,12,17,15,0,2,3,1,0,1,0,42,49,48,3,1,0,22,24,24,16,20,16,9,9,4,145,160,118,33,61,30,8.435
2速1耐1力1智1友,14188889282536529037,74105,US8,3337,2381,2048,1091,2205,9457,3150,6600,7500,3,1,8,12,11,0/1/2,5/8/9,15/17/18,11,18,16,0,2,3,1,0,0,1,41,48,50,0,0,2,22,24,24,15,17,17,7,5,6,120,105,137,26,29,42,8.484
2速1耐1力1智1友,983328654100906164,68194,US4,3337,1988,2162,953,1917,9053,3150,6000,8250,3,1,8,11,12,0/1/2,5/8/9,15/17/18,11,15,14,0,2,3,1,0,0,0,41,47,50,1,0,0,22,24,24,14,19,18,6,8,6,128,123,94,27,54,25,8.472
2速1耐1力1智1友,11714641265092805328,64714,US1,3337,2042,1894,1110,1576,8619,2700,6000,7500,3,1,7,11,11,0/1/2,5/8/9,15/17/18,9,13,13,0,2,3,1,0,0,1,39,44,48,1,0,0,22,24,24,15,21,15,8,10,4,137,131,108,40,52,19,12.380
2速1耐1力1智1友,13645709472161054642,65010,US1,3337,2088,2200,950,1433,8417,3150,5400,7500,3,1,8,10,11,0/1/2,5/8/9,15/17/18,10,16,13,0,2,3,1,0,0,1,42,45,45,0,2,0,22,24,24,15,20,16,7,10,5,115,151,105,23,69,19,8.413
2速1耐1力1智1友,3800115402796238286,65956,US2,3337,2144,2160,1067,1447,8417,2250,5400,7500,3,1,6,10,11,0/1/2,5/8/9,15/17/18,7,17,14,0,2,3,1,0,0,0,37,43,46,2,0,0,22,24,24,12,22,16,6,12,5,138,130,103,51,58,20,8.094
2速1耐1力1智1友,7673452089272742192,67496,US3,3337,1939,2200,903,1791,8922,2700,6000,7500,3,1,7,11,11,0/1/2,5/8/9,15/17/18,8,17,14,0,2,3,1,0,0,0,38,43,48,0,0,3,22,24,24,12,16,17,5,5,6,140,103,108,53,36,27,8.319
2速1耐1力1智1友,720099918847706056,65611,US2,3273,2383,2200,1049,1126,8673,3150,5400,8250,3,1,8,10,12,0/1/2,5/8/9,15/17/18,13,14,13,0,2,3,1,0,0,2,40,48,48,0,5,0,22,24,24,11,20,18,3,10,6,91,144,124,20,54,31,8.346
2速1耐1力1智1友,11686881502314061069,65901,US2,3337,2119,2200,1123,1201,8643,3150,5400,7500,3,1,8,10,11,0/1/2,5/8/9,15/17/18,11,16,13,0,2,3,1,0,0,0,40,39,49,1,0,3,22,24,24,14,16,18,6,6,7,112,112,98,20,38,23,8.412
2速1耐1力1智1友,18265322826561191352,64776,US1,3337,1763,1968,1109,1768,8545,2250,6000,7500,3,1,6,11,11,0/1/2,5/8/9,15/17/18,11,15,13,0,2,3,1,0,0,0,36,41,47,2,0,0,22,24,24,14,20,20,8,9,9,138,135,125,47,64,31,8.192
2速1耐1力1智1友,159712680901918922,64149,US,2912,2219,1714,1421,1917,8560,2700,6000,7500,3,1,7,11,11,0/1/2,5/8/9,15/17/18,11,17,14,0,2,3,1,0,0,0,40,43,48,2,0,1,22,24,24,14,16,20,7,5,9,124,92,125,30,26,37,8.941
2速1耐1力1智1友,16275477218599471103,69037,US5,3337,1931,2174,1045,2014,8812,2700,4800,7500,3,1,7,9,11,0/1/2,5/8/9,15/17/18,10,16,14,0,2,3,1,0,1,0,41,37,47,1,0,0,22,24,24,15,15,17,8,6,6,125,99,109,30,25,31,8.295
2速1耐1力1智1友,13201260300900827671,61955,UA8,2990,1736,2082,981,1947,8390,2700,6000,7500,3,1,7,11,11,0/1/2,5/8/9,15/17/18,8,16,12,0,1,4,1,0,0,1,37,46,46,1,1,0,22,24,24,15,17,19,8,6,8,134,133,105,44,24,20,8.165
2速1耐1力1智1友,15985597697865567170,66279,US2,3302,1766,2120,1026,2011,8664,2700,5400,8250,3,1,7,10,12,0/1/2,5/8/9,15/17/18,10,14,15,0,2,3,1,0,1,0,41,44,49,4,0,0,22,24,24,18,20,17,11,10,5,162,164,107,56,79,23,12.403
2速1耐1力1智1友,10738030841186642072,62575,UA9,3026,2049,2168,1137,1526,8094,2700,5400,6750,3,1,7,10,10,0/1/2,5/8/9,15/17/18,10,14,13,0,2,3,1,0,0,0,39,47,45,0,0,1,22,24,24,16,18,19,9,8,9,117,118,134,32,30,36,8.232
2速1耐1力1智1友,5496591468990982574,67827,US4,3337,2128,2200,1300,1453,8876,2250,6000,7500,3,1,6,11,11,0/1/2,5/8/9,15/17/18,6,17,14,0,2,3,1,0,0,2,37,42,49,3,0,0,22,24,24,13,15,16,7,4,5,153,107,121,54,20,18,8.147
2速1耐1力1智1友,365144633266084763,68816,US4,3237,1866,2155,1014,2228,8747,2700,6000,7500,3,1,7,11,11,0/1/2,5/8/9,15/17/18,10,19,14,0,2,3,1,0,0,0,41,47,48,3,0,2,22,24,24,14,16,17,7,5,6,137,117,119,30,46,17,8.292
2速1耐1力1智1友,7111153621649798814,73799,US8,3337,2400,2200,1199,1897,9177,2700,6600,8250,3,1,7,12,12,0/1/2,5/8/9,15/17/18,11,18,15,0,2,3,1,0,0,0,42,47,49,3,0,0,22,24,24,17,15,15,10,3,3,145,104,94,44,26,21,8.326
2速1耐1力1智1友,11507772792345128765,66213,US2,3337,1891,2200,953,1813,8540,2250,6600,7500,3,1,6,12,11,0/1/2,5/8/9,15/17/18,10,18,12,0,2,3,1,0,0,0,39,47,48,4,0,0,22,24,24,16,19,17,10,7,6,142,112,121,30,23,28,8.622
2速1耐1力1智1友,15172695933182495951,65127,US2,3255,1914,2200,985,1744,8599,2700,6000,7500,3,1,7,11,11,0/1/2,5/8/9,15/17/18,9,16,13,0,2,3,1,0,1,0,40,47,47,0,0,0,22,24,24,15,20,17,8,9,6,128,130,90,33,44,25,8.305
2速1耐1力1智1友,17437833442066580071,64707,US1,3337,1848,1876,1091,1842,8649,2700,6000,7500,3,1,7,11,11,0/1/2,5/8/9,15/17/18,9,15,14,0,2,3,1,0,0,3,39,46,48,3,0,1,22,24,24,16,21,20,9,10,9,151,118,132,39,19,24,8.632
2速1耐1力1智1友,1968865227760146318,64319,US1,3337,1763,2131,921,1730,8370,2250,6000,6750,3,1,6,11,10,0/1/2,5/8/9,15/17/18,10,17,13,0,2,3,1,0,0,1,39,46,46,5,0,3,22,24,24,13,19,19,7,8,9,121,148,115,26,67,23,8.057
2速1耐1力1智1友,9189358865534427084,63239,UA9,2939,2198,2200,1046,1616,8289,3150,5400,7500,3,1,8,10,11,0/1/2,5/8/9,15/17/18,13,17,14,0,2,3,1,0,0,0,42,39,48,0,1,1,22,24,24,16,16,15,8,6,4,123,109,100,22,33,17,8.227
2速1耐1力1智1友,6827715210165220544,61447,UA7,2710,2384,2200,1086,1455,8340,2700,5400,7500,3,1,7,10,11,0/1/2,5/8/9,15/17/18,7,16,13,0,2,3,1,0,0,0,38,43,48,1,0,2,22,24,24,13,18,20,6,8,9,106,116,134,21,42,30,8.108
2速1耐1力1智1友,17768025757475546462,67323,US3,3284,2150,2200,1000,1684,8787,2700,6600,7500,3,1,7,12,11,0/1/2,5/8/9,15/17/18,10,17,14,0,2,3,1,0,0,0,40,46,49,6,0,3,22,24,24,12,20,18,5,8,7,120,142,132,25,66,33,12.595
2速1耐1力1智1友,12003779264055663415,66057,US2,3337,1787,2200,815,1833,8808,2700,6000,8250,3,1,7,11,12,0/1/2,5/8/9,15/17/18,9,18,14,0,2,3,1,0,0,0,39,47,48,0,0,0,22,24,24,13,17,17,6,6,5,111,130,103,30,44,16,8.462
2速1耐1力1智1友,18162360185994269248,65154,US2,3337,1921,2200,1005,1657,8439,2700,6600,7500,3,1,7,12,11,0/1/2,5/8/9,15/17/18,8,16,13,0,2,3,1,0,0,0,38,48,47,0,0,0,22,24,24,15,23,14,8,11,3,122,150,99,28,64,23,9.296
2速1耐1力1智1友,4337075709976842438,63418,US,3105,2194,2200,1013,1316,8311,3150,5400,7500,3,1,8,10,11,0/1/2,5/8/9,15/17/18,11,15,14,0,2,3,1,0,0,1,40,46,48,0,3,2,22,24,24,15,21,17,7,11,6,121,178,115,31,101,23,8.515
2速1耐1力1智1友,16229382227219913577,64882,US1,3320,1704,2200,948,1913,8490,2700,6000,7500,3,1,7,11,11,0/1/2,5/8/9,15/17/18,12,16,13,0,2,3,1,0,0,1,42,47,48,2,0,1,22,24,24,14,16,16,7,5,5,129,117,103,26,30,21,8.115
2速1耐1力1智1友,6616829749464802759,64657,US1,2723,2400,2200,1092,1716,8818,2700,6600,7500,3,1,7,12,11,0/1/2,5/8/9,15/17/18,10,19,14,0,2,3,1,0,0,1,41,48,49,6,0,2,22,24,24,15,17,19,8,5,8,137,127,116,37,28,20,8.495
2速1耐1力1智1友,411655004839899316,62890,UA9,3329,1798,2200,966,1493,8055,2700,5400,7500,3,1,7,10,11,0/1/2,5/8/9,15/17/18,8,13,15,0,2,3,1,0,0,0,39,44,47,0,3,1,22,24,24,16,19,14,9,9,3,113,134,113,25,50,21,8.339
2速1耐1力1智1友,4940445747354064411,68255,US4,3313,2067,2113,1072,1961,8624,2700,6000,7500,3,1,7,11,11,0/1/2,5/8/9,15/17/18,11,15,13,0,2,3,1,0,0,0,41,43,46,1,0,0,22,24,24,14,16,16,7,5,5,120,96,99,23,29,23,8.339
2速1耐1力1智1友,16303335813455794715,64573,US1,3337,1801,2200,942,1616,8705,2700,6600,8250,3,1,7,12,12,0/1/2,5/8/9,15/17/18,12,17,14,0,2,3,1,0,0,1,41,45,50,4,0,0,22,24,24,13,19,15,6,7,3,125,126,103,30,48,22,8.536
2速1耐1力1智1友,5255581234748864610,65001,US1,2996,2400,2200,1167,1421,8317,3150,6000,7500,3,1,8,11,11,0/1/2,5/8/9,15/17/18,11,15,14,0,2,3,1,0,0,0,40,44,47,0,0,0,22,24,24,17,16,20,9,5,9,126,102,125,29,41,23,8.348
2速1耐1力1智1友,10123378951271198995,65956,US2,3337,1964,2069,1113,1640,8690,2700,4800,8250,3,1,7,9,12,0/1/2,5/8/9,15/17/18,7,15,15,0,2,3,1,0,0,1,41,33,50,1,0,0,22,24,24,15,15,13,8,6,1,143,85,100,28,21,28,8.172
2速1耐1力1智1友,370617376615353467,67317,US3,3337,2158,2065,1068,1786,8489,2700,5400,7500,3,1,7,10,11,0/1/2,5/8/9,15/17/18,9,17,14,0,2,3,1,0,0,2,38,39,50,0,0,0,22,24,24,10,20,20,3,10,9,105,117,105,22,44,24,8.156
2速1耐1力1智1友,10470344294378997768,65757,US2,3337,1779,2032,1170,1793,8593,2700,4800,8250,3,1,7,9,12,0/1/2,5/8/9,15/17/18,8,14,15,0,2,3,1,0,1,0,38,39,47,0,0,0,22,24,24,12,15,16,5,6,4,127,78,101,42,20,19,8.007
2速1耐1力1智1友,8655898279706678984,63191,UA9,2948,2339,2200,1063,1328,8410,2700,6600,7500,3,1,7,12,11,0/1/2,5/8/9,15/17/18,13,15,13,0,2,3,1,0,0,0,41,48,46,2,0,2,22,24,24,16,22,18,9,10,7,148,132,125,39,46,25,8.567
2速1耐1力1智1友,3973266299108176820,68717,US4,3337,1927,2127,1097,2053,8824,2700,6000,7500,3,1,7,11,11,0/1/2,5/8/9,15/17/18,13,16,15,0,2,3,1,0,0,0,42,43,48,2,0,4,22,24,24,14,20,15,7,9,4,132,132,118,45,42,36,8.320
2速1耐1力1智1友,2550074802023591992,64889,US1,3337,2162,2200,1201,1086,8267,2700,5400,7500,3,1,7,10,11,0/1/2,5/8/9,15/17/18,11,15,12,0,2,3,1,0,0,0,41,46,46,3,1,2,22,24,24,18,21,16,11,11,5,145,155,125,38,71,28,13.641
2速1耐1力1智1友,2281347827903994715,63440,US,2833,2199,2200,1349,1474,8415,2700,5400,6750,3,1,7,10,10,0/1/2,5/8/9,15/17/18,8,15,13,0,2,3,1,0,2,2,39,46,48,0,4,1,22,24,24,15,20,20,8,10,10,104,160,133,17,70,31,8.200
2速1耐1力1智1友,9342285681565228419,65245,US2,3178,1993,2051,1342,1712,8352,2250,5400,8250,3,1,6,10,12,0/1/2,5/8/9,15/17/18,8,15,15,0,2,3,1,0,1,0,36,48,48,2,8,0,22,24,24,13,22,16,7,12,4,136,167,104,40,60,26,9.574
2速1耐1力1智1友,6129260444627032121,66032,US2,2996,2185,2200,1326,1693,8521,2700,5400,7500,3,1,7,10,11,0/1/2,5/8/9,15/17/18,9,17,13,0,2,3,1,0,0,0,40,39,47,3,0,0,22,24,24,13,17,18,6,7,7,121,122,125,27,40,30,14.827
2速1耐1力1智1友,1970716480934624451,64019,US,3227,1706,2101,1053,2008,8282,2700,5400,7500,3,1,7,10,11,0/1/2,5/8/9,15/17/18,11,14,14,0,2,3,1,0,0,0,40,44,46,0,2,0,22,24,24,17,18,13,10,8,2,144,119,100,37,30,26,9.032
2速1耐1力1智1友,12354679455135246829,66258,US2,3200,2024,2200,1100,1806,8566,2700,6000,7500,3,1,7,11,11,0/1/2,5/8/9,15/17/18,8,18,13,0,2,3,1,0,0,3,39,48,47,2,0,0,22,24,24,18,14,16,11,3,5,145,107,101,34,22,20,9.574
2速1耐1力1智1友,1367853308959155218,66521,US3,3236,2154,2200,1096,1624,8601,2700,5400,7500,3,1,7,10,11,0/1/2,5/8/9,15/17/18,10,15,15,0,2,3,1,0,0,0,40,45,49,2,0,4,22,24,24,17,22,17,10,12,6,145,126,109,56,47,27,10.513
2速1耐1力1智1友,14014152738084197234,64348,US1,3254,1725,2172,1130,1769,8305,2700,5400,6750,3,1,7,10,10,0/1/2,5/8/9,15/17/18,9,16,12,0,2,3,1,0,0,2,38,41,49,1,0,4,22,24,24,12,20,21,5,10,11,126,121,162,38,49,38,9.066
2速1耐1力1智1友,18281498374880146753,68168,US4,3195,2400,2200,1291,1405,8634,2700,6000,7500,3,1,7,11,11,0/1/2,5/8/9,15/17/18,7,17,14,0,2,3,1,0,0,0,38,45,47,1,0,1,22,24,24,17,17,14,10,6,3,140,124,92,20,45,16,12.475
2速1耐1力1智1友,3699257843349490286,60585,UA6,3127,2065,2200,1072,1063,7878,2250,4800,7500,3,1,6,9,11,0/1/2,5/8/9,15/17/18,9,13,13,0,2,3,1,0,0,2,36,41,47,3,2,0,22,24,24,16,23,15,10,14,4,133,169,100,47,60,20,8.533
2速1耐1力1智1友,7893164786541401937,65405,US2,3337,1837,2200,972,1673,8800,2700,5400,7500,3,1,7,10,11,0/1/2,5/8/9,15/17/18,7,17,14,0,2,3,1,0,0,1,40,41,48,1,2,0,22,24,24,11,18,17,4,8,6,118,131,106,32,49,24,10.587
2速1耐1力1智1友,1590339610203147910,56048,UA1,2958,1973,2200,875,964,7658,2700,6000,6750,3,1,7,11,10,0/1/2,5/8/9,15/17/18,11,16,11,0,2,3,1,0,0,2,38,44,47,1,2,2,22,24,24,9,22,21,2,11,11,111,157,140,41,65,35,8.339
2速1耐1力1智1友,12857858445156549791,64387,US1,2944,2053,2197,1094,1940,8397,2700,4800,7500,3,1,7,9,11,0/1/2,5/8/9,15/17/18,9,17,14,0,2,3,1,0,2,2,41,37,47,2,1,0,22,24,24,13,14,18,6,5,7,158,119,117,65,38,26,14.433
2速1耐1力1智1友,15870185185142323473,61699,UA7,3009,2004,2067,1139,1546,8124,3150,5400,6750,3,1,8,10,10,0/1/2,5/8/9,15/17/18,11,14,13,0,2,3,1,0,0,2,41,41,46,1,1,0,22,24,24,13,21,19,5,11,9,103,166,107,27,95,33,9.416
2速1耐1力1智1友,18436403083945523012,64560,US1,3337,2132,2200,982,1214,8396,3150,6000,7500,3,1,8,11,11,0/1/2,5/8/9,15/17/18,10,15,14,0,2,3,1,0,0,0,42,43,46,0,0,0,22,24,24,15,21,18,7,10,7,120,145,104,25,63,22,13.643
2速1耐1力1智1友,14790231202769130690,66309,US2,3337,1640,2200,875,2172,8366,2700,6600,7500,3,1,7,12,11,0/1/2,5/8/9,15/17/18,10,18,14,0,2,3,1,0,0,1,39,49,47,1,1,1,22,24,24,13,18,16,6,6,5,117,148,108,29,39,23,10.010
2速1耐1力1智1友,12171771812657497450,65019,US1,3337,1860,2200,960,1513,8546,2700,5400,8250,3,1,7,10,12,0/1/2,5/8/9,15/17/18,11,15,14,0,2,3,1,0,0,0,40,44,49,1,2,0,22,24,24,11,20,16,4,10,4,125,127,111,29,41,26,13.985
2速1耐1力1智1友,15993683849954255273,67039,US3,3309,2298,2200,1085,1449,8456,2700,6000,7500,3,1,7,11,11,0/1/2,5/8/9,15/17/18,12,16,14,0,2,3,1,0,0,0,42,46,48,3,0,2,22,24,24,12,18,16,5,7,5,130,116,100,34,26,24,9.894
2速1耐1力1智1友,6437368665570318548,64605,US1,3102,2230,2200,1150,1409,8127,2700,6000,7500,3,1,7,11,11,0/1/2,5/8/9,15/17/18,11,14,13,0,2,3,1,0,0,1,40,43,46,0,0,0,22,24,24,13,19,16,6,8,5,119,114,105,31,39,24,8.784
2速1耐1力1智1友,18140610519389923091,66434,US3,3337,2102,2200,1082,1599,8379,3600,5400,7500,3,1,9,10,11,0/1/2,5/8/9,15/17/18,11,14,13,0,2,3,1,0,0,0,42,45,47,0,2,0,22,24,24,15,21,17,6,11,6,115,165,105,21,84,22,8.926
2速1耐1力1智1友,13449470841939880288,63619,US,2927,2276,2200,1212,1523,8078,2250,6000,6750,3,1,6,11,10,0/1/2,5/8/9,15/17/18,11,16,14,0,2,3,1,0,0,0,39,43,47,4,0,0,22,24,24,10,17,19,4,6,9,138,97,150,49,27,24,8.890
2速1耐1力1智1友,4519201146207261023,67506,US3,2919,2400,2073,1212,2050,8530,3150,6000,7500,3,1,8,11,11,0/1/2,5/8/9,15/17/18,10,15,15,0,2,3,1,0,0,0,41,47,50,0,2,3,22,24,24,10,22,19,2,11,8,112,166,114,26,57,27,17.852
2速1耐1力1智1友,13502011752950608547,66311,US2,3133,2138,2200,1154,1642,8546,2700,6000,7500,3,1,7,11,11,0/1/2,5/8/9,15/17/18,11,14,13,0,2,3,1,0,0,0,41,44,49,3,2,5,22,24,24,17,22,18,10,11,7,137,149,127,28,56,23,10.301
2速1耐1力1智1友,16896948678189950259,59218,UA5,2344,2400,2200,1216,1449,8087,2700,6000,6750,3,1,7,11,10,0/1/2,5/8/9,15/17/18,10,14,13,0,2,3,1,0,0,1,40,43,45,1,0,1,22,24,24,17,16,20,10,5,10,157,105,134,54,25,32,4.922
2速1耐1力1智1友,2225393294871627808,63959,US,2832,2400,2200,1312,1448,8303,2700,4800,8250,3,1,7,9,12,0/1/2,5/8/9,15/17/18,10,14,15,0,2,3,1,0,0,1,40,40,50,0,0,0,22,24,24,13,18,18,6,9,6,113,107,113,26,38,26,12.613
2速1耐1力1智1友,13601679210866405516,67176,US3,3142,2170,2200,991,2027,8470,2700,6000,7500,3,1,7,11,11,0/1/2,5/8/9,15/17/18,7,17,14,0,2,3,1,0,0,1,39,43,48,1,0,0,22,24,24,17,17,16,10,6,5,150,111,102,26,34,25,8.780
2速1耐1力1智1友,9791120815608410719,62165,UA8,2881,2241,2200,1173,1489,8126,2700,6000,7500,3,1,7,11,11,0/1/2,5/8/9,15/17/18,9,16,13,0,2,3,1,0,0,0,40,44,46,0,0,0,22,24,24,12,18,18,5,7,7,130,101,101,50,31,22,8.662
2速1耐1力1智1友,8955094578874609545,65073,US1,3337,1983,2200,989,1577,8267,3150,4800,8250,3,1,8,9,12,0/1/2,5/8/9,15/17/18,9,15,14,0,2,3,1,0,0,2,39,37,49,0,0,0,22,24,24,12,17,17,4,8,5,100,126,92,23,55,23,8.605
2速1耐1力1智1友,5001699746282977126,68068,US4,3337,2388,2200,1183,1306,8446,2700,5400,7500,3,1,7,10,11,0/1/2,5/8/9,15/17/18,11,17,14,0,2,3,1,0,0,2,40,42,47,1,0,0,22,24,24,9,21,15,2,11,4,142,134,100,60,63,19,8.431
2速1耐1力1智1友,3609978093627354588,64832,US1,3252,1593,2200,941,1920,8427,2700,6600,7500,3,1,7,12,11,0/1/2,5/8/9,15/17/18,7,16,14,0,2,3,1,0,0,2,39,46,48,0,0,0,22,24,24,14,21,19,7,9,8,134,120,117,37,24,35,13.237
2速1耐1力1智1友,9606685428887898596,69025,US5,3205,2157,2182,1277,1905,8664,3150,5400,7500,3,1,8,10,11,0/1/2,5/8/9,15/17/18,9,16,14,0,2,3,1,0,0,0,41,39,47,0,0,0,22,24,24,17,18,18,9,8,7,131,114,104,38,50,20,8.282
2速1耐1力1智1友,13760140758936871940,70207,US5,3337,2191,2187,1284,1720,8751,2700,5400,8250,3,1,7,10,12,0/1/2,5/8/9,15/17/18,11,16,14,0,1,4,1,0,0,0,40,41,50,0,0,1,22,24,24,17,14,17,10,4,5,143,109,98,43,41,25,8.574
2速1耐1力1智1友,14802522653547793583,64058,US,3210,2083,2200,1102,1338,8277,2700,4800,7500,3,1,7,9,11,0/1/2,5/8/9,15/17/18,9,17,13,0,1,4,1,0,0,1,39,45,49,1,3,2,22,24,24,17,20,17,10,11,6,140,167,116,25,80,27,8.154
2速1耐1力1智1友,15253586185910567765,64014,US,2976,2072,2200,1050,1770,8299,3150,6000,7500,3,1,8,11,11,0/1/2,5/8/9,15/17/18,10,15,14,0,2,3,1,0,0,1,39,47,48,0,0,0,22,24,24,11,17,15,3,6,4,104,128,103,28,25,27,8.199
2速1耐1力1智1友,3335348170102003356,72115,US7,3337,2400,2200,1478,1464,9279,3150,6000,8250,3,1,8,11,12,0/1/2,5/8/9,15/17/18,13,16,14,0,2,3,1,0,0,0,42,43,48,0,0,0,22,24,24,10,13,17,2,2,5,97,97,95,26,35,21,9.740
2速1耐1力1智1友,2573571290655736255,63712,US,3337,1918,2200,1108,1228,8350,2700,4800,8250,3,1,7,9,12,0/1/2,5/8/9,15/17/18,7,15,13,0,2,3,1,0,0,0,36,42,48,1,7,0,22,24,24,15,20,15,8,11,3,118,165,96,29,76,21,14.913
2速1耐1力1智1友,10321925086718581434,63113,UA9,3229,1827,2200,1065,1592,8258,2700,6000,6750,3,1,7,11,10,0/1/2,5/8/9,15/17/18,8,16,12,0,2,3,1,0,0,3,40,45,47,3,0,3,22,24,24,14,18,19,7,7,9,144,111,126,38,29,23,15.083
2速1耐1力1智1友,13702823578313651617,68271,US4,3337,1983,2200,1129,1837,8768,2700,5400,8250,3,1,7,10,12,0/1/2,5/8/9,15/17/18,10,16,14,0,2,3,1,0,0,0,39,43,48,0,0,0,22,24,24,10,20,16,3,10,4,106,138,95,28,50,27,15.077
2速1耐1力1智1友,16765931528870694971,65857,US2,3334,1810,2200,1046,1824,8276,2700,6000,7500,3,1,7,11,11,0/1/2,5/8/9,15/17/18,6,18,14,0,2,3,1,0,0,0,38,42,47,0,0,0,22,24,24,13,13,19,6,2,8,116,109,114,26,36,24,10.871
2速1耐1力1智1友,10562942744949877472,66372,US2,3264,2033,2200,1167,1585,8355,1800,6000,7500,3,1,5,11,11,0/1/2,5/8/9,15/17/18,11,15,14,0,2,3,1,0,0,0,40,46,47,11,1,1,22,24,24,17,21,17,12,10,6,161,163,114,49,65,28,15.198
2速1耐1力1智1友,18348534740538523109,66430,US3,3182,1946,2200,1108,1965,8458,2700,5400,7500,3,1,7,10,11,0/1/2,5/8/9,15/17/18,11,16,15,0,2,3,1,0,0,0,39,47,49,0,4,2,22,24,24,14,20,15,7,10,4,128,153,134,31,41,42,15.102
2速1耐1力1智1友,717837148127921815,64337,US1,3337,1704,2200,838,1803,8368,2250,4800,7500,3,1,6,9,11,0/1/2,5/8/9,15/17/18,9,15,14,0,2,3,1,0,0,0,39,37,47,4,0,0,22,24,24,14,15,16,8,6,5,143,93,105,62,19,26,14.912
2速1耐1力1智1友,5554392945592980977,63816,US,3205,1966,2095,1199,1575,8078,2700,6000,7500,3,1,7,11,11,0/1/2,5/8/9,15/17/18,7,15,14,0,2,3,1,0,0,1,38,46,49,0,2,2,22,24,24,17,20,17,10,9,6,140,145,118,36,61,26,15.374
2速1耐1力1智1友,12450502726145800570,63955,US,2968,2176,2200,1197,1555,8305,2700,6000,7500,3,1,7,11,11,0/1/2,5/8/9,15/17/18,6,16,12,0,2,3,1,0,0,1,37,43,49,0,0,1,22,24,24,13,16,22,6,5,11,123,123,143,25,44,40,11.058
2速1耐1力1智1友,7524841460991006144,65036,US1,3197,2223,2141,1264,1330,8252,2700,3600,8250,3,1,7,7,12,0/1/2,5/8/9,15/17/18,9,13,14,0,2,3,1,0,0,0,39,37,47,0,7,0,22,24,24,17,24,15,10,17,3,150,187,97,46,117,27,13.920
2速1力1根1智1友,14234175315150298197,61414,UA7,3270,1163,2200,1518,1376,8082,2250,5400,6750,3,1,6,10,10,0/2/3,5/6/9,15/16/19,10,15,13,0,2,3,1,0,0,0,40,43,45,7,0,4,22,24,24,15,17,16,9,7,6,167,141,116,41,54,15,8.018
2速1力1根1智1友,14726752418702521105,65333,US2,3337,832,2066,1771,2125,8381,2250,5400,7500,3,1,6,10,11,0/2/3,5/6/9,15/16/19,12,18,14,0,2,3,1,0,0,1,41,41,48,6,0,1,22,24,24,11,17,18,5,7,7,153,116,129,47,39,25,7.988
2速1力1根1智1友,5943864306333749844,64713,US1,3337,997,2200,1527,1880,8517,2250,6600,7500,3,1,6,12,11,0/2/3,5/6/9,15/16/19,8,14,15,0,2,3,1,0,0,0,39,47,47,7,0,1,22,24,24,12,20,14,6,8,3,147,134,100,52,53,20,8.239
2速1力1根1智1友,11189440322528785484,66606,US3,3337,1005,2200,1422,2154,8434,2700,5400,7500,3,1,7,10,11,0/2/3,5/6/9,15/16/19,8,16,14,0,2,3,1,0,0,1,39,44,47,5,1,0,22,24,24,16,18,17,9,8,6,166,141,115,43,47,21,8.442
2速1力1根1智1友,1107086098783189216,60742,UA6,3175,955,2101,1478,1937,7951,2250,6000,6750,3,1,6,11,10,0/2/3,5/6/9,15/16/19,9,15,12,0,2,3,1,0,0,0,39,47,43,4,0,1,22,24,24,10,19,16,4,8,6,161,133,98,61,35,20,3.806
2速1力1根1智1友,12478695697849101889,63234,UA9,3337,1189,2200,1493,1377,8391,2700,6000,7500,3,1,7,11,11,0/2/3,5/6/9,15/16/19,9,14,12,0,2,3,1,0,0,0,40,41,48,0,0,1,22,24,24,16,16,21,9,5,10,153,111,117,51,32,32,8.287
2速1力1根1智1友,17593060758497499235,60399,UA6,3337,1131,2200,1303,1260,7921,2700,6000,6750,3,1,7,11,10,0/2/3,5/6/9,15/16/19,6,15,13,0,2,3,1,0,0,0,38,46,47,3,0,2,22,24,24,14,17,19,7,6,9,156,122,137,35,41,31,8.311
2速1力1根1智1友,17871223795136960090,66421,US3,3337,958,2200,1390,2283,8427,2700,6000,7500,3,1,7,11,11,0/2/3,5/6/9,15/16/19,9,15,15,0,2,3,1,0,0,0,38,47,46,1,0,0,22,24,24,9,15,16,2,4,5,141,118,110,40,41,24,8.354
2速1力1根1智1友,15033759835111033795,62898,UA9,3337,1105,2200,1358,1455,8506,2250,5400,8250,3,1,6,10,12,0/2/3,5/6/9,15/16/19,11,16,14,0,2,3,1,0,0,0,40,39,48,5,0,0,22,24,24,9,15,15,3,5,3,149,128,111,48,42,31,7.996
2速1力1根1智1友,7581960720738869173,60886,UA7,3337,1019,2200,1478,1246,8155,2250,4800,6750,3,1,6,9,10,0/2/3,5/6/9,15/16/19,9,16,11,0,2,3,1,0,0,1,38,44,46,4,5,4,22,24,24,11,18,18,5,9,8,154,144,117,48,54,23,7.807
2速1力1根1智1友,6646937503166796767,64587,US1,3337,949,2200,1530,1909,8350,2700,4800,8250,3,1,7,9,12,0/2/3,5/6/9,15/16/19,11,14,15,0,2,3,1,0,0,0,36,41,50,0,5,0,22,24,24,9,23,15,2,14,3,135,189,107,42,82,30,8.149
2速1力1根1智1友,10066982848131246316,62751,UA9,3337,1024,2200,1318,1670,8374,2700,5400,7500,3,1,7,10,11,0/2/3,5/6/9,15/16/19,12,15,14,0,2,3,1,0,0,0,40,40,48,2,0,2,22,24,24,9,15,15,2,5,4,153,125,101,65,32,25,13.448
2速1力1根1智1友,8098883214357626505,63708,US,3337,811,2200,1900,1411,8335,2700,5400,8250,3,1,7,10,12,0/2/3,5/6/9,15/16/19,12,15,13,0,2,3,1,0,0,0,40,44,48,1,1,0,22,24,24,12,18,16,5,8,4,156,172,118,52,58,45,8.143
2速1力1根1智1友,16128269059670118295,64548,US1,3337,958,2200,1333,2016,8544,2250,6000,8250,3,1,6,11,12,0/2/3,5/6/9,15/16/19,10,15,15,0,2,3,1,0,0,0,38,42,51,3,0,0,22,24,24,10,15,16,4,4,4,157,119,115,51,33,22,8.209
2速1力1根1智1友,203097031986918419,59800,UA5,3337,991,2200,1467,1281,7998,2700,6000,6750,3,1,7,11,10,0/2/3,5/6/9,15/16/19,8,16,13,0,2,3,1,0,0,1,38,49,46,0,4,4,22,24,24,11,18,20,4,7,10,125,130,131,30,38,37,8.180
2速1力1根1智1友,16415819470783816128,65777,US2,3337,964,2200,1639,1891,8521,2700,6000,7500,3,1,7,11,11,0/2/3,5/6/9,15/16/19,10,16,15,0,2,3,1,0,0,1,42,45,48,4,1,3,22,24,24,12,21,19,5,10,8,161,157,141,45,63,29,8.348
2速1力1根1智1友,11849348373056288018,59728,UA5,3337,975,2200,1211,1509,8017,2250,4800,7500,3,1,6,9,11,0/2/3,5/6/9,15/16/19,7,16,13,0,2,3,1,0,0,0,38,37,46,4,0,0,22,24,24,13,15,17,7,6,6,153,114,121,46,39,22,8.291
2速1力1根1智1友,129997291432898984,65284,US2,3265,1116,2200,1617,1907,8500,2700,6600,7500,3,1,7,12,11,0/2/3,5/6/9,15/16/19,12,17,15,0,2,3,1,0,0,0,39,48,49,1,0,3,22,24,24,13,15,17,6,3,6,143,154,122,25,60,28,8.203
2速1力1根1智1友,345911926347333246,66848,US3,3337,923,2200,1749,1973,8823,2250,5400,7500,3,1,6,10,11,0/2/3,5/6/9,15/16/19,10,16,15,0,2,3,1,0,0,0,38,45,50,3,2,4,22,24,24,8,17,18,2,7,7,169,165,125,84,72,21,8.038
2速1力1根1智1友,14337145105800270664,63102,UA9,3337,972,2200,1475,1683,8559,2700,6000,7500,3,1,7,11,11,0/2/3,5/6/9,15/16/19,12,15,14,0,2,3,1,0,0,1,40,45,49,2,0,1,22,24,24,14,14,17,7,3,6,165,131,114,59,50,26,8.198
2速1力1根1智1友,8728127297501000194,63336,UA9,3337,941,2200,1841,1519,8226,2250,6000,6750,3,1,6,11,10,0/2/3,5/6/9,15/16/19,12,17,13,0,2,3,1,0,0,0,38,47,47,3,0,6,22,24,24,11,17,17,5,6,7,142,144,136,39,52,21,8.035
2速1力1根1智1友,13137884084285709548,65806,US2,3337,887,2200,1961,1825,8350,2700,6000,6750,3,1,7,11,10,0/2/3,5/6/9,15/16/19,9,17,15,0,2,3,1,0,0,0,38,48,49,2,3,6,22,24,24,12,18,17,5,7,7,138,150,125,28,53,26,7.973
2速1力1根1智1友,4508215050350419464,62889,UA9,3337,850,2086,1763,1714,8225,2700,5400,7500,3,1,7,10,11,0/2/3,5/6/9,15/16/19,11,14,14,0,2,3,1,0,0,0,40,42,47,1,2,1,22,24,24,10,20,15,3,10,4,135,160,107,51,55,24,8.085
2速1力1根1智1友,3978324781589813244,63717,US,3337,1078,2200,1655,1552,8358,2700,6000,7500,3,1,7,11,11,0/2/3,5/6/9,15/16/19,11,17,14,0,2,3,1,0,0,0,40,43,48,1,0,0,22,24,24,14,20,14,7,9,3,145,147,105,32,57,25,8.187
2速1力1根1智1友,10535930415006903002,63169,UA9,3337,940,2200,1812,1504,8048,2700,6000,6750,3,1,7,11,10,0/2/3,5/6/9,15/16/19,9,15,14,0,2,3,1,0,0,3,39,47,47,2,0,3,22,24,24,14,20,19,7,9,9,143,143,129,45,53,29,13.060
2速1力1根1智1友,15979099535589446758,60106,UA6,3337,1018,2200,870,1773,7933,2700,4800,8250,3,1,7,9,12,0/2/3,5/6/9,15/16/19,12,15,15,0,2,3,1,0,1,0,40,37,52,4,0,0,22,24,24,10,17,18,3,8,6,139,130,116,36,48,20,8.886
2速1力1根1智1友,4811606197407339545,65095,US1,3337,996,2200,1436,1964,8618,2250,6000,8250,3,1,6,11,12,0/2/3,5/6/9,15/16/19,9,16,15,0,2,3,1,0,0,0,38,47,49,3,0,0,22,24,24,10,16,15,4,5,3,158,134,103,49,34,27,8.421
2速1力1根1智1友,14209291803651517898,64572,US1,3337,874,2200,1600,1946,8390,2250,6000,7500,3,1,6,11,11,0/2/3,5/6/9,15/16/19,8,17,14,0,2,3,1,0,0,0,36,48,48,2,0,2,22,24,24,11,18,16,5,7,5,143,111,122,42,28,28,8.329
2速1力1根1智1友,2471119652152316845,63333,UA9,3255,1213,2200,1537,1756,8143,2250,6000,7500,3,1,6,11,11,0/2/3,5/6/9,15/16/19,10,17,15,0,2,3,1,0,0,0,39,44,49,5,1,2,22,24,24,11,17,18,5,6,7,171,171,115,63,78,24,8.165
2速1力1根1智1友,14915232777241664952,65250,US2,3337,822,2164,1879,1951,8277,2700,5400,7500,3,1,7,10,11,0/2/3,5/6/9,15/16/19,9,15,16,0,2,3,1,0,0,0,38,42,48,1,0,2,22,24,24,10,20,16,3,10,5,128,136,119,38,51,25,8.320
2速1力1根1智1友,9166762795422437270,64989,US1,3337,1259,2200,1242,1920,8380,2700,6600,7500,3,1,7,12,11,0/2/3,5/6/9,15/16/19,8,16,15,0,2,3,1,0,0,0,39,47,49,1,0,0,22,24,24,15,17,20,8,5,9,145,127,122,24,39,30,12.435
2速1力1根1智1友,1750407017201317059,65458,US2,3337,1008,2200,1683,1911,8329,2250,6000,7500,3,1,6,11,11,0/2/3,5/6/9,15/16/19,6,17,14,0,2,3,1,0,0,2,39,43,50,4,0,2,22,24,24,14,15,17,8,4,6,166,112,124,55,39,29,12.613
