build,seed,score,rank,speed,stamina,power,guts,wisdom,skill_pt,scenario_pt_y1,scenario_pt_y2,scenario_pt_y3,rmj_ok,free_race_ok,eat_count_y1,eat_count_y2,eat_count_y3,region_y1,region_y2,region_y3,friend_turns_y1,friend_turns_y2,friend_turns_y3,friend_out_y1,friend_out_y2,friend_out_y3,friend_out_all,friend_waste_y1,friend_waste_y2,friend_waste_y3,gauge_gain_y1,gauge_gain_y2,gauge_gain_y3,gauge_overflow_y1,gauge_overflow_y2,gauge_overflow_y3,ramen_offers_y1,ramen_offers_y2,ramen_offers_y3,ramen_cookable_y1,ramen_cookable_y2,ramen_cookable_y3,ramen_skipped_y1,ramen_skipped_y2,ramen_skipped_y3,stock_sum_y1,stock_sum_y2,stock_sum_y3,stock_skew_y1,stock_skew_y2,stock_skew_y3,elapsed_ms
3速1耐1智1友,17973561501746850289,67686,US3,3337,2395,1467,1502,1594,8737,2700,6000,7500,3,1,7,11,11,0/1/4,5/7/9,15/17/18,9,15,15,0,3,2,1,0,0,0,38,45,49,0,0,2,22,24,24,11,13,14,4,2,3,107,131,95,19,44,26,4.522
3速1耐1智1友,4308174480453900181,68504,US4,3337,2152,2054,1464,1356,9189,2700,6000,6750,3,1,7,11,10,0/1/4,5/7/9,15/17/18,9,15,16,0,3,2,1,0,0,0,40,45,43,0,0,0,22,24,24,14,18,16,7,7,6,115,129,106,23,47,41,4.487
3速1耐1智1友,16687170377633461987,66288,US2,3337,1659,1812,1222,1840,9251,3150,6000,7500,3,1,8,11,11,0/1/4,5/7/9,15/17/18,13,15,15,0,3,2,1,0,0,2,40,46,49,0,1,0,22,24,24,12,16,19,4,5,8,112,178,121,31,82,34,5.069
3速1耐1智1友,10356598713486126971,63100,UA9,3337,2067,1646,1384,1329,8183,2700,5400,6750,3,1,7,10,10,0/1/4,5/7/9,15/17/18,9,16,15,0,3,2,1,0,0,0,40,44,49,0,1,4,22,24,24,15,16,16,8,6,6,133,136,127,58,42,31,4.631
3速1耐1智1友,10015888808664908684,64882,US1,3337,1400,2184,1110,1737,8796,3150,6000,7500,3,1,8,11,11,0/1/4,5/7/9,15/17/18,7,17,15,0,3,2,1,0,0,0,38,42,51,0,0,3,22,24,24,13,16,16,5,5,5,123,106,121,40,36,31,4.340
3速1耐1智1友,448598196645054569,65537,US2,3337,1839,1967,1488,1472,8691,2700,6000,6750,3,1,7,11,10,0/1/4,5/7/9,15/17/18,12,13,15,0,3,2,1,0,0,0,41,40,45,2,0,1,22,24,24,19,14,16,12,3,6,137,117,89,59,29,21,5.596
3速1耐1智1友,1553742829267404945,64252,US1,3337,1357,1820,1147,2115,8849,2700,6000,7500,3,1,7,11,11,0/1/4,5/7/9,15/17/18,11,15,13,0,3,2,1,0,1,2,41,45,47,1,1,0,22,24,24,16,19,15,9,8,4,122,131,120,44,51,32,5.113
3速1耐1智1友,15740850482606421299,71207,US6,3337,1911,1683,1662,2209,9315,3150,4800,8250,3,1,8,9,12,0/1/4,5/7/9,15/17/18,7,17,15,0,3,2,1,0,1,0,38,43,50,0,4,0,22,24,24,16,16,16,8,7,4,127,176,131,38,85,25,4.338
3速1耐1智1友,9037044436781211080,63323,UA9,3337,1817,2104,1321,1117,8576,2700,4800,7500,3,1,7,9,11,0/1/4,5/7/9,15/17/18,12,12,14,0,3,2,1,0,0,0,40,36,49,1,0,0,22,24,24,17,18,19,10,9,8,137,135,110,52,46,24,4.696
3速1耐1智1友,17296689081275637523,60002,UA6,3337,1868,1587,1289,1296,7917,2700,5400,7500,3,1,7,10,11,0/1/4,5/7/9,15/17/18,8,14,15,0,3,2,1,0,0,0,36,45,48,0,2,0,22,24,24,10,23,18,3,13,7,119,193,121,41,98,31,4.652
3速1耐1智1友,5710747048067026179,65047,US1,3337,1984,1757,1614,1465,8525,3150,5400,7500,3,1,8,10,11,0/1/4,5/7/9,15/17/18,10,11,15,0,3,2,1,0,0,0,39,45,50,3,2,1,22,24,24,15,18,18,7,8,7,139,159,128,45,59,32,4.547
3速1耐1智1友,5830321312254963398,67257,US3,3337,2115,1782,1379,1794,8676,2700,5400,7500,3,1,7,10,11,0/1/4,5/7/9,15/17/18,10,15,15,0,3,2,1,0,0,0,37,43,49,0,2,1,22,24,24,8,20,17,1,10,6,112,155,122,41,60,36,5.668
3速1耐1智1友,605525516379160204,64902,US1,3337,1918,1991,1311,1319,8761,2700,5400,7500,3,1,7,10,11,0/1/4,5/7/9,15/17/18,10,16,12,0,3,2,1,0,1,0,39,43,47,0,0,0,22,24,24,15,18,16,8,8,5,118,138,110,34,42,21,8.806
3速1耐1智1友,16361146932948081225,64646,US1,3337,2023,1629,1343,1672,8728,2700,6000,7500,3,1,7,11,11,0/1/4,5/7/9,15/17/18,10,15,13,0,3,2,1,0,0,0,40,45,49,0,0,1,22,24,24,10,13,14,3,2,3,109,142,94,24,40,19,8.450
3速1耐1智1友,11314745031804310741,61230,UA7,3337,1286,2094,1078,1333,8890,3150,5400,7500,3,1,8,10,11,0/1/4,5/7/9,15/17/18,12,14,13,0,3,2,1,0,0,0,41,41,45,0,1,0,22,24,24,13,19,14,5,9,3,114,175,100,35,62,33,8.381
3速1耐1智1友,4664335043295033120,59646,UA5,3337,1391,1800,973,1620,8541,3150,5400,6750,3,1,8,10,10,0/1/4,5/7/9,15/17/18,13,14,12,0,3,2,1,0,2,2,42,45,47,0,3,3,22,24,24,13,23,18,5,13,8,113,176,113,29,77,26,8.439
3速1耐1智1友,15211952351565238616,62116,UA8,3337,1212,2068,1099,1819,8325,3150,6000,7500,3,1,8,11,11,0/1/4,5/7/9,15/17/18,9,14,12,0,3,2,1,0,1,0,40,45,46,0,0,0,22,24,24,12,20,13,4,9,2,120,136,89,29,44,33,8.693
3速1耐1智1友,2208272572073682666,67216,US3,3337,1911,2200,1582,1095,9091,2700,5400,7500,3,1,7,10,11,0/1/4,5/7/9,15/17/18,10,15,14,0,3,2,1,0,0,1,39,45,51,2,2,3,22,24,24,15,23,20,8,13,9,119,154,148,31,59,34,12.704
3速1耐1智1友,6096433942075969322,66091,US2,3337,2033,1804,1489,1670,8659,3150,6000,6750,3,1,8,11,10,0/1/4,5/7/9,15/17/18,10,16,15,0,3,2,1,0,0,0,40,46,48,0,0,5,22,24,24,13,15,16,5,4,6,100,148,122,20,43,27,8.413
3速1耐1智1友,6130219574915019543,67304,US3,3337,2135,1580,1671,1762,8518,3150,5400,6750,3,1,8,10,10,0/1/4,5/7/9,15/17/18,12,14,15,0,3,2,1,0,0,0,40,44,46,0,3,3,22,24,24,13,18,14,5,8,4,114,176,113,26,60,37,8.216
3速1耐1智1友,1824976488916639030,69886,US5,3337,2325,1999,1653,1285,8764,3600,5400,6750,3,1,9,10,10,0/1/4,5/7/9,15/17/18,13,15,14,0,3,2,1,0,0,0,41,42,45,0,1,2,22,24,24,12,14,12,3,4,2,107,127,101,29,40,28,8.160
3速1耐1智1友,15184651421614135103,67593,US3,3337,1713,1960,1304,1962,8805,3150,5400,7500,3,1,8,10,11,0/1/4,5/7/9,15/17/18,11,14,14,0,3,2,1,0,0,0,41,39,50,0,0,2,22,24,24,11,14,14,3,4,3,114,106,136,27,32,48,8.111
3速1耐1智1友,12203765074566690812,65049,US1,3337,1594,1890,1227,1952,8406,3150,4800,8250,3,1,8,9,12,0/1/4,5/7/9,15/17/18,10,15,15,0,3,2,1,0,0,0,40,43,51,0,4,0,22,24,24,13,16,20,5,7,8,117,161,109,23,59,21,8.354
3速1耐1智1友,2179720612935735321,67761,US4,3337,1980,1889,1393,1793,8630,3150,6000,7500,3,1,8,11,11,0/1/4,5/7/9,15/17/18,13,12,14,0,3,2,1,0,0,0,42,44,48,0,0,1,22,24,24,13,23,19,5,12,8,119,140,121,29,48,29,8.902
3速1耐1智1友,3676678860147461545,64086,US,3337,1916,2030,1356,1277,8268,3150,4800,7500,3,1,8,9,11,0/1/4,5/7/9,15/17/18,13,13,12,0,3,2,1,0,0,0,42,44,48,0,8,0,22,24,24,9,19,18,1,10,7,108,169,107,25,81,20,8.866
3速1耐1智1友,15526567123375755449,68135,US4,3337,2285,1678,1534,1737,8524,3150,6000,6750,3,1,8,11,10,0/1/4,5/7/9,15/17/18,11,18,14,0,3,2,1,0,0,0,40,47,40,0,1,2,22,24,24,13,16,16,5,5,6,124,144,124,39,40,32,13.171
3速1耐1智1友,13376421679691336533,63818,US,3337,1784,2200,1206,1291,8366,2250,5400,7500,3,1,6,10,11,0/1/4,5/7/9,15/17/18,6,13,14,0,3,2,1,0,0,0,37,45,49,2,3,0,22,24,24,11,14,16,5,4,5,148,143,101,53,63,21,8.257
3速1耐1智1友,8570954855925024719,67593,US3,3337,2008,1748,1422,2003,8593,2700,6000,6000,3,1,7,11,9,0/1/4,5/7/9,15/17/18,8,17,16,0,3,2,1,0,0,2,39,46,42,0,2,3,22,24,24,10,14,15,3,3,6,139,166,126,53,76,39,8.132
3速1耐1智1友,17988593836478679310,64504,US1,3337,1638,1679,1165,2074,8516,2700,5400,7500,3,1,7,10,11,0/1/4,5/7/9,15/17/18,11,16,15,0,3,2,1,0,0,1,41,44,50,1,0,3,22,24,24,14,16,17,7,6,6,129,142,123,38,59,18,9.955
3速1耐1智1友,2826942495585530225,66530,US3,3337,1908,1919,1402,1816,8517,2250,6600,7500,3,1,6,12,11,0/1/4,5/7/9,15/17/18,6,14,13,0,3,2,1,0,0,0,37,46,51,2,0,3,22,24,24,15,18,17,9,6,6,127,132,125,23,38,31,14.353
3速1耐1智1友,3215642743964700961,62707,UA9,3337,2012,1694,1288,1408,8228,3150,5400,8250,3,1,8,10,12,0/1/4,5/7/9,15/17/18,10,17,14,0,3,2,1,0,0,1,40,41,49,0,1,0,22,24,24,12,18,18,4,8,6,111,150,129,30,57,32,9.121
3速1耐1智1友,10286886572679552208,64628,US1,3337,1822,1808,1283,1717,8355,3150,5400,6750,3,1,8,10,10,0/1/4,5/7/9,15/17/18,10,12,15,0,3,2,1,0,0,0,41,43,43,0,1,0,22,24,24,10,18,15,2,8,5,112,158,102,30,48,34,8.866
3速1耐1智1友,6476006757721403900,63577,US,3337,1524,1971,1320,1640,8270,2700,6000,7500,3,1,7,11,11,0/1/4,5/7/9,15/17/18,11,14,13,0,3,2,1,0,1,0,39,42,46,3,0,0,22,24,24,12,19,16,5,8,5,148,145,123,56,62,29,13.435
3速1耐1智1友,11684020922461941920,66652,US3,3337,1627,1778,1252,2276,8634,2700,6000,7500,3,1,7,11,11,0/1/4,5/7/9,15/17/18,9,18,15,0,3,2,1,0,0,0,41,47,50,1,1,4,22,24,24,18,18,15,11,7,4,136,138,117,37,43,29,9.035
3速1耐1智1友,6566141235891151414,64749,US1,3337,1519,2077,1325,1713,8446,2250,5400,7500,3,1,6,10,11,0/1/4,5/7/9,15/17/18,10,13,14,0,3,2,1,0,0,0,41,40,49,6,1,1,22,24,24,16,18,19,10,8,8,148,161,139,56,49,33,8.101
3速1耐1智1友,5636072096396336101,71187,US6,3337,2233,2161,1686,1580,8781,2700,5400,8250,3,1,7,10,12,0/1/4,5/7/9,15/17/18,6,15,15,0,3,2,1,0,1,0,36,41,49,1,0,0,22,24,24,10,17,18,3,7,6,128,109,106,41,30,28,8.203
3速1耐1智1友,9378386286202184960,66868,US3,3337,1846,1615,1442,2039,8714,2700,5400,7500,3,1,7,10,11,0/1/4,5/7/9,15/17/18,10,17,15,0,3,2,1,0,0,0,40,42,49,4,1,1,22,24,24,13,20,16,6,10,5,133,146,110,42,46,29,8.327
3速1耐1智1友,13890968461524469506,65355,US2,3337,1835,1628,1506,1911,8305,2700,4800,7500,3,1,7,9,11,0/1/4,5/7/9,15/17/18,8,17,15,0,3,2,1,0,0,1,40,42,48,0,4,1,22,24,24,14,12,18,7,3,7,123,167,111,33,88,21,12.840
3速1耐1智1友,13786337134729221785,63986,US,3337,1687,1660,1286,1832,8594,2700,5400,8250,3,1,7,10,12,0/1/4,5/7/9,15/17/18,10,18,14,0,2,3,1,0,0,1,41,43,50,1,0,0,22,24,24,14,16,15,7,6,3,110,132,107,21,51,26,8.407
3速1耐1智1友,1723313833920486523,68505,US4,3337,1780,2034,1401,1866,9175,2700,5400,8250,3,1,7,10,12,0/1/4,5/7/9,15/17/18,7,15,16,0,3,2,1,0,0,0,38,40,50,4,0,0,22,24,24,14,21,15,7,11,3,125,121,94,29,42,23,8.827
3速1耐1智1友,6311774720018316066,66279,US2,3337,2042,1928,1605,1408,8409,3150,5400,8250,3,1,8,10,12,0/1/4,5/7/9,15/17/18,10,13,14,0,3,2,1,0,0,0,41,40,49,1,0,0,22,24,24,14,21,15,6,11,3,138,126,101,36,54,24,8.297
3速1耐1智1友,7618091259350051226,64127,US,3337,1852,1836,1396,1601,8431,2250,5400,7500,3,1,6,10,11,0/1/4,5/7/9,15/17/18,10,16,13,0,3,2,1,0,1,0,41,44,45,6,1,0,22,24,24,16,17,13,10,7,2,158,139,95,52,40,30,8.146
3速1耐1智1友,17868632780962929535,66817,US3,3337,2057,1970,1454,1562,8537,2700,6000,7500,3,1,7,11,11,0/1/4,5/7/9,15/17/18,10,15,15,0,3,2,1,0,0,1,40,45,50,1,0,0,22,24,24,12,21,19,5,10,8,130,135,106,37,44,30,8.577
3速1耐1智1友,15671206644366189028,64116,US,3337,1748,1722,1369,1869,8315,2700,6000,6750,3,1,7,11,10,0/1/4,5/7/9,15/17/18,9,16,14,0,3,2,1,0,0,0,40,45,47,0,1,2,22,24,24,17,16,13,10,5,3,122,149,115,41,62,27,14.053
3速1耐1智1友,13772483802110586953,63797,US,3337,1782,1719,1411,1711,8247,3150,4200,7500,3,1,8,8,11,0/1/4,5/7/9,15/17/18,9,16,14,0,3,2,1,0,1,0,40,44,48,0,6,0,22,24,24,19,20,16,11,12,5,130,164,130,43,45,38,10.191
3速1耐1智1友,6498649441425997630,62113,UA8,3337,1466,2200,1065,1461,8308,2700,4800,7500,3,1,7,9,11,0/1/4,5/7/9,15/17/18,6,13,13,0,3,2,1,0,0,0,36,41,48,0,3,0,22,24,24,11,22,16,4,13,5,83,156,100,22,93,23,13.554
3速1耐1智1友,11734176072054456123,64432,US1,3337,2099,1514,1366,1715,8430,2700,5400,8250,3,1,7,10,12,0/1/4,5/7/9,15/17/18,9,14,14,0,3,2,1,0,0,0,38,41,48,0,0,0,22,24,24,13,17,16,6,7,4,126,124,108,35,47,31,9.530
3速1耐1智1友,7713371919251504365,61029,UA7,3337,2030,1676,1246,1166,7996,2700,5400,7500,3,1,7,10,11,0/1/4,5/7/9,15/17/18,8,15,13,0,3,2,1,0,0,0,37,45,47,1,4,0,22,24,24,11,17,17,4,7,6,139,171,114,41,80,26,9.020
3速1耐1智1友,16023226694216695626,62422,UA8,3337,1913,1534,1232,1604,8187,3150,4200,6750,3,1,8,8,10,0/1/4,5/7/9,15/17/18,9,15,13,0,2,3,1,0,0,3,38,36,42,0,1,0,22,24,24,12,14,16,4,6,6,101,166,86,25,73,23,7.964
3速1耐1智1友,2967225002256473105,65125,US2,3337,1975,1856,1424,1388,8623,3150,4800,8250,3,1,8,9,12,0/1/4,5/7/9,15/17/18,10,14,15,0,3,2,1,0,0,0,40,40,50,0,0,0,22,24,24,12,18,16,4,9,4,114,114,116,31,53,25,13.130
3速1耐1智1友,6523990469960129846,65652,US2,3337,1763,1608,1319,2032,8875,2250,6000,8250,3,1,6,11,12,0/1/4,5/7/9,15/17/18,9,17,16,0,3,2,1,0,0,0,38,46,49,3,0,0,22,24,24,13,16,13,7,5,1,132,124,90,46,39,25,9.206
3速1耐1智1友,2815489594396005364,68891,US4,3337,2098,2033,1297,1784,8984,2700,6000,7500,3,1,7,11,11,0/1/4,5/7/9,15/17/18,10,17,15,0,1,4,1,0,0,3,41,46,49,1,1,0,22,24,24,13,16,17,6,5,6,123,150,118,26,60,31,9.051
3速1耐1智1友,16219633253128885626,67661,US3,3337,1885,1914,1430,1938,8621,3150,4800,7500,3,1,8,9,11,0/1/4,5/7/9,15/17/18,13,15,16,0,3,2,1,0,2,0,41,41,49,0,0,2,22,24,24,10,20,15,2,11,4,98,149,102,23,39,26,8.892
3速1耐1智1友,13434946135489485411,63902,US,3337,1529,2200,1183,1491,8573,3150,4800,6750,3,1,8,9,10,0/1/4,5/7/9,15/17/18,10,14,14,0,3,2,1,0,2,0,39,38,46,0,0,1,22,24,24,17,14,18,9,5,8,129,137,114,39,55,29,14.563
3速1耐1智1友,305280491753717888,64581,US1,3337,1719,2042,1378,1619,8183,3150,4200,7500,3,1,8,8,11,0/1/4,5/7/9,15/17/18,11,13,16,0,3,2,1,0,0,0,41,37,49,1,3,0,22,24,24,14,15,17,6,7,6,113,138,114,29,77,22,14.817
3速1耐1智1友,8246493977875486440,66559,US3,3337,1819,1939,1550,1662,8602,2700,6600,7500,3,1,7,12,11,0/1/4,5/7/9,15/17/18,10,12,12,0,3,2,1,0,0,0,38,46,49,1,0,0,22,24,24,18,18,19,11,6,8,138,134,134,42,52,36,15.335
2速2耐1智1友,7665209409958235918,67810,US4,3337,2122,1486,1590,1873,8687,2700,5400,7500,3,1,7,10,11,0/1/4,5/7/9,15/17/19,12,16,14,0,3,2,1,0,0,0,42,42,46,3,2,0,22,24,24,17,16,13,10,6,2,154,137,112,49,41,25,10.013
2速2耐1智1友,13344525452357757842,71519,US6,3337,2184,1203,1610,2439,9054,2700,6000,6750,3,1,7,11,10,0/1/4,5/7/9,15/17/19,9,17,17,0,3,2,1,0,0,0,39,46,40,0,0,0,22,24,24,17,17,13,10,6,3,120,143,94,28,57,29,14.222
2速2耐1智1友,7409246696979212506,65254,US2,3337,2156,1443,1673,1581,8220,3150,5400,6750,3,1,8,10,10,0/1/4,5/7/9,15/17/19,11,13,15,0,3,2,1,0,0,0,41,41,48,0,1,6,22,24,24,17,19,13,9,9,3,144,163,128,28,56,43,9.407
2速2耐1智1友,16472945241056103143,70622,US6,3337,2366,1307,1765,2038,8820,2700,6000,7500,3,1,7,11,11,0/1/4,5/7/9,15/17/19,10,13,17,0,3,2,1,0,0,0,39,43,49,0,0,1,22,24,24,15,16,15,8,5,4,130,134,129,29,41,38,13.543
2速2耐1智1友,11992465414069664273,70992,US6,3337,2400,1852,2035,1232,8681,3150,4800,7500,3,1,8,9,11,0/1/4,5/7/9,15/17/19,11,15,14,0,3,2,1,0,0,0,42,41,48,0,2,2,22,24,24,11,18,14,3,9,3,105,146,113,31,64,35,8.179
2速2耐1智1友,16010829330481080906,67341,US3,3337,2265,1332,1659,1853,8491,3150,6000,7500,3,1,8,11,11,0/1/4,5/7/9,15/17/19,11,15,16,0,3,2,1,0,0,0,41,41,49,1,0,1,22,24,24,14,16,17,6,5,6,151,133,129,49,44,26,8.348
2速2耐1智1友,12569665862446395704,67482,US3,3337,2066,1358,1701,2026,8474,2700,5400,7500,3,1,7,10,11,0/1/4,5/7/9,15/17/19,11,17,15,0,3,2,1,0,0,0,41,41,50,1,0,2,22,24,24,14,12,14,7,2,3,107,124,116,30,44,26,8.045
2速2耐1智1友,9742195100284191146,65262,US2,3337,2241,1490,1822,1312,8266,3150,6000,7500,3,1,8,11,11,0/1/4,5/7/9,15/17/19,10,14,14,0,3,2,1,0,1,0,39,45,46,0,0,0,22,24,24,14,18,14,6,7,3,118,144,116,21,48,32,8.254
2速1耐1力1智1友,8674711203096160046,65116,US2,3337,1959,2200,1076,1413,8487,2700,6600,7500,3,1,7,12,11,0/1/2,5/8/9,15/17/18,9,13,13,0,3,2,1,0,0,0,37,46,49,0,0,0,22,24,24,13,21,18,6,9,7,136,109,132,43,36,35,8.391
2速1耐1力1智1友,8150142525672506949,66779,US3,3319,2072,2200,947,1703,8724,3150,6000,8250,3,1,8,11,12,0/1/2,5/8/9,15/17/18,11,16,15,0,3,2,1,0,0,0,39,44,50,0,0,0,22,24,24,13,22,14,5,11,2,103,143,103,22,60,26,8.477
2速1耐1力1智1友,11935162175062181135,62347,UA8,2939,2022,2128,1011,1762,8451,2700,6000,7500,3,1,7,11,11,0/1/2,5/8/9,15/17/18,12,17,16,0,3,2,1,0,0,0,41,47,50,1,0,4,22,24,24,15,15,17,8,4,6,140,115,135,39,35,31,8.382
2速1耐1力1智1友,17023660632087333600,68741,US4,3337,2100,1823,1136,2099,8733,3150,6000,7500,3,1,8,11,11,0/1/2,5/8/9,15/17/18,11,17,16,0,3,2,1,0,1,0,40,46,48,0,1,1,22,24,24,17,20,16,9,9,5,135,122,118,38,27,28,14.606
2速1耐1力1智1友,671988606228766786,67024,US3,3176,2037,2200,1337,1654,8623,2250,6600,8250,3,1,6,12,12,0/1/2,5/8/9,15/17/18,6,17,13,0,3,2,1,0,0,0,38,47,50,3,0,0,22,24,24,14,19,13,8,7,1,145,107,103,45,24,33,8.391
2速1耐1力1智1友,7112456039924941900,64085,US,3207,2206,1706,1547,1388,8299,3150,4800,6750,3,1,8,9,10,0/1/2,5/8/9,15/17/18,9,14,14,0,3,2,1,0,1,0,37,39,43,1,1,0,22,24,24,15,17,16,7,8,6,125,135,99,32,50,30,9.141
2速1耐1力1智1友,8478950168853713364,66177,US2,3337,1943,1843,1235,1870,8554,2700,6000,7500,3,1,7,11,11,0/1/2,5/8/9,15/17/18,11,16,16,0,3,2,1,0,1,1,39,42,48,1,0,0,22,24,24,15,22,18,8,11,7,133,142,117,35,66,29,9.246
2速1耐1力1智1友,13251538846966919983,68158,US4,3224,2023,2105,1305,1854,8795,2700,3600,8250,3,1,7,7,12,0/1/2,5/8/9,15/17/18,9,17,15,0,3,2,1,0,2,0,39,35,50,1,2,0,22,24,24,13,16,14,6,9,2,132,127,101,33,31,32,14.492
2速1耐1力1智1友,15929813973596997102,65314,US2,3202,1918,2200,1263,1688,8295,2250,4800,7500,3,1,6,9,11,0/1/2,5/8/9,15/17/18,9,16,13,0,3,2,1,0,1,1,39,42,49,5,1,1,22,24,24,17,20,18,11,11,7,165,129,111,45,49,24,12.431
2速1耐1力1智1友,9498078497244430162,67700,US4,3337,1912,2200,1204,1730,8642,2700,6600,6750,3,1,7,12,10,0/1/2,5/8/9,15/17/18,7,17,13,0,3,2,1,0,0,0,38,48,45,2,1,2,22,24,24,14,21,14,7,9,4,127,147,93,36,59,34,8.793
2速1耐1力1智1友,2636015420892656027,63924,US,3337,1679,1901,1173,1858,8297,2700,6600,7500,3,1,7,12,11,0/1/2,5/8/9,15/17/18,9,15,15,0,3,2,1,0,0,2,38,46,49,0,0,0,22,24,24,14,18,13,7,6,2,121,110,111,30,39,38,8.494
2速1耐1力1智1友,5148511831574099991,62761,UA9,3288,1898,2200,1072,1359,8013,2250,4800,6750,3,1,6,9,10,0/1/2,5/8/9,15/17/18,8,12,15,0,3,2,1,0,2,2,39,39,44,5,1,0,22,24,24,16,22,14,10,13,4,172,140,115,61,45,27,8.726
2速1耐1力1智1友,9198720590104465180,63987,US,3070,2123,1931,1332,1634,8302,3150,5400,7500,3,1,8,10,11,0/1/2,5/8/9,15/17/18,8,18,15,0,2,3,1,0,0,0,39,42,46,0,0,0,22,24,24,19,14,17,11,4,6,115,117,102,33,36,22,14.766
2速1耐1力1智1友,6603784874343183629,65318,US2,3337,1638,2200,977,1714,8703,2700,6000,8250,3,1,7,11,12,0/1/2,5/8/9,15/17/18,9,17,16,0,3,2,1,0,1,0,40,47,49,2,3,0,22,24,24,14,23,17,7,12,5,123,173,111,33,95,23,14.307
2速1耐1力1智1友,550620692859006697,64477,US1,3337,1852,2200,1275,1328,8068,2700,6000,5250,3,1,7,11,8,0/1/2,5/8/9,15/17/18,9,16,14,0,3,2,1,0,0,0,40,42,36,1,0,0,22,24,24,15,17,15,8,6,7,114,98,94,23,25,29,9.298
2速1耐1力1智1友,10023056863887027757,65194,US2,3311,1883,1904,1301,1719,8356,3150,5400,7500,3,1,8,10,11,0/1/2,5/8/9,15/17/18,9,16,15,0,3,2,1,0,1,0,40,48,48,0,5,0,22,24,24,15,22,20,7,12,9,129,164,132,33,65,24,8.559
2速1耐1力1智1友,11838815789866390695,64953,US1,3337,1800,1796,1006,2090,8398,2700,4800,7500,3,1,7,9,11,0/1/2,5/8/9,15/17/18,11,17,13,0,3,2,1,0,0,1,39,40,46,5,1,0,22,24,24,14,18,18,7,9,7,141,122,113,33,28,28,8.283
2速1耐1力1智1友,5504891773559473069,65755,US2,3120,2400,2200,1269,1201,8345,3150,4200,8250,3,1,8,8,12,0/1/2,5/8/9,15/17/18,7,15,14,0,3,2,1,0,1,0,37,35,50,0,0,0,22,24,24,14,23,18,6,15,6,132,130,107,35,59,28,13.553
2速1耐1力1智1友,1344537334672020448,65073,US1,3249,2025,2200,1078,1597,8360,2700,4800,8250,3,1,7,9,12,0/1/2,5/8/9,15/17/18,10,15,14,0,3,2,1,0,0,0,40,39,49,0,0,0,22,24,24,15,18,16,8,9,4,115,111,115,27,50,37,8.300
2速1耐1力1智1友,8300458746827633640,61971,UA8,3118,1945,1991,1019,1790,8004,3150,6000,6750,3,1,8,11,10,0/1/2,5/8/9,15/17/18,8,16,13,0,3,2,1,0,0,2,38,45,45,0,0,0,22,24,24,11,17,17,3,6,7,100,114,121,20,25,23,7.976
2速1耐1力1智1友,9999430264400600414,60931,UA7,2858,2044,2200,1131,1390,8149,2700,6000,7500,3,1,7,11,11,0/1/2,5/8/9,15/17/18,11,14,15,0,3,2,1,0,0,0,41,42,50,3,0,2,22,24,24,14,15,16,7,4,5,129,93,104,21,35,30,8.122
2速1耐1力1智1友,1209364292602374867,62609,UA9,2868,1984,2082,1319,1713,8321,2700,5400,7500,3,1,7,10,11,0/1/2,5/8/9,15/17/18,13,15,14,0,3,2,1,0,1,0,41,43,46,5,1,0,22,24,24,18,22,16,11,12,5,140,131,84,23,31,24,8.350
2速1耐1力1智1友,17539139202012500631,68417,US4,3276,1959,2200,1146,1836,8537,2250,6000,7500,3,1,6,11,11,0/1/2,5/8/9,15/17/18,7,17,15,0,3,2,1,0,0,0,39,49,48,4,1,0,22,24,24,18,16,12,12,5,1,145,114,122,34,38,44,8.200
2速1耐1力1智1友,4079921205799619187,68433,US4,3337,1843,2200,1248,1841,8548,2700,6000,7500,3,1,7,11,11,0/1/2,5/8/9,15/17/18,8,17,15,0,3,2,1,0,0,1,40,44,48,0,0,0,22,24,24,15,19,16,8,8,5,140,131,129,34,52,32,8.166
2速1耐1力1智1友,15285708583199667107,68843,US4,3337,2073,2200,1396,1636,8454,2700,5400,8250,3,1,7,10,12,0/1/2,5/8/9,15/17/18,9,15,16,0,3,2,1,0,3,0,40,45,50,0,0,0,22,24,24,16,20,19,9,10,7,156,130,108,37,45,29,8.402
2速1耐1力1智1友,1529476042560495448,66552,US3,3144,2031,1984,1342,1877,8522,2700,6000,6750,3,1,7,11,10,0/1/2,5/8/9,15/17/18,10,17,13,0,3,2,1,0,1,0,38,48,44,0,0,0,22,24,24,15,20,15,8,9,5,109,128,131,20,32,39,8.299
2速1耐1力1智1友,15208510067013976171,65686,US2,3337,1974,2200,1380,1241,8312,2700,6000,8250,3,1,7,11,12,0/1/2,5/8/9,15/17/18,9,15,15,0,3,2,1,0,0,0,38,47,49,2,0,0,22,24,24,19,19,15,12,8,3,146,112,99,40,38,29,8.279
2速1耐1力1智1友,10562928033015354896,66975,US3,3337,1697,2200,1242,1892,8490,3150,5400,8250,3,1,8,10,12,0/1/2,5/8/9,15/17/18,12,14,14,0,2,3,1,0,0,0,40,45,48,1,0,0,22,24,24,17,18,16,9,8,4,145,124,108,32,43,26,8.281
2速1耐1力1智1友,11367043744708602150,64676,US1,3193,1900,2200,1165,1549,8250,2700,5400,7500,3,1,7,10,11,0/1/2,5/8/9,15/17/18,12,14,14,0,3,2,1,0,0,1,40,42,49,2,0,2,22,24,24,18,22,19,11,12,8,147,121,122,29,46,25,13.233
2速1耐1力1智1友,9568652574917310454,65224,US2,3150,2005,1996,1256,1866,8470,3150,6000,6750,3,1,8,11,10,0/1/2,5/8/9,15/17/18,12,14,14,0,3,2,1,0,0,0,41,47,47,1,0,4,22,24,24,16,18,17,8,7,7,125,123,116,33,43,38,8.272
2速1耐1力1智1友,993450056277645193,63910,US,3337,1606,1982,1123,1832,8092,1800,5400,7500,3,1,5,10,11,0/1/2,5/8/9,15/17/18,9,16,13,0,2,3,1,0,0,0,36,42,48,8,0,2,22,24,24,18,16,17,13,6,6,162,109,123,39,34,37,8.075
2速1耐1力1智1友,7401715400789094634,65860,US2,3156,2273,2085,1393,1481,8225,2700,6000,6750,3,1,7,11,10,0/1/2,5/8/9,15/17/18,10,15,16,0,3,2,1,0,0,0,40,42,45,3,0,1,22,24,24,16,17,16,9,6,6,153,100,120,64,32,41,8.323
2速1耐1力1智1友,5471860238413361529,66752,US3,3061,2157,2178,1242,1867,8438,3150,6000,7500,3,1,8,11,11,0/1/2,5/8/9,15/17/18,9,17,14,0,2,3,1,0,0,0,39,48,48,0,0,4,22,24,24,9,19,17,1,8,6,99,126,118,28,30,23,8.206
2速1耐1力1智1友,16513966565476891370,67802,US4,3334,1833,2200,966,2045,8584,2700,6600,7500,3,1,7,12,11,0/1/2,5/8/9,15/17/18,6,17,17,0,3,2,1,0,0,0,34,48,44,0,0,0,22,24,24,9,19,15,2,7,4,79,117,115,14,41,35,8.168
2速1耐1力1智1友,16456441201688241292,65768,US2,2884,2400,2200,1257,1560,8589,2700,5400,7500,3,1,7,10,11,0/1/2,5/8/9,15/17/18,11,16,15,0,3,2,1,0,0,0,41,43,47,4,1,1,22,24,24,9,20,16,2,10,5,148,163,138,58,80,31,8.021
2速1耐1力1智1友,11959600323032655473,65618,US2,3209,1950,2200,1107,1782,8275,2700,6000,7500,3,1,7,11,11,0/1/2,5/8/9,15/17/18,10,17,15,0,3,2,1,0,0,0,41,43,47,1,0,0,22,24,24,12,20,15,5,9,4,131,119,96,43,53,20,8.129
2速1耐1力1智1友,3210214389276070636,74416,US9,3337,2396,2200,1503,1802,9188,2700,6600,7500,3,1,7,12,11,0/1/2,5/8/9,15/17/18,9,15,17,0,3,2,1,0,0,0,38,48,46,2,0,0,22,24,24,17,21,14,10,9,3,150,130,96,40,33,36,8.567
2速1耐1力1智1友,1481457135838115342,65947,US2,3337,1681,2136,1072,1789,8600,2700,5400,7500,3,1,7,10,11,0/1/2,5/8/9,15/17/18,10,15,14,0,3,2,1,0,2,0,40,41,49,1,0,0,22,24,24,11,16,16,4,6,5,131,105,103,42,33,30,8.487
2速1耐1力1智1友,8217903684714740466,59443,UA5,3172,1582,1801,1082,1669,7987,2250,4200,7500,3,1,6,8,11,0/1/2,5/8/9,15/17/18,10,12,15,0,3,2,1,0,0,0,38,42,49,3,5,3,22,24,24,10,21,18,4,13,7,130,157,107,44,47,22,8.087
2速1耐1力1智1友,1908942700185860332,69807,US5,3337,2226,2200,1212,1645,8778,2700,6600,7500,3,1,7,12,11,0/1/2,5/8/9,15/17/18,12,16,14,0,3,2,1,0,0,0,42,45,50,3,0,1,22,24,24,11,18,16,4,6,5,145,130,114,47,55,25,12.430
2速1力1根1智1友,11326762469714653587,61509,UA7,3337,1004,2200,1373,1578,8014,2700,6600,7500,3,1,7,12,11,0/2/3,5/6/9,15/16/19,9,15,13,0,3,2,1,0,0,0,39,47,48,2,0,0,22,24,24,10,17,16,3,5,5,126,120,112,30,43,30,8.395
2速1力1根1智1友,6811585711019423014,65440,US2,3337,960,2200,1911,1701,8384,2250,6000,7500,3,1,6,11,11,0/2/3,5/6/9,15/16/19,10,14,14,0,3,2,1,0,0,1,40,45,50,5,0,0,22,24,24,11,23,16,5,12,5,159,155,117,54,67,31,8.241
2速1力1根1智1友,2464807553972074962,64363,US1,3337,898,2200,2058,1259,8498,2250,5400,7500,3,1,6,10,11,0/2/3,5/6/9,15/16/19,9,14,15,0,3,2,1,0,0,0,38,43,48,4,2,0,22,24,24,13,21,13,7,11,2,139,149,103,23,69,20,8.123
2速1力1根1智1友,9844167196163356492,64384,US1,3337,884,2200,1829,1632,8463,2700,5400,8250,3,1,7,10,12,0/2/3,5/6/9,15/16/19,10,15,16,0,3,2,1,0,0,0,38,42,50,2,1,0,22,24,24,12,22,17,5,12,5,138,159,125,36,58,28,8.129
2速1力1根1智1友,8980134063177055374,62145,UA8,3295,950,2200,1694,1512,7869,2700,5400,7500,3,1,7,10,11,0/2/3,5/6/9,15/16/19,8,16,15,0,3,2,1,0,0,0,38,39,46,5,0,0,22,24,24,14,18,17,7,8,6,158,104,132,41,40,43,8.166
2速1力1根1智1友,18285413516395379107,68810,US4,3337,976,2200,2150,1843,8804,2700,5400,8250,3,1,7,10,12,0/2/3,5/6/9,15/16/19,12,13,16,0,3,2,1,0,0,0,41,44,50,2,0,0,22,24,24,12,20,15,5,10,3,165,124,120,54,28,25,8.273
2速1力1根1智1友,8256967179919972977,62422,UA8,3337,804,2143,1816,1636,7911,2250,6000,7500,3,1,6,11,11,0/2/3,5/6/9,15/16/19,11,18,13,0,3,2,1,0,0,0,39,48,47,4,2,0,22,24,24,10,18,15,4,7,4,160,139,115,45,43,26,8.302
2速1力1根1智1友,6887077576697736342,64469,US1,3337,906,2200,2090,1411,8023,2250,6000,6750,3,1,6,11,10,0/2/3,5/6/9,15/16/19,7,16,15,0,3,2,1,0,0,0,38,42,45,3,0,2,22,24,24,12,18,16,6,7,6,140,119,100,56,34,31,9.506
2速1力1根1智1友,14755065498383508013,67852,US4,3337,909,2200,2009,1894,8686,2250,6600,7500,3,1,6,12,11,0/2/3,5/6/9,15/16/19,8,17,15,0,3,2,1,0,0,1,39,49,50,5,0,1,22,24,24,16,18,15,10,6,4,161,144,131,30,51,29,14.531
2速1力1根1智1友,13544683435662312397,64349,US1,3337,912,2200,1704,1708,8414,2250,6000,7500,3,1,6,11,11,0/2/3,5/6/9,15/16/19,10,17,16,0,3,2,1,0,0,0,39,46,51,5,0,2,22,24,24,13,16,16,7,5,5,147,114,148,41,29,31,13.817
2速1力1根1智1友,15920638885077350851,61542,UA7,3337,907,2200,1557,1385,8360,2700,5400,6750,3,1,7,10,10,0/2/3,5/6/9,15/16/19,12,16,15,0,3,2,1,0,2,0,41,46,44,2,2,0,22,24,24,14,21,16,7,11,6,149,174,109,33,66,32,9.539
2速1力1根1智1友,12442385645152605416,64681,US1,3337,968,2200,1490,1855,8425,2250,6000,6750,3,1,6,11,10,0/2/3,5/6/9,15/16/19,8,16,17,0,3,2,1,0,0,0,39,42,43,4,0,0,22,24,24,15,16,13,9,5,3,155,120,97,57,26,31,9.357
2速1力1根1智1友,13636632859002082019,65988,US2,3337,830,2200,1852,2025,8407,2700,6600,7500,3,1,7,12,11,0/2/3,5/6/9,15/16/19,11,16,15,0,3,2,1,0,0,0,39,47,48,2,0,0,22,24,24,12,19,16,5,7,5,129,154,118,30,58,27,13.504
2速1力1根1智1友,16916887217943384197,62818,UA9,3337,959,2200,1900,1453,8029,2250,5400,6750,3,1,6,10,10,0/2/3,5/6/9,15/16/19,11,16,13,0,3,2,1,0,0,1,40,43,44,5,2,0,22,24,24,14,17,16,8,7,6,165,130,123,67,40,31,9.452
2速1力1根1智1友,1718519919253566914,63134,UA9,3337,1011,2200,1451,1795,8238,2700,6000,7500,3,1,7,11,11,0/2/3,5/6/9,15/16/19,13,17,14,0,3,2,1,0,1,0,40,44,48,3,0,0,22,24,24,12,14,14,5,3,3,151,94,119,44,34,26,13.893
2速1力1根1智1友,9477966000344520914,61448,UA7,3337,824,2101,1608,1806,7738,2700,4200,6750,3,1,7,8,10,0/2/3,5/6/9,15/16/19,11,16,16,0,3,2,1,0,0,0,41,34,43,3,0,2,22,24,24,14,16,15,7,8,5,156,108,132,43,44,29,9.651
3速1耐1智1友,18294810980148767977,65608,US2,3337,2042,1695,1303,1634,8938,3150,6000,6750,3,1,8,11,10,0/1/4,5/7/9,15/17/18,11,14,14,0,3,2,1,0,0,0,41,46,46,0,1,3,22,24,24,13,18,17,5,7,7,132,145,128,37,42,26,8.621
3速1耐1智1友,17340265605103734777,64609,US1,3337,2131,1437,1179,1737,8607,3150,4800,7500,3,1,8,9,11,0/1/4,5/7/9,15/17/18,11,14,16,0,3,2,1,0,0,0,40,37,48,1,1,0,22,24,24,15,15,17,7,6,6,133,134,118,31,53,31,13.810
3速1耐1智1友,13456845877101579504,62749,UA9,3337,1857,1676,1160,1557,8500,2250,6000,6750,3,1,6,11,10,0/1/4,5/7/9,15/17/18,9,15,12,0,3,2,1,0,0,1,38,48,45,3,0,0,22,24,24,14,20,17,8,9,7,145,148,100,44,47,24,10.145
3速1耐1智1友,16801046783785587428,68771,US4,3337,2317,1710,1277,1802,8864,3150,6600,6750,3,1,8,12,10,0/1/4,5/7/9,15/17/18,14,17,15,0,3,2,1,0,0,0,41,47,48,0,0,1,22,24,24,13,13,15,5,1,5,119,128,117,31,49,14,14.555
3速1耐1智1友,12942464840474362234,73157,US8,3337,2287,1534,1509,2408,9405,3150,5400,7500,3,1,8,10,11,0/1/4,5/7/9,15/17/18,13,16,16,0,3,2,1,0,1,0,42,45,49,0,0,1,22,24,24,14,20,13,6,10,2,117,153,122,36,57,37,10.529
3速1耐1智1友,10718083972355583571,69335,US5,3337,2174,1521,1374,2192,8918,2700,6000,7500,3,1,7,11,11,0/1/4,5/7/9,15/17/18,9,16,15,0,3,2,1,0,0,0,40,44,50,1,1,1,22,24,24,12,15,16,5,4,5,126,127,117,53,57,26,14.356
3速1耐1智1友,5136979907046107870,70334,US6,3337,1991,1882,1283,2132,9436,3150,6000,7500,3,1,8,11,11,0/1/4,5/7/9,15/17/18,10,16,15,0,3,2,1,0,0,0,41,47,49,0,2,2,22,24,24,12,21,15,4,10,4,110,145,111,36,39,36,14.553
3速1耐1智1友,5705678829376208106,67624,US3,3337,1880,2200,1248,1479,9176,3150,5400,7500,3,1,8,10,11,0/1/4,5/7/9,15/17/18,11,13,15,0,3,2,1,0,0,0,41,44,49,0,1,1,22,24,24,16,19,19,8,9,8,119,162,138,41,78,31,10.053
3速1耐1智1友,17018580834558249591,70882,US6,3337,2292,1655,1342,2086,9447,3150,6000,7500,3,1,8,11,11,0/1/4,5/7/9,15/17/18,8,14,16,0,3,2,1,0,0,0,40,45,49,0,0,0,22,24,24,14,16,16,6,5,5,116,137,102,32,44,17,13.675
3速1耐1智1友,17390044373306492298,71756,US7,3337,2339,1647,1412,2158,9255,3150,6000,7500,3,1,8,11,11,0/1/4,5/7/9,15/17/18,13,16,15,0,3,2,1,0,0,0,42,46,49,1,0,1,22,24,24,13,16,14,5,5,3,134,142,126,40,36,35,10.128
3速1耐1智1友,3569361776344877242,65130,US2,3337,1828,1781,1206,1852,8766,2250,6000,7500,3,1,6,11,11,0/1/4,5/7/9,15/17/18,7,17,13,0,3,2,1,0,0,1,33,45,48,1,0,0,22,24,24,14,17,18,8,6,7,113,139,99,28,40,23,14.447
3速1耐1智1友,2347541689483839044,63198,UA9,3337,1686,1488,1121,2010,8549,3150,6600,7500,3,1,8,12,11,0/1/4,5/7/9,15/17/18,8,13,14,0,3,2,1,0,0,0,39,45,48,0,0,0,22,24,24,14,16,17,6,4,6,122,111,106,43,36,27,14.791
3速1耐1智1友,13846160770496761542,63681,US,3337,1962,1972,1208,1214,8616,2700,6000,7500,3,1,7,11,11,0/1/4,5/7/9,15/17/18,8,15,14,0,3,2,1,0,0,0,37,45,49,2,0,1,22,24,24,17,16,15,10,5,4,153,156,108,31,70,22,10.879
3速1耐1智1友,13679233557927875816,65937,US2,3337,1862,1903,1086,1883,9229,3150,5400,7500,3,1,8,10,11,0/1/4,5/7/9,15/17/18,13,15,15,0,3,2,1,0,0,1,42,45,50,2,6,1,22,24,24,11,18,16,3,8,5,135,196,128,45,71,28,14.614
3速1耐1智1友,8127771330706833465,66542,US3,3337,1901,1673,1178,2037,9138,3150,5400,7500,3,1,8,10,11,0/1/4,5/7/9,15/17/18,11,16,14,0,3,2,1,0,1,1,41,45,49,0,3,0,22,24,24,17,22,17,9,12,6,125,155,121,30,63,26,14.563
3速1耐1智1友,638110932597051421,66953,US3,3337,2096,1803,1275,1774,8914,3150,6000,7500,3,1,8,11,11,0/1/4,5/7/9,15/17/18,11,15,13,0,3,2,1,0,1,0,42,44,49,0,0,1,22,24,24,13,14,17,5,3,6,117,135,121,27,35,37,10.689
3速1耐1智1友,10150379536109627663,66606,US3,3337,1525,1991,1003,2232,9024,2700,6000,7500,3,1,7,11,11,0/1/4,5/7/9,15/17/18,10,16,15,0,3,2,1,0,0,0,40,45,48,0,2,2,22,24,24,13,19,17,6,8,6,129,149,131,37,51,33,12.700
3速1耐1智1友,3629670942114742072,68964,US4,3337,2128,1738,1410,1969,8962,3150,5400,7500,3,1,8,10,11,0/1/4,5/7/9,15/17/18,10,14,16,0,3,2,1,0,2,1,40,46,48,1,4,1,22,24,24,14,17,15,6,7,4,118,149,111,27,50,30,9.525
3速1耐1智1友,12356786732095275031,61804,UA8,3337,1628,1661,1157,1790,8234,2250,5400,7500,3,1,6,10,11,0/1/4,5/7/9,15/17/18,8,10,15,0,3,2,1,0,0,0,39,44,48,6,1,1,22,24,24,17,19,17,11,9,6,154,146,137,50,50,35,8.829
3速1耐1智1友,16067135630988276928,69485,US5,3337,2351,1995,1472,1345,8969,3150,5400,7500,3,1,8,10,11,0/1/4,5/7/9,15/17/18,11,14,15,0,3,2,1,0,0,0,41,45,48,0,3,1,22,24,24,14,19,16,6,9,5,120,158,102,35,57,24,8.986
3速1耐1智1友,12041167325603005736,66077,US2,3337,1817,2064,1362,1621,8403,3150,5400,6750,3,1,8,10,10,0/1/4,5/7/9,15/17/18,9,16,13,0,3,2,1,0,0,0,40,46,47,1,2,3,22,24,24,15,15,20,7,5,10,127,139,127,33,39,29,8.152
3速1耐1智1友,3276032423791078683,66976,US3,3337,2002,2139,1282,1427,8692,2700,5400,7500,3,1,7,10,11,0/1/4,5/7/9,15/17/18,11,13,14,0,3,2,1,0,0,0,41,44,48,2,3,0,22,24,24,16,17,17,9,7,6,133,174,117,47,71,24,14.247
3速1耐1智1友,15727606568955356186,66394,US2,3337,1766,1854,1209,2020,8754,3150,5400,8250,3,1,8,10,12,0/1/4,5/7/9,15/17/18,13,14,14,0,3,2,1,0,0,0,43,43,50,0,0,0,22,24,24,12,16,17,4,6,5,117,135,116,33,45,35,14.540
3速1耐1智1友,7872365926350281988,70301,US6,3337,2039,1914,1296,2074,8963,3150,6000,7500,3,1,8,11,11,0/1/4,5/7/9,15/17/18,15,16,14,0,3,2,1,0,0,0,42,47,49,2,3,0,22,24,24,14,20,18,6,9,7,133,151,126,49,49,46,9.325
3速1耐1智1友,6605314369505056811,68250,US4,3337,2327,1729,1307,1759,8626,3150,6000,7500,3,1,8,11,11,0/1/4,5/7/9,15/17/18,14,13,15,0,3,2,1,0,0,0,42,44,47,0,0,1,22,24,24,13,19,14,5,8,3,105,150,118,22,56,20,8.646
3速1耐1智1友,467431589926532787,66187,US2,3337,1773,1871,1039,2122,8913,3150,6000,7500,3,1,8,11,11,0/1/4,5/7/9,15/17/18,13,16,13,0,3,2,1,0,0,0,41,45,49,0,0,1,22,24,24,12,17,16,4,6,5,106,148,107,28,44,24,8.394
3速1耐1智1友,9298599513506139084,62094,UA8,3337,1915,1703,1184,1566,8173,2700,6000,6750,3,1,7,11,10,0/1/4,5/7/9,15/17/18,11,15,14,0,3,2,1,0,0,2,41,45,47,1,3,1,22,24,24,14,22,15,7,11,5,128,165,120,30,67,25,10.279
3速1耐1智1友,4855764515458570836,68221,US4,3337,2277,1967,1251,1641,8739,2700,6000,7500,3,1,7,11,11,0/1/4,5/7/9,15/17/18,14,16,14,0,3,2,1,0,0,0,42,46,48,3,0,2,22,24,24,17,16,18,10,5,7,157,130,116,53,39,25,9.172
3速1耐1智1友,10590504171153832330,66190,US2,3337,2088,1935,1227,1617,8529,2700,5400,6750,3,1,7,10,10,0/1/4,5/7/9,15/17/18,9,15,16,0,3,2,1,0,0,0,39,44,49,0,5,5,22,24,24,17,20,16,10,10,6,107,180,128,35,64,24,8.746
3速1耐1智1友,8935797748845847010,71508,US6,3337,2400,1890,1417,1832,9089,3150,5400,8250,3,1,8,10,12,0/1/4,5/7/9,15/17/18,10,16,15,0,3,2,1,0,1,0,40,43,50,0,1,0,22,24,24,13,20,15,5,10,3,119,144,109,36,48,35,13.728
3速1耐1智1友,8832593940654586677,71115,US6,3337,2038,1961,1239,2226,8994,2700,6000,8250,3,1,7,11,12,0/1/4,5/7/9,15/17/18,12,16,15,0,3,2,1,0,0,0,38,46,50,0,0,0,22,24,24,8,18,18,1,7,6,112,111,115,37,30,29,9.008
3速1耐1智1友,4624442672659625554,68326,US4,3337,2104,1798,1359,1955,8780,2700,6000,7500,3,1,7,11,11,0/1/4,5/7/9,15/17/18,10,18,11,0,3,2,1,0,0,0,40,47,47,1,0,1,22,24,24,20,16,20,13,5,9,154,131,134,64,49,46,8.319
3速1耐1智1友,435401095502975015,69181,US5,3337,2001,2166,1306,1671,9076,3600,6000,7500,3,1,9,11,11,0/1/4,5/7/9,15/17/18,13,15,14,0,3,2,1,0,0,0,42,45,49,0,0,1,22,24,24,13,17,18,4,6,7,115,117,105,33,26,27,8.603
3速1耐1智1友,4801674555029417269,65260,US2,3337,2152,1633,1397,1595,8129,3150,4800,7500,3,1,8,9,11,0/1/4,5/7/9,15/17/18,10,13,14,0,3,2,1,0,1,2,41,43,48,0,3,0,22,24,24,10,20,19,2,11,8,133,152,121,42,66,26,12.753
3速1耐1智1友,8583838069695919142,66744,US3,3337,1900,2073,1456,1460,8491,2700,6000,7500,3,1,7,11,11,0/1/4,5/7/9,15/17/18,11,15,14,0,3,2,1,0,0,0,42,43,49,3,1,0,22,24,24,16,19,15,9,8,4,145,128,115,46,46,27,8.581
3速1耐1智1友,5873704827353454574,64332,US1,3337,1894,1729,1378,1696,8463,3150,5400,7500,3,1,8,10,11,0/1/4,5/7/9,15/17/18,7,16,16,0,3,2,1,0,0,0,39,45,51,2,4,3,22,24,24,16,20,13,8,10,2,125,179,109,30,54,33,8.571
3速1耐1智1友,13569170191983196964,68751,US4,3337,2122,1553,1309,2083,9021,3150,6000,7500,3,1,8,11,11,0/1/4,5/7/9,15/17/18,12,16,15,0,3,2,1,0,0,0,41,46,49,0,2,2,22,24,24,10,21,15,2,10,4,104,156,117,18,56,31,8.697
3速1耐1智1友,8797974619881097171,68563,US4,3337,1853,2200,1194,1649,9362,2700,5400,7500,3,1,7,10,11,0/1/4,5/7/9,15/17/18,11,16,16,0,3,2,1,0,0,0,39,44,49,0,1,1,22,24,24,12,23,15,5,13,4,113,174,97,50,92,22,8.511
3速1耐1智1友,6861938731755148396,68057,US4,3337,2098,1890,1273,1684,9036,3150,6000,7500,3,1,8,11,11,0/1/4,5/7/9,15/17/18,12,15,15,0,3,2,1,0,1,0,40,44,48,0,1,1,22,24,24,12,22,17,4,11,6,110,166,130,21,88,31,8.625
3速1耐1智1友,18380489215292908078,65119,US2,3337,1771,1764,1201,1934,8716,3150,6000,6750,3,1,8,11,10,0/1/4,5/7/9,15/17/18,8,16,13,0,3,2,1,0,0,0,40,44,48,0,0,3,22,24,24,15,20,15,7,9,5,118,138,144,19,46,33,12.917
3速1耐1智1友,17257182052734102171,64044,US,3337,1621,1988,1221,1740,8696,2700,5400,7500,3,1,7,10,11,0/1/4,5/7/9,15/17/18,12,15,15,0,3,2,1,0,0,0,40,44,49,2,0,2,22,24,24,16,17,18,9,7,7,139,131,116,53,38,24,8.439
3速1耐1智1友,13039241588707485647,67912,US4,3337,2193,2200,1338,1302,8571,2700,5400,7500,3,1,7,10,11,0/1/4,5/7/9,15/17/18,10,13,12,0,3,2,1,0,0,1,39,46,49,0,3,2,22,24,24,15,16,14,8,6,3,125,175,98,33,60,19,8.364
3速1耐1智1友,5203763381848701244,65054,US1,3337,1824,1928,1287,1804,8572,3150,4800,7500,3,1,8,9,11,0/1/4,5/7/9,15/17/18,7,14,15,0,3,2,1,0,0,0,38,40,48,0,3,0,22,24,24,14,18,12,6,9,1,109,172,111,24,77,31,8.477
3速1耐1智1友,9926520723369151917,71207,US6,3337,2400,2190,1512,1378,9244,3150,5400,7500,3,1,8,10,11,0/1/4,5/7/9,15/17/18,11,16,13,0,3,2,1,0,0,1,40,46,47,0,6,0,22,24,24,12,21,17,4,11,6,99,172,118,20,73,29,8.961
3速1耐1智1友,16485397249089351886,65337,US2,3337,2191,1740,1199,1547,8556,3150,6000,7500,3,1,8,11,11,0/1/4,5/7/9,15/17/18,11,13,13,0,3,2,1,0,0,0,39,45,47,0,1,0,22,24,24,14,17,13,6,6,2,112,164,98,26,56,21,14.045
3速1耐1智1友,2260682184317568806,65303,US2,3337,2087,1634,1322,1686,8415,3150,6000,6750,3,1,8,11,10,0/1/4,5/7/9,15/17/18,14,13,13,0,3,2,1,0,0,0,43,42,47,1,0,3,22,24,24,13,18,16,5,7,6,128,102,124,33,40,26,10.515
3速1耐1智1友,11020415995248182709,69055,US5,3337,2188,1493,1236,2214,8823,3150,6000,7500,3,1,8,11,11,0/1/4,5/7/9,15/17/18,10,17,16,0,3,2,1,0,0,0,39,48,47,2,3,0,22,24,24,15,18,17,7,7,6,123,142,116,48,35,32,13.751
3速1耐1智1友,13908770548121679726,64153,US,3337,2288,1439,1295,1415,8317,3150,4800,7500,3,1,8,9,11,0/1/4,5/7/9,15/17/18,11,16,15,0,3,2,1,0,0,0,41,45,50,0,5,2,22,24,24,13,19,15,5,10,4,98,158,120,24,68,29,8.758
3速1耐1智1友,15666030815438619594,66016,US2,3337,2216,1606,1261,1624,8765,3150,5400,7500,3,1,8,10,11,0/1/4,5/7/9,15/17/18,14,15,12,0,3,2,1,0,1,0,43,45,46,0,4,0,22,24,24,12,20,18,4,10,7,101,161,107,23,60,17,15.448
3速1耐1智1友,2175556591210088723,64598,US1,3337,2062,1553,1269,1785,8479,3150,4800,7500,3,1,8,9,11,0/1/4,5/7/9,15/17/18,11,14,13,0,3,2,1,0,2,0,41,39,48,1,1,0,22,24,24,13,16,15,5,7,4,140,113,93,44,32,21,12.201
3速1耐1智1友,1498076194820568181,68935,US4,3337,2182,1402,1236,2304,8905,2700,5400,7500,3,1,7,10,11,0/1/4,5/7/9,15/17/18,11,15,15,0,3,2,1,0,1,0,39,42,50,1,0,2,22,24,24,12,19,17,5,9,6,102,129,123,19,48,27,8.584
3速1耐1智1友,1182059660978964684,66472,US3,3337,2313,1698,1344,1468,8742,3150,5400,8250,3,1,8,10,12,0/1/4,5/7/9,15/17/18,12,16,14,0,3,2,1,0,0,0,42,44,49,0,1,0,22,24,24,12,18,15,4,8,3,104,176,103,28,71,28,4.894
3速1耐1智1友,5756283268781505583,69260,US5,3337,2159,2171,1418,1614,8858,2700,6000,7500,3,1,7,11,11,0/1/4,5/7/9,15/17/18,10,15,12,0,3,2,1,0,0,1,39,46,48,1,0,0,22,24,24,15,19,16,8,8,5,130,127,101,36,49,23,8.323
3速1耐1智1友,6593950981283874723,71673,US7,3337,2300,2200,1503,1632,8998,3600,6000,7500,3,1,9,11,11,0/1/4,5/7/9,15/17/18,13,16,13,0,3,2,1,0,0,0,42,44,48,0,0,0,22,24,24,16,19,14,7,8,3,118,154,121,38,57,38,13.493
3速1耐1智1友,17719398427072008030,68955,US4,3337,2078,1923,1402,1880,8939,3150,5400,7500,3,1,8,10,11,0/1/4,5/7/9,15/17/18,6,14,15,0,3,2,1,0,1,0,39,42,48,0,0,1,22,24,24,12,18,13,4,8,2,102,127,94,31,26,20,8.868
3速1耐1智1友,5403973073462928850,69964,US5,3337,2225,2037,1385,1728,9006,3600,6000,8250,3,1,9,11,12,0/1/4,5/7/9,15/17/18,12,15,13,0,3,2,1,0,1,0,42,43,49,0,0,0,22,24,24,13,18,14,4,7,2,126,129,103,32,34,17,8.949
2速2耐1智1友,3440251782374487450,64033,US,3312,2201,1330,1662,1562,8026,2700,4800,6750,3,1,7,9,10,0/1/4,5/7/9,15/17/19,9,13,14,0,3,2,1,0,0,0,36,45,48,0,8,5,22,24,24,12,16,16,5,7,6,111,178,154,31,78,45,8.219
2速2耐1智1友,2919288117339956817,66018,US2,3337,2400,1374,1581,1592,8297,3600,6000,7500,3,1,9,11,11,0/1/4,5/7/9,15/17/19,11,15,15,0,3,2,1,0,0,0,41,47,46,0,0,0,22,24,24,19,16,14,10,5,3,128,142,124,23,36,27,12.692
2速2耐1智1友,12607480145262379182,68805,US4,3337,2400,1457,1651,1744,8743,3150,6000,6750,3,1,8,11,10,0/1/4,5/7/9,15/17/19,9,16,15,0,3,2,1,0,0,0,40,44,48,0,0,5,22,24,24,15,16,17,7,5,7,110,118,154,29,33,46,8.570
2速2耐1智1友,13241282206477160322,72024,US7,3337,2400,1268,1723,2231,8971,2700,6000,7500,3,1,7,11,11,0/1/4,5/7/9,15/17/19,11,16,16,0,3,2,1,0,0,0,40,46,49,1,1,2,22,24,24,13,17,16,6,6,5,126,155,138,33,54,35,9.012
2速2耐1智1友,14416587617153651813,67450,US3,3337,2298,1363,1755,1750,8159,2250,5400,6750,3,1,6,10,10,0/1/4,5/7/9,15/17/19,4,15,15,0,3,2,1,0,2,0,37,43,49,2,0,5,22,24,24,8,19,14,2,9,4,122,130,155,48,40,53,14.475
2速2耐1智1友,3982717066300239964,67032,US3,3337,2400,1260,1862,1625,8356,3150,5400,6750,3,1,8,10,10,0/1/4,5/7/9,15/17/19,11,14,13,0,3,2,1,0,0,1,39,44,47,0,3,3,22,24,24,12,17,18,4,7,8,97,158,133,22,38,37,10.202
2速2耐1智1友,4732830469746043605,70487,US6,3337,2400,1351,1692,2025,8839,3150,4800,7500,3,1,8,9,11,0/1/4,5/7/9,15/17/19,11,15,16,0,3,2,1,0,0,0,42,45,47,0,8,0,22,24,24,9,12,18,1,3,7,105,192,131,27,102,34,13.684
2速2耐1智1友,15077661044969450350,68859,US4,3274,2398,1201,1831,2018,8290,2250,6000,6750,3,1,6,11,10,0/1/4,5/7/9,15/17/19,10,15,14,0,3,2,1,0,1,0,39,45,46,4,0,2,22,24,24,11,16,16,5,5,6,133,112,151,53,21,47,8.215
2速1耐1力1智1友,14939455744427311888,69487,US5,3337,2400,2115,1003,1633,8863,3150,6600,7500,3,1,8,12,11,0/1/2,5/8/9,15/17/18,12,16,14,0,3,2,1,0,0,0,41,49,49,0,0,0,22,24,24,12,19,19,4,7,8,112,120,108,35,33,25,8.725
2速1耐1力1智1友,15621075381817343632,69942,US5,3337,2085,2199,886,2041,8954,2700,6600,7500,3,1,7,12,11,0/1/2,5/8/9,15/17/18,7,19,14,0,3,2,1,0,0,0,36,48,49,0,0,0,22,24,24,12,15,15,5,3,4,106,100,106,23,28,25,8.526
2速1耐1力1智1友,534624238842695463,63816,US,3271,1938,2126,865,1673,8359,3150,5400,7500,3,1,8,10,11,0/1/2,5/8/9,15/17/18,11,15,14,0,3,2,1,0,0,0,42,46,50,3,0,4,22,24,24,15,19,16,7,9,5,127,128,148,26,41,48,8.579
2速1耐1力1智1友,879092696598517943,65315,US2,3337,2321,2146,1004,1093,8556,3600,6000,7500,3,1,9,11,11,0/1/2,5/8/9,15/17/18,12,16,14,0,3,2,1,0,0,0,41,48,47,0,0,0,22,24,24,10,20,16,1,9,5,88,142,105,19,58,24,8.576
2速1耐1力1智1友,10113202049924599829,63500,US,3337,2113,1921,1013,1433,8243,2700,4200,8250,3,1,7,8,12,0/1/2,5/8/9,15/17/18,11,14,13,0,3,2,1,0,3,0,41,43,49,1,4,0,22,24,24,13,21,16,6,13,4,128,174,113,36,70,30,8.245
2速1耐1力1智1友,2182801891750421291,65128,US2,3172,2019,1688,1221,1975,8354,2700,6000,7500,3,1,7,11,11,0/1/2,5/8/9,15/17/18,9,16,13,0,3,2,1,0,0,0,40,46,47,1,0,0,22,24,24,12,20,14,5,9,3,116,131,112,24,48,31,13.042
2速1耐1力1智1友,2507063085452038258,69116,US5,3337,2106,1768,1235,2092,8846,2700,6000,7500,3,1,7,11,11,0/1/2,5/8/9,15/17/18,10,17,15,0,3,2,1,0,0,1,41,48,47,2,0,0,22,24,24,20,19,16,13,8,5,161,130,110,57,35,18,8.674
2速1耐1力1智1友,2964516356811137824,67878,US4,3337,2252,2200,934,1658,8840,2700,6000,7500,3,1,7,11,11,0/1/2,5/8/9,15/17/18,10,15,16,0,3,2,1,0,1,0,40,46,49,1,0,2,22,24,24,17,22,13,10,11,2,149,153,109,42,57,36,8.296
2速1耐1力1智1友,1767138092977690303,62042,UA8,3032,2105,2200,982,1519,8073,2700,5400,7500,3,1,7,10,11,0/1/2,5/8/9,15/17/18,9,13,16,0,3,2,1,0,2,0,39,45,47,0,0,1,22,24,24,15,19,14,8,9,3,119,131,112,30,53,26,8.308
2速1耐1力1智1友,5153583064513504858,66254,US2,3337,2310,2200,1191,1018,8363,3150,6000,7500,3,1,8,11,11,0/1/2,5/8/9,15/17/18,10,15,13,0,3,2,1,0,0,0,40,46,45,0,0,0,22,24,24,15,18,15,7,7,4,127,115,113,33,40,30,8.557
2速1耐1力1智1友,3690326310992351813,66584,US3,3337,2157,2200,1069,1566,8319,2700,5400,7500,3,1,7,10,11,0/1/2,5/8/9,15/17/18,11,15,14,0,3,2,1,0,0,0,41,39,47,2,0,0,22,24,24,14,15,18,7,5,7,142,97,112,45,26,28,8.600
2速1耐1力1智1友,1494732780575325500,66625,US3,3337,1996,2035,986,1960,8711,2700,6000,7500,3,1,7,11,11,0/1/2,5/8/9,15/17/18,13,16,14,0,3,2,1,0,0,0,41,45,47,2,0,0,22,24,24,12,19,17,5,8,6,140,143,122,53,57,27,12.457
2速1耐1力1智1友,2639426749742518601,64144,US,3337,1914,1863,1098,1773,8174,3150,5400,7500,3,1,8,10,11,0/1/2,5/8/9,15/17/18,12,14,14,0,3,2,1,0,0,0,40,44,49,0,4,1,22,24,24,15,20,16,7,10,5,121,158,129,35,64,25,8.498
2速1耐1力1智1友,4956978572801307034,67702,US4,3298,2154,2200,1108,1715,8469,2700,6000,7500,3,1,7,11,11,0/1/2,5/8/9,15/17/18,9,16,14,0,3,2,1,0,0,0,41,46,51,2,0,2,22,24,24,18,18,16,11,7,5,138,123,99,41,37,24,8.419
2速1耐1力1智1友,4032597599670374844,71148,US6,3337,2260,2137,1110,2094,8791,3150,6600,7500,3,1,8,12,11,0/1/2,5/8/9,15/17/18,9,17,16,0,3,2,1,0,0,0,39,47,47,0,0,0,22,24,24,13,19,15,5,7,4,103,119,121,21,45,29,8.387
2速1耐1力1智1友,781223565317993358,67142,US3,3297,2215,2171,1051,1713,8308,2700,5400,7500,3,1,7,10,11,0/1/2,5/8/9,15/17/18,11,16,14,0,2,3,1,0,1,0,41,44,48,3,0,0,22,24,24,14,19,16,7,9,5,146,110,100,28,20,22,8.259
2速1耐1力1智1友,10974809131488179118,63622,US,3148,2096,1884,1128,1762,8330,2700,6000,7500,3,1,7,11,11,0/1/2,5/8/9,15/17/18,10,14,13,0,3,2,1,0,0,0,40,43,47,0,0,0,22,24,24,11,13,14,4,2,3,127,99,105,37,29,34,8.196
2速1耐1力1智1友,6536074472867386794,67807,US4,3337,2135,1880,1091,2035,8618,3150,6600,6750,3,1,8,12,10,0/1/2,5/8/9,15/17/18,11,17,13,0,3,2,1,0,0,0,41,46,47,0,0,3,22,24,24,12,18,18,4,6,8,113,103,147,26,21,41,8.305
2速1耐1力1智1友,7800620011176987252,64802,US1,3160,1990,2200,869,1960,8346,3150,6000,7500,3,1,8,11,11,0/1/2,5/8/9,15/17/18,12,14,15,0,3,2,1,0,0,0,41,45,49,1,0,1,22,24,24,19,18,17,11,7,6,153,113,148,36,23,51,8.607
2速1耐1力1智1友,2659179684279589127,70343,US6,3275,2400,2200,959,1856,8741,2250,6000,7500,3,1,6,11,11,0/1/2,5/8/9,15/17/18,9,16,16,0,3,2,1,0,1,0,38,48,50,5,0,1,22,24,24,14,18,17,8,7,6,142,119,134,47,41,46,8.169
2速1耐1力1智1友,14527957500104285941,65660,US2,3258,2045,1783,1131,2002,8401,3150,5400,7500,3,1,8,10,11,0/1/2,5/8/9,15/17/18,11,15,15,0,3,2,1,0,0,0,42,45,49,0,4,1,22,24,24,17,20,14,9,10,3,120,144,112,20,47,29,8.325
2速1耐1力1智1友,16123177939265803652,66171,US2,3337,2274,2200,1107,1212,8501,2700,6000,8250,3,1,7,11,12,0/1/2,5/8/9,15/17/18,8,14,13,0,3,2,1,0,0,0,38,48,49,3,0,0,22,24,24,14,20,17,7,9,5,134,127,103,47,54,23,13.946
2速1耐1力1智1友,2628801244181935451,65611,US2,3337,1718,2200,860,1860,8866,3150,6000,8250,3,1,8,11,12,0/1/2,5/8/9,15/17/18,12,15,15,0,3,2,1,0,0,0,41,47,49,0,0,0,22,24,24,13,20,18,5,9,6,104,104,130,34,27,36,15.196
2速1耐1力1智1友,9263328372864309443,66767,US3,3112,2169,2200,1002,1839,8593,2250,6000,8250,3,1,6,11,12,0/1/2,5/8/9,15/17/18,6,14,16,0,3,2,1,0,0,0,36,46,50,1,0,0,22,24,24,8,20,16,2,9,4,115,126,124,30,38,40,15.004
2速1耐1力1智1友,6000405421625307027,69658,US5,3337,2224,2200,1096,1816,8707,2700,6000,7500,3,1,7,11,11,0/1/2,5/8/9,15/17/18,13,14,15,0,3,2,1,0,0,0,42,47,49,2,2,2,22,24,24,16,22,17,9,11,6,129,158,107,34,82,22,10.658
2速1耐1力1智1友,14494536183154630262,63930,US,3337,1712,2200,1047,1507,8297,2250,5400,7500,3,1,6,10,11,0/1/2,5/8/9,15/17/18,10,12,15,0,3,2,1,0,0,1,40,46,48,7,3,0,22,24,24,15,21,17,9,11,6,143,157,115,45,77,23,8.198
2速1耐1力1智1友,18171266833903549716,68273,US4,3337,2001,2200,1082,1820,8540,2700,6000,6750,3,1,7,11,10,0/1/2,5/8/9,15/17/18,9,17,15,0,3,2,1,0,1,0,41,46,48,3,0,4,22,24,24,19,19,16,12,8,6,153,148,106,34,71,20,8.333
2速1耐1力1智1友,11950854063839072480,69055,US5,3337,2400,2200,1120,1377,8788,2700,6000,8250,3,1,7,11,12,0/1/2,5/8/9,15/17/18,11,15,15,0,3,2,1,0,0,0,42,47,49,2,0,0,22,24,24,14,18,16,7,7,4,142,127,98,35,40,20,8.323
2速1耐1力1智1友,4005151366304411003,69304,US5,3337,1981,2200,935,2066,8868,2700,6000,7500,3,1,7,11,11,0/1/2,5/8/9,15/17/18,11,15,15,0,3,2,1,0,1,0,42,46,49,4,0,1,22,24,24,15,18,17,8,7,6,125,103,111,31,25,28,12.439
2速1耐1力1智1友,10629011436169979198,67006,US3,3337,2105,2192,1120,1602,8579,2250,6000,7500,3,1,6,11,11,0/1/2,5/8/9,15/17/18,10,15,13,0,3,2,1,0,0,0,40,46,47,5,1,0,22,24,24,14,18,14,8,7,3,143,136,99,46,54,19,8.294
2速1耐1力1智1友,11204856106132313588,64827,US1,3259,2043,2200,1144,1404,8377,2700,6000,7500,3,1,7,11,11,0/1/2,5/8/9,15/17/18,10,14,13,0,3,2,1,0,0,0,41,46,44,2,2,0,22,24,24,17,17,16,10,6,5,139,122,100,36,45,25,8.174
2速1耐1力1智1友,2720601460671197957,70197,US5,3337,2232,2073,1288,1804,8670,2700,5400,7500,3,1,7,10,11,0/1/2,5/8/9,15/17/18,11,15,15,0,3,2,1,0,0,0,41,45,47,1,0,0,22,24,24,12,20,16,5,10,5,145,127,121,52,29,27,8.385
2速1耐1力1智1友,16282784613388051200,68588,US4,2857,2400,2200,1035,2150,8686,2250,6000,7500,3,1,6,11,11,0/1/2,5/8/9,15/17/18,10,16,16,0,3,2,1,0,2,1,41,47,50,7,3,0,22,24,24,17,20,17,11,9,6,140,143,111,29,51,29,8.236
2速1耐1力1智1友,7160841916654417843,65321,US2,3337,2130,1751,1088,1801,8267,2250,5400,7500,3,1,6,10,11,0/1/2,5/8/9,15/17/18,10,17,13,0,3,2,1,0,0,0,38,44,47,3,0,1,22,24,24,13,21,16,7,11,5,127,122,127,30,51,31,8.168
2速1耐1力1智1友,3790569166273579511,67421,US3,3337,2196,1845,1112,1947,8323,2700,6600,7500,3,1,7,12,11,0/1/2,5/8/9,15/17/18,12,14,14,0,3,2,1,0,0,0,41,45,47,5,0,1,22,24,24,14,20,15,7,8,4,145,124,118,37,45,27,8.181
2速1耐1力1智1友,15268140597217193655,70252,US5,3337,2005,2200,913,2241,8757,3150,6600,7500,3,1,8,12,11,0/1/2,5/8/9,15/17/18,12,16,14,0,3,2,1,0,0,0,42,46,49,0,0,1,22,24,24,15,19,16,7,7,5,118,133,125,27,37,34,8.334
2速1耐1力1智1友,6421091144095128192,69582,US5,3337,2400,2065,1292,1471,8793,2700,6000,7500,3,1,7,11,11,0/1/2,5/8/9,15/17/18,14,13,16,0,3,2,1,0,0,0,41,47,47,1,1,0,22,24,24,16,20,14,9,9,3,133,152,100,33,58,23,8.230
2速1耐1力1智1友,3924319168953084078,62081,UA8,3244,2203,2200,1023,1028,7906,2700,5400,6750,3,1,7,10,10,0/1/2,5/8/9,15/17/18,11,13,13,0,3,2,1,0,1,0,36,46,48,1,0,3,22,24,24,10,21,17,3,11,7,126,147,108,53,56,19,7.913
2速1耐1力1智1友,14042366650772035006,68737,US4,3337,2400,2200,1149,1285,8674,2700,5400,7500,3,1,7,10,11,0/1/2,5/8/9,15/17/18,8,15,15,0,3,2,1,0,0,0,38,45,47,0,1,0,22,24,24,10,23,18,3,13,7,121,159,113,32,69,22,8.019
2速1耐1力1智1友,7611318590681028424,64157,US,3337,1738,2200,925,1467,8860,2700,6000,7500,3,1,7,11,11,0/1/2,5/8/9,15/17/18,9,16,14,0,3,2,1,0,0,0,40,46,47,4,0,1,22,24,24,16,19,17,9,8,6,129,97,117,33,25,28,8.269
2速1力1根1智1友,1226375271420096101,63977,US,3337,995,2200,1821,1563,8036,2250,6000,7500,3,1,6,11,11,0/2/3,5/6/9,15/16/19,10,16,13,0,3,2,1,0,0,0,39,44,48,5,0,0,22,24,24,11,15,16,5,4,5,159,136,110,55,54,24,7.871
2速1力1根1智1友,8565535630557594145,63880,US,3337,1064,2200,1402,1818,8011,2700,6600,7500,3,1,7,12,11,0/2/3,5/6/9,15/16/19,9,18,14,0,3,2,1,0,0,0,39,48,49,1,0,1,22,24,24,10,19,17,3,7,6,145,148,139,47,46,29,8.169
2速1力1根1智1友,11320759887553337235,66194,US2,3337,1150,2200,1719,1824,8291,2250,6000,7500,3,1,6,11,11,0/2/3,5/6/9,15/16/19,9,17,14,0,3,2,1,0,0,1,38,47,47,3,1,0,22,24,24,10,15,16,4,4,5,137,161,128,56,68,20,7.899
2速1力1根1智1友,16410514739901051027,62900,UA9,3337,964,1908,1260,2205,8054,2700,6000,7500,3,1,7,11,11,0/2/3,5/6/9,15/16/19,13,16,13,0,3,2,1,0,0,0,41,45,49,5,0,1,22,24,24,15,15,16,8,4,5,152,125,117,32,40,29,8.103
2速1力1根1智1友,8815490610865853474,64613,US1,3337,949,2088,1646,1965,8265,2250,6000,6750,3,1,6,11,10,0/2/3,5/6/9,15/16/19,11,15,14,0,3,2,1,0,0,2,41,47,46,6,1,1,22,24,24,11,16,16,5,5,6,160,151,110,56,61,21,13.055
2速1力1根1智1友,13668629956359179165,62127,UA8,3337,1209,2200,1467,1334,7920,2250,5400,6750,3,1,6,10,10,0/2/3,5/6/9,15/16/19,8,16,13,0,3,2,1,0,0,1,39,36,46,5,0,2,22,24,24,13,13,15,7,3,5,160,103,126,44,46,30,8.505
2速1力1根1智1友,18183500136411671756,63252,UA9,3337,1127,2200,1459,1585,8346,2250,6600,7500,3,1,6,12,11,0/2/3,5/6/9,15/16/19,7,15,15,0,3,2,1,0,0,1,36,46,49,2,0,1,22,24,24,11,20,16,5,8,5,159,116,120,49,36,26,8.993
2速1力1根1智1友,13043539601275430470,62127,UA8,3337,1383,2200,1259,1409,8130,2250,5400,7500,3,1,6,10,11,0/2/3,5/6/9,15/16/19,13,15,13,0,3,2,1,0,0,0,42,47,47,7,4,0,22,24,24,15,19,16,9,9,5,154,164,125,44,52,44,9.793
2速1力1根1智1友,6919536821600822662,62967,UA9,3337,980,2070,1624,1785,8097,2250,6000,7500,3,1,6,11,11,0/2/3,5/6/9,15/16/19,9,17,12,0,3,2,1,0,0,0,40,47,47,5,0,0,22,24,24,11,16,16,5,5,5,154,149,119,56,49,24,12.370
2速1力1根1智1友,5102690491300876616,65334,US2,3337,1213,2200,972,2153,8583,2700,5400,7500,3,1,7,10,11,0/2/3,5/6/9,15/16/19,9,15,15,0,3,2,1,0,0,1,39,44,51,2,2,0,22,24,24,13,22,15,6,12,4,136,156,133,38,60,25,8.969
2速1力1根1智1友,3136696746586301115,65917,US2,3337,1015,2109,1736,1962,8211,2700,6600,7500,3,1,7,12,11,0/2/3,5/6/9,15/16/19,7,17,15,0,3,2,1,0,0,0,39,46,49,2,0,0,22,24,24,14,20,18,7,8,7,150,132,125,33,40,28,8.692
2速1力1根1智1友,3648686734374397217,70319,US6,3336,1048,1983,2020,2427,8623,2250,6600,6750,3,1,6,12,10,0/2/3,5/6/9,15/16/19,8,17,15,0,3,2,1,0,0,0,37,48,47,2,0,3,22,24,24,10,14,15,4,2,5,161,119,115,55,46,19,9.536
2速1力1根1智1友,545787674583846725,63045,UA9,3337,1181,2200,1680,1303,8273,2700,5400,7500,3,1,7,10,11,0/2/3,5/6/9,15/16/19,11,14,15,0,3,2,1,0,1,0,40,45,50,1,2,2,22,24,24,11,17,18,4,7,7,131,150,120,41,67,23,12.680
2速1力1根1智1友,6669606224840446605,60697,UA6,3337,1363,2200,1168,1499,7731,2250,6600,7500,3,1,6,12,11,0/2/3,5/6/9,15/16/19,13,15,13,0,3,2,1,0,0,0,40,48,49,5,2,0,22,24,24,12,18,18,6,6,7,169,175,113,48,72,30,9.982
2速1力1根1智1友,4745587715157945080,62052,UA8,3337,1116,2200,1381,1658,8072,2700,6000,6750,3,1,7,11,10,0/2/3,5/6/9,15/16/19,10,16,14,0,3,2,1,0,0,1,39,45,48,0,0,6,22,24,24,9,20,17,2,9,7,133,150,128,44,43,35,8.137
2速1力1根1智1友,17472275711475839850,63583,US,3204,1327,2200,1518,1829,7997,2700,6600,7500,3,1,7,12,11,0/2/3,5/6/9,15/16/19,10,15,14,0,3,2,1,0,0,0,37,47,45,2,0,0,22,24,24,14,18,17,7,6,6,137,134,98,30,45,27,8.577
3速1耐1智1友,629043073733893910,68788,US4,3337,2400,1642,1362,1672,8970,3150,4800,8250,3,1,8,9,12,0/1/4,5/7/9,15/17/18,12,13,13,0,3,2,1,0,1,0,41,43,46,0,0,0,22,24,24,18,22,14,10,13,2,127,150,93,23,57,29,8.660
3速1耐1智1友,8768282885323408052,68932,US4,3337,2208,1962,1267,1610,9020,3150,4800,7500,3,1,8,9,11,0/1/4,5/7/9,15/17/18,12,11,13,0,3,2,1,0,1,2,41,36,48,0,0,0,22,24,24,11,16,18,3,7,7,82,120,114,23,46,20,10.300
3速1耐1智1友,16060787933921341429,64068,US,3337,1729,1499,1197,1957,8925,2700,5400,7500,3,1,7,10,11,0/1/4,5/7/9,15/17/18,6,14,15,0,3,2,1,0,0,0,38,39,49,0,3,0,22,24,24,14,17,15,7,7,4,120,134,109,24,35,24,9.007
3速1耐1智1友,15060921700547104828,68098,US4,3337,2182,1704,1249,1774,9214,2700,4800,8250,3,1,7,9,12,0/1/4,5/7/9,15/17/18,12,15,16,0,3,2,1,0,0,0,40,37,50,4,0,0,22,24,24,18,18,15,11,9,3,148,148,123,34,76,38,8.439
3速1耐1智1友,14422304013786718270,69369,US5,3337,2094,2138,1154,1837,9022,2700,4800,8250,3,1,7,9,12,0/1/4,5/7/9,15/17/18,9,13,14,0,2,3,1,0,0,0,39,37,47,1,1,0,22,24,24,13,16,16,6,7,4,125,184,113,36,100,23,12.348
3速1耐1智1友,17094371399240447406,69771,US5,3337,2400,2071,1503,1184,9174,3150,5400,8250,3,1,8,10,12,0/1/4,5/7/9,15/17/18,11,13,15,0,3,2,1,0,0,0,40,39,48,0,0,0,22,24,24,11,21,18,3,11,6,98,157,102,26,70,20,8.484
3速1耐1智1友,1812424523458808425,66020,US2,3337,2170,1857,1309,1426,8714,3150,6000,6750,3,1,8,11,10,0/1/4,5/7/9,15/17/18,12,15,12,0,3,2,1,0,0,1,39,43,43,0,0,1,22,24,24,12,18,13,4,7,3,98,137,101,22,42,27,8.343
3速1耐1智1友,10930590717774989767,67330,US3,3337,1815,2056,1203,1887,9195,3150,4800,6750,3,1,8,9,10,0/1/4,5/7/9,15/17/18,12,14,14,0,3,2,1,0,2,0,40,33,43,1,0,2,22,24,24,13,16,17,5,7,7,123,119,131,31,42,37,8.315
3速1耐1智1友,8314082825369582027,67138,US3,3337,1922,1606,1440,1919,8840,3150,6000,7500,3,1,8,11,11,0/1/4,5/7/9,15/17/18,12,14,14,0,2,3,1,0,0,0,42,45,47,3,2,0,22,24,24,15,17,18,7,6,7,132,160,112,51,45,24,18.112
3速1耐1智1友,6914370674582490778,67129,US3,3337,1957,1705,1245,2036,8933,3150,4800,7500,3,1,8,9,11,0/1/4,5/7/9,15/17/18,13,15,13,0,3,2,1,0,1,1,42,41,46,3,2,0,22,24,24,15,18,18,7,9,7,151,176,118,55,76,31,20.851
3速1耐1智1友,12207073882588724863,66349,US2,3337,1827,1881,1362,1771,8953,3150,6000,7500,3,1,8,11,11,0/1/4,5/7/9,15/17/18,8,13,14,0,3,2,1,0,0,0,39,40,49,0,0,0,22,24,24,9,19,16,1,8,5,89,111,109,20,33,22,12.377
3速1耐1智1友,2654013965472158292,66411,US3,3337,1784,1812,1194,2005,8905,3150,6000,7500,3,1,8,11,11,0/1/4,5/7/9,15/17/18,10,17,13,0,2,3,1,0,0,0,39,42,46,2,0,0,22,24,24,13,15,17,5,4,6,130,119,115,37,32,24,12.185
3速1耐1智1友,440148107625168777,68804,US4,3337,2043,2071,1254,1641,9141,3150,4200,7500,3,1,8,8,11,0/1/4,5/7/9,15/17/18,8,15,15,0,3,2,1,0,0,0,40,36,49,0,2,1,22,24,24,10,20,19,2,12,8,97,136,107,25,30,24,12.210
3速1耐1智1友,9988078749148388561,67439,US3,3337,2220,1771,1309,1596,8867,3150,4200,7500,3,1,8,8,11,0/1/4,5/7/9,15/17/18,8,12,14,0,3,2,1,0,0,0,39,39,46,2,7,0,22,24,24,15,23,17,7,15,6,123,197,100,32,83,24,8.683
3速1耐1智1友,16104604929118127557,73831,US8,3337,2362,1766,1522,2124,9365,2700,5400,8250,3,1,7,10,12,0/1/4,5/7/9,15/17/18,9,16,15,0,2,3,1,0,0,2,39,46,50,3,2,0,22,24,24,13,13,20,6,3,8,138,157,146,53,47,42,8.602
3速1耐1智1友,6555031510523913060,66459,US3,3337,2316,1776,1370,1254,8702,2700,4800,6750,3,1,7,9,10,0/1/4,5/7/9,15/17/18,8,12,13,0,3,2,1,0,0,0,39,42,41,1,4,0,22,24,24,12,18,12,5,9,2,125,159,86,40,53,25,8.074
3速1耐1智1友,2329401514784269453,64523,US1,3337,1710,2040,1169,1673,8575,2250,4200,8250,3,1,6,8,12,0/1/4,5/7/9,15/17/18,7,15,13,0,3,2,1,0,3,0,38,41,47,4,3,1,22,24,24,16,19,17,10,11,5,156,187,113,45,91,22,8.278
3速1耐1智1友,7028839741688201841,68392,US4,3337,1993,1990,1362,1888,9019,3600,5400,7500,3,1,9,10,11,0/1/4,5/7/9,15/17/18,12,13,13,0,3,2,1,0,0,0,41,40,47,0,1,0,22,24,24,12,21,18,3,11,7,104,173,126,30,67,23,8.665
3速1耐1智1友,16159852474685896561,65834,US2,3337,1699,2160,1227,1686,8703,3150,4800,7500,3,1,8,9,11,0/1/4,5/7/9,15/17/18,10,12,13,0,3,2,1,0,0,0,39,42,46,0,2,0,22,24,24,15,22,19,7,13,8,120,166,120,30,77,31,8.231
3速1耐1智1友,6857380040556331631,65885,US2,3337,1740,2200,1139,1729,8668,2700,6000,7500,3,1,7,11,11,0/1/4,5/7/9,15/17/18,9,16,14,0,2,3,1,0,0,1,40,45,47,0,2,0,22,24,24,16,20,19,9,9,8,111,151,113,33,31,13,8.426
3速1耐1智1友,4127660543929557124,70202,US5,3337,2258,1910,1223,1860,9123,3150,4800,8250,3,1,8,9,12,0/1/4,5/7/9,15/17/18,14,14,13,0,3,2,1,0,1,0,41,37,47,0,0,0,22,24,24,12,23,18,4,14,6,96,159,107,28,79,30,8.294
3速1耐1智1友,1492298757704932576,69443,US5,3337,1925,2157,1214,1891,9257,3150,5400,8250,3,1,8,10,12,0/1/4,5/7/9,15/17/18,10,16,15,0,3,2,1,0,1,0,41,40,51,0,0,0,22,24,24,13,15,19,5,5,7,138,102,116,61,40,25,8.213
3速1耐1智1友,16405733229992110180,67718,US4,3337,2076,1955,1304,1695,9010,3150,5400,7500,3,1,8,10,11,0/1/4,5/7/9,15/17/18,12,13,14,0,3,2,1,0,0,0,41,42,44,0,0,0,22,24,24,13,18,17,5,8,6,121,128,101,36,48,35,8.432
3速1耐1智1友,18015856339871845195,65364,US2,3337,2339,1825,1287,1229,8567,2700,5400,6750,3,1,7,10,10,0/1/4,5/7/9,15/17/18,8,15,12,0,3,2,1,0,0,2,39,45,45,3,4,0,22,24,24,14,14,15,7,4,5,140,172,99,38,72,26,8.262
3速1耐1智1友,6354153498523880453,67811,US4,3337,1850,1773,1243,2146,9085,3150,5400,7500,3,1,8,10,11,0/1/4,5/7/9,15/17/18,10,15,11,0,2,3,1,0,0,0,39,45,43,0,1,0,22,24,24,14,20,16,6,10,5,119,174,111,23,54,28,9.421
3速1耐1智1友,1122563663044041126,67922,US4,3337,1920,1734,1184,2151,9047,3150,6000,7500,3,1,8,11,11,0/1/4,5/7/9,15/17/18,13,12,17,0,3,2,1,0,0,0,42,45,51,0,1,2,22,24,24,11,20,15,3,9,4,137,135,115,30,33,27,8.901
3速1耐1智1友,14219712984175702860,69326,US5,3337,2160,2200,1244,1421,9164,3150,4800,7500,3,1,8,9,11,0/1/4,5/7/9,15/17/18,11,14,15,0,3,2,1,0,2,0,42,38,48,0,0,0,22,24,24,9,21,15,1,12,4,93,152,99,19,57,24,8.383
3速1耐1智1友,11233236681312204607,68219,US4,3337,1982,1984,1219,1825,8961,3150,5400,7500,3,1,8,10,11,0/1/4,5/7/9,15/17/18,13,14,14,0,3,2,1,0,0,0,41,43,46,0,1,0,22,24,24,15,19,15,7,9,4,124,145,118,37,43,24,14.048
3速1耐1智1友,6099973615602642658,67624,US3,3337,1858,2200,1292,1779,8747,2700,5400,7500,3,1,7,10,11,0/1/4,5/7/9,15/17/18,9,15,14,0,3,2,1,0,0,0,41,39,48,1,1,1,22,24,24,13,16,17,6,6,6,111,155,116,26,60,29,9.739
3速1耐1智1友,12474656534408678991,62096,UA8,3337,1218,2200,899,1716,8722,3150,4800,6750,3,1,8,9,10,0/1/4,5/7/9,15/17/18,9,14,11,0,3,2,1,0,2,0,40,40,46,0,3,2,22,24,24,11,18,21,3,9,11,108,160,145,23,36,42,13.075
3速1耐1智1友,14512315890003741748,65074,US1,3337,1520,2200,1172,1679,8751,2700,5400,8250,3,1,7,10,12,0/1/4,5/7/9,15/17/18,12,16,13,0,3,2,1,0,1,1,41,44,48,1,0,0,22,24,24,12,20,18,5,10,6,142,141,109,44,52,30,9.377
3速1耐1智1友,9035267875552578148,69304,US5,3337,2000,2200,1426,1701,8849,3150,4800,8250,3,1,8,9,12,0/1/4,5/7/9,15/17/18,9,13,15,0,3,2,1,0,0,1,38,39,51,0,0,0,22,24,24,8,15,19,0,6,7,77,138,108,20,46,21,8.486
3速1耐1智1友,7664756621628122507,66411,US3,3337,2037,1850,1215,1842,8616,3150,4800,7500,3,1,8,9,11,0/1/4,5/7/9,15/17/18,14,13,14,0,3,2,1,0,1,0,43,40,48,0,0,2,22,24,24,13,16,16,5,7,5,116,106,139,30,40,36,8.069
3速1耐1智1友,8848920465470673387,67776,US4,3337,1888,1834,1235,2098,9056,3150,6000,7500,3,1,8,11,11,0/1/4,5/7/9,15/17/18,11,14,14,0,3,2,1,0,0,1,40,44,48,1,0,1,22,24,24,14,18,19,6,7,8,115,142,140,36,43,33,8.231
3速1耐1智1友,4117836946372357454,73438,US8,3337,2400,2087,1544,1817,9391,2700,6600,7500,3,1,7,12,11,0/1/4,5/7/9,15/17/18,10,14,13,0,2,3,1,0,0,0,39,45,48,2,0,0,22,24,24,14,16,15,7,4,4,147,129,104,47,38,30,8.297
3速1耐1智1友,15294807928873932370,65084,US1,3337,1713,1983,1067,1984,8477,3150,5400,6750,3,1,8,10,10,0/1/4,5/7/9,15/17/18,9,15,13,0,3,2,1,0,0,0,42,43,41,0,0,0,22,24,24,11,15,17,3,5,7,141,157,112,62,63,24,8.132
3速1耐1智1友,3991869760242077988,68962,US4,3337,2090,1917,1299,1924,9084,2700,6000,6750,3,1,7,11,10,0/1/4,5/7/9,15/17/18,11,14,13,0,3,2,1,0,1,0,40,42,47,2,0,2,22,24,24,14,21,17,7,10,7,146,143,132,38,42,34,12.542
3速1耐1智1友,10330337446676540856,65952,US2,3337,1875,2173,1123,1531,8822,2700,4200,7500,3,1,7,8,11,0/1/4,5/7/9,15/17/18,10,13,14,0,3,2,1,0,2,1,39,42,49,1,8,0,22,24,24,15,23,20,8,15,9,124,201,109,31,112,17,8.360
3速1耐1智1友,1797348687423034362,64129,US,3337,1577,2012,1020,1843,8586,2700,6000,7500,3,1,7,11,11,0/1/4,5/7/9,15/17/18,12,15,12,0,2,3,1,0,0,3,41,46,44,1,3,0,22,24,24,16,19,17,9,8,6,137,169,114,43,70,23,8.331
3速1耐1智1友,11621206309904996806,64432,US1,3337,1969,2046,1182,1402,8465,3600,4800,7500,3,1,9,9,11,0/1/4,5/7/9,15/17/18,9,14,14,0,3,2,1,0,2,0,41,40,47,0,4,0,22,24,24,13,17,14,4,8,3,119,155,99,25,39,23,8.490
2速2耐1智1友,13136923680609062800,65928,US2,3337,2400,1534,1688,1322,8247,3600,6000,6750,3,1,9,11,10,0/1/4,5/7/9,15/17/19,13,13,14,0,3,2,1,0,0,0,41,44,44,0,4,0,22,24,24,15,19,19,6,8,9,108,163,106,22,64,27,8.541
2速2耐1智1友,10268505724194551184,64676,US1,3337,1805,1623,1509,1895,8278,2700,6000,7500,3,1,7,11,11,0/1/4,5/7/9,15/17/19,7,14,12,0,2,3,1,0,0,0,37,44,47,0,2,0,22,24,24,8,19,19,1,8,8,108,136,150,33,36,34,8.277
2速2耐1智1友,979166068399675838,68762,US4,3337,2400,1464,1556,1860,8724,3600,5400,6750,3,1,9,10,10,0/1/4,5/7/9,15/17/19,15,12,15,0,3,2,1,0,0,0,43,42,47,0,0,3,22,24,24,15,20,13,6,10,3,125,134,132,26,32,33,9.368
2速2耐1智1友,5384244577853244818,65584,US2,3294,2348,1435,1635,1550,8223,2700,5400,7500,3,1,7,10,11,0/1/4,5/7/9,15/17/19,7,13,13,0,3,2,1,0,0,0,37,39,47,0,0,0,22,24,24,15,18,18,8,8,7,134,148,108,65,66,30,13.979
2速2耐1智1友,12251328179022333464,71439,US6,3337,2400,1619,1700,1937,8942,3150,6000,7500,3,1,8,11,11,0/1/4,5/7/9,15/17/19,12,13,15,0,3,2,1,0,0,0,41,44,48,0,0,0,22,24,24,18,21,20,10,10,9,145,155,157,40,50,46,9.947
2速2耐1智1友,1656113621800724963,66557,US3,3337,2147,1515,1779,1649,8368,3150,5400,6750,3,1,8,10,10,0/1/4,5/7/9,15/17/19,12,12,14,0,3,2,1,0,1,0,40,40,42,0,0,0,22,24,24,9,17,15,1,7,5,107,116,102,26,40,37,9.077
2速2耐1智1友,3923396113403412770,71001,US6,3337,2400,1396,1725,1979,8840,3150,5400,6750,3,1,8,10,10,0/1/4,5/7/9,15/17/19,13,15,16,0,3,2,1,0,0,0,41,41,45,0,1,3,22,24,24,11,17,13,3,7,3,123,162,111,43,66,38,8.563
2速2耐1智1友,2111078420928874467,65276,US2,3337,2123,1317,1430,1941,8237,2700,5400,7500,3,1,7,10,11,0/1/4,5/7/9,15/17/19,10,14,15,0,3,2,1,0,0,2,42,40,47,4,3,0,22,24,24,16,16,16,9,6,5,128,166,129,35,66,26,8.566
2速1耐1力1智1友,9911414144053335317,65420,US2,3337,1868,1889,1137,1787,8452,2700,5400,7500,3,1,7,10,11,0/1/2,5/8/9,15/17/18,9,15,13,0,2,3,1,0,0,1,39,40,44,0,0,0,22,24,24,12,16,18,5,6,7,103,116,109,32,28,30,8.026
2速1耐1力1智1友,8688556683124149608,66995,US3,3335,1844,1980,1106,1955,8772,3150,5400,7500,3,1,8,10,11,0/1/2,5/8/9,15/17/18,12,13,16,0,3,2,1,0,0,0,43,39,46,3,0,0,22,24,24,16,23,14,8,13,3,134,127,119,34,36,45,9.165
2速1耐1力1智1友,16121860379797054444,64144,US,3337,1816,1835,1199,1788,8386,1800,4800,7500,3,1,5,9,11,0/1/2,5/8/9,15/17/18,9,14,14,0,3,2,1,0,3,0,38,41,50,8,1,2,22,24,24,15,18,18,10,9,7,150,128,117,39,31,25,8.007
2速1耐1力1智1友,7293265783375110738,68553,US4,3125,2212,2200,1143,1897,8729,2700,5400,7500,3,1,7,10,11,0/1/2,5/8/9,15/17/18,12,14,14,0,3,2,1,0,0,0,41,43,50,3,0,3,22,24,24,15,18,17,8,8,6,137,125,130,42,32,33,13.817
2速1耐1力1智1友,946554971056627743,65431,US2,3337,1978,2091,1162,1472,8292,2700,5400,7500,3,1,7,10,11,0/1/2,5/8/9,15/17/18,8,14,16,0,3,2,1,0,0,0,40,43,48,0,3,1,22,24,24,13,20,15,6,10,4,127,138,124,46,50,33,9.211
2速1耐1力1智1友,8978104039875527063,68912,US4,3337,1971,2200,987,2015,8668,2700,5400,7500,3,1,7,10,11,0/1/2,5/8/9,15/17/18,9,15,15,0,3,2,1,0,1,0,39,43,48,3,0,0,22,24,24,11,17,20,4,7,9,137,108,155,47,36,42,14.778
2速1耐1力1智1友,5387518644736708418,63625,US,3337,1828,2200,1008,1414,8371,2700,5400,7500,3,1,7,10,11,0/1/2,5/8/9,15/17/18,7,13,16,0,3,2,1,0,0,0,38,37,45,3,0,0,22,24,24,14,18,13,7,8,2,137,115,105,49,30,43,14.780
2速1耐1力1智1友,17686415128779342464,62755,UA9,2911,2305,2200,1189,1336,8193,3150,5400,8250,3,1,8,10,12,0/1/2,5/8/9,15/17/18,11,13,12,0,3,2,1,0,0,0,42,41,47,2,0,0,22,24,24,19,22,21,11,12,9,155,129,113,43,47,21,11.160
2速1耐1力1智1友,10126973330263178227,67342,US3,3337,2050,2200,1162,1474,8614,2700,6600,7500,3,1,7,12,11,0/1/2,5/8/9,15/17/18,9,16,13,0,2,3,1,0,1,1,39,47,47,4,0,0,22,24,24,20,17,19,13,5,8,157,105,122,62,34,22,14.318
2速1耐1力1智1友,10481979964186605226,65238,US2,3337,1837,1856,1169,1906,8359,2700,5400,7500,3,1,7,10,11,0/1/2,5/8/9,15/17/18,10,13,14,0,3,2,1,0,0,0,38,40,47,0,1,0,22,24,24,13,20,19,6,10,8,93,128,112,21,35,24,13.922
2速1耐1力1智1友,12628340336937743942,66017,US2,3337,2028,2114,1158,1534,8461,3150,5400,7500,3,1,8,10,11,0/1/2,5/8/9,15/17/18,12,13,15,0,3,2,1,0,1,0,41,40,45,0,0,0,22,24,24,15,23,16,7,13,5,139,152,98,41,61,28,9.639
2速1耐1力1智1友,10352022197768898125,68821,US4,3337,2181,1855,1208,1907,8779,3150,5400,8250,3,1,8,10,12,0/1/2,5/8/9,15/17/18,8,15,15,0,3,2,1,0,0,0,39,46,51,0,2,0,22,24,24,11,22,19,3,12,7,106,155,127,42,56,34,9.573
2速1耐1力1智1友,3599495556035244109,68353,US4,3337,2389,2049,1259,1369,8761,2700,6000,7500,3,1,7,11,11,0/1/2,5/8/9,15/17/18,11,14,13,0,2,3,1,0,0,2,41,44,45,2,0,0,22,24,24,14,21,14,7,10,3,144,139,95,49,54,16,8.254
2速1耐1力1智1友,16934000619961919811,62497,UA8,3337,1589,2132,970,1678,8155,2700,3600,7500,3,1,7,7,11,0/1/2,5/8/9,15/17/18,10,13,15,0,3,2,1,0,4,0,41,30,49,3,0,0,22,24,24,18,21,17,11,14,6,137,145,125,31,76,22,8.017
2速1耐1力1智1友,15093387851396292029,66917,US3,3337,2250,2044,1136,1583,8520,2700,6000,7500,3,1,7,11,11,0/1/2,5/8/9,15/17/18,10,15,14,0,1,4,1,0,0,1,39,46,44,0,1,0,22,24,24,11,21,17,4,10,6,121,169,106,33,74,30,12.260
2速1耐1力1智1友,10338131172139316354,68537,US4,3337,1960,2200,931,2003,8847,3150,4800,8250,3,1,8,9,12,0/1/2,5/8/9,15/17/18,8,15,15,0,3,2,1,0,0,0,39,37,49,1,0,0,22,24,24,17,16,18,9,7,6,148,103,110,36,33,22,8.412
2速1耐1力1智1友,13845730938497665862,67834,US4,3337,1903,2200,977,1894,8955,3150,4800,8250,3,1,8,9,12,0/1/2,5/8/9,15/17/18,12,15,16,0,3,2,1,0,0,0,40,40,48,1,3,0,22,24,24,17,20,16,9,11,4,143,146,104,48,53,17,8.385
2速1耐1力1智1友,14604065470559052824,66083,US2,3337,2212,2200,995,1286,8706,2250,5400,7500,3,1,6,10,11,0/1/2,5/8/9,15/17/18,10,14,14,0,3,2,1,0,2,0,41,45,49,7,0,1,22,24,24,13,20,17,7,10,6,151,161,140,44,65,27,8.165
2速1耐1力1智1友,4249026709845161017,65914,US2,3253,2352,2200,1067,1184,8484,3150,5400,7500,3,1,8,10,11,0/1/2,5/8/9,15/17/18,10,15,13,0,2,3,1,0,0,2,39,42,47,0,0,0,22,24,24,16,19,18,8,9,7,128,128,111,47,32,23,9.520
2速1耐1力1智1友,7800930802499416562,60561,UA6,2988,2240,1848,1129,1334,8147,3150,5400,7500,3,1,8,10,11,0/1/2,5/8/9,15/17/18,14,13,14,0,3,2,1,0,3,1,42,42,45,0,0,0,22,24,24,10,21,15,2,11,4,123,121,93,45,42,23,13.554
2速1耐1力1智1友,17608638309325615776,65506,US2,3272,2030,2187,1139,1571,8451,2700,4800,7500,3,1,7,9,11,0/1/2,5/8/9,15/17/18,10,14,12,0,1,4,1,0,0,2,39,38,48,3,0,1,22,24,24,15,20,19,8,11,8,148,154,140,40,46,36,5.797
2速1耐1力1智1友,10394069053041966155,66558,US3,3337,1768,2200,948,1853,8643,3150,6000,7500,3,1,8,11,11,0/1/2,5/8/9,15/17/18,12,14,14,0,3,2,1,0,0,1,40,42,48,2,0,0,22,24,24,16,18,19,8,7,8,135,106,134,43,33,43,8.970
2速1耐1力1智1友,9505798510517617013,66661,US3,3337,2232,2200,1235,1271,8313,2250,4800,8250,3,1,6,9,12,0/1/2,5/8/9,15/17/18,5,14,15,0,3,2,1,0,2,0,38,43,49,3,4,0,22,24,24,12,23,20,6,14,8,145,178,119,62,68,22,8.125
2速1耐1力1智1友,5258860545691885857,65052,US1,3337,1971,2200,1188,1382,8364,2700,4800,7500,3,1,7,9,11,0/1/2,5/8/9,15/17/18,6,15,14,0,3,2,1,0,4,0,37,38,47,0,0,0,22,24,24,13,14,13,6,5,2,113,115,95,27,58,23,16.382
2速1耐1力1智1友,13077537494221533723,67795,US4,3337,2339,2200,1091,1436,8489,2700,6000,7500,3,1,7,11,11,0/1/2,5/8/9,15/17/18,12,14,14,0,3,2,1,0,0,0,41,45,47,1,0,0,22,24,24,17,18,15,10,7,4,125,112,119,31,25,32,5.005
2速1耐1力1智1友,2236228088840252968,66688,US3,3312,2339,2153,1176,1388,8289,3150,6000,7500,3,1,8,11,11,0/1/2,5/8/9,15/17/18,12,13,13,0,3,2,1,0,0,0,43,43,47,2,0,0,22,24,24,18,21,13,10,10,2,143,110,98,47,13,30,8.592
2速1耐1力1智1友,14701787775658071800,65692,US2,3337,2060,2047,1129,1604,8522,2700,5400,7500,3,1,7,10,11,0/1/2,5/8/9,15/17/18,7,17,14,0,2,3,1,0,2,0,40,46,45,3,2,0,22,24,24,15,20,17,8,10,6,159,155,108,54,59,30,12.580
2速1耐1力1智1友,2650418865368636329,70739,US6,3224,2400,1993,1261,2003,8834,2700,5400,7500,3,1,7,10,11,0/1/2,5/8/9,15/17/18,9,15,15,0,3,2,1,0,0,0,39,41,47,0,0,1,22,24,24,16,23,14,9,13,3,125,148,106,35,59,28,9.033
2速1耐1力1智1友,5394707022862222476,63230,UA9,3337,1746,2200,962,1579,8324,2700,5400,8250,3,1,7,10,12,0/1/2,5/8/9,15/17/18,6,10,15,0,2,3,1,0,0,2,38,40,48,3,2,0,22,24,24,15,23,18,8,13,6,135,170,120,40,66,20,9.468
2速1耐1力1智1友,3868737481083764226,68053,US4,3248,2203,2200,1137,1789,8534,2700,5400,8250,3,1,7,10,12,0/1/2,5/8/9,15/17/18,10,15,15,0,3,2,1,0,3,0,39,41,49,0,0,0,22,24,24,13,20,15,6,10,3,99,118,116,21,30,32,14.342
2速1耐1力1智1友,13180395818489680497,67562,US3,3337,1924,2066,1009,2103,8557,2700,6000,7500,3,1,7,11,11,0/1/2,5/8/9,15/17/18,10,15,15,0,2,3,1,0,0,4,39,44,49,2,1,1,22,24,24,13,19,20,6,8,9,141,123,141,43,36,37,14.874
2速1耐1力1智1友,1859815189727739615,64633,US1,3083,2216,2136,1074,1747,8183,3150,5400,6750,3,1,8,10,10,0/1/2,5/8/9,15/17/18,12,11,13,0,2,3,1,0,0,2,41,39,46,1,0,2,22,24,24,16,15,16,8,5,6,126,92,123,31,21,31,8.168
3速1耐1智1友,8907572125518866713,66389,US2,3337,1535,1793,1034,2214,9076,3150,6000,7500,3,1,8,11,11,0/1/4,5/7/9,15/17/18,12,15,16,0,3,2,1,0,0,0,39,45,49,0,0,0,22,24,24,12,17,13,4,6,2,92,126,111,14,35,29,9.796
3速1耐1智1友,83619048217422812,66137,US2,3337,2290,1639,1390,1412,8641,2700,6000,7500,3,1,7,11,11,0/1/4,5/7/9,15/17/18,11,16,15,0,3,2,1,0,0,1,40,45,47,3,1,0,22,24,24,15,14,12,8,3,1,128,174,105,30,83,33,8.507
3速1耐1智1友,3744853860351348949,64137,US,3337,2079,1630,1276,1583,8478,2700,4800,7500,3,1,7,9,11,0/1/4,5/7/9,15/17/18,9,16,14,0,3,2,1,0,0,0,41,37,48,1,0,0,22,24,24,14,16,17,7,7,6,117,100,127,36,31,22,8.061
3速1耐1智1友,12822520637611681898,64064,US,3337,1648,2016,1064,1617,8937,3150,5400,8250,3,1,8,10,12,0/1/4,5/7/9,15/17/18,11,14,13,0,3,2,1,0,0,0,40,44,49,0,2,0,22,24,24,10,22,16,2,12,4,90,147,113,20,55,31,8.276
3速1耐1智1友,17674833888936542936,71982,US7,3337,2400,2095,1559,1529,9256,3150,6000,7500,3,1,8,11,11,0/1/4,5/7/9,15/17/18,11,16,15,0,3,2,1,0,1,1,40,46,50,1,3,0,22,24,24,16,20,19,8,9,8,131,144,126,27,37,32,8.303
3速1耐1智1友,13169306746012909259,65080,US1,3337,1814,1929,1458,1492,8659,2700,4800,7500,3,1,7,9,11,0/1/4,5/7/9,15/17/18,8,15,13,0,1,4,1,0,0,2,40,45,47,2,3,0,22,24,24,14,17,19,7,8,8,143,183,117,33,70,36,8.009
3速1耐1智1友,14172525348406495166,65968,US2,3337,2160,1709,1404,1459,8802,2700,6000,6750,3,1,7,11,10,0/1/4,5/7/9,15/17/18,12,15,10,0,3,2,1,0,0,1,40,44,45,1,0,0,22,24,24,14,18,19,7,7,9,130,120,119,55,51,21,8.189
3速1耐1智1友,5265586003086961122,67116,US3,3337,2158,1728,1504,1606,8851,2700,5400,7500,3,1,7,10,11,0/1/4,5/7/9,15/17/18,9,15,13,0,3,2,1,0,0,0,39,41,49,0,3,1,22,24,24,16,21,16,9,11,5,126,162,123,37,79,37,12.419
3速1耐1智1友,7049684649873088196,68962,US4,3337,2054,1842,1399,1892,9078,3150,5400,7500,3,1,8,10,11,0/1/4,5/7/9,15/17/18,10,15,15,0,3,2,1,0,0,0,42,45,50,5,4,2,22,24,24,16,14,17,8,4,6,144,185,109,51,73,38,8.167
3速1耐1智1友,12211227856973240230,71860,US7,3337,2400,1901,1412,1823,9306,3150,4800,7500,3,1,8,9,11,0/1/4,5/7/9,15/17/18,14,15,15,0,3,2,1,0,0,0,42,42,49,1,4,2,22,24,24,12,22,15,4,13,4,122,166,122,26,55,34,8.179
3速1耐1智1友,3576291035042216848,65469,US2,3337,1839,1699,1238,1983,8578,2700,6000,7500,3,1,7,11,11,0/1/4,5/7/9,15/17/18,9,16,14,0,3,2,1,0,0,0,36,46,47,1,2,0,22,24,24,12,13,18,5,2,7,115,134,120,27,40,29,8.071
3速1耐1智1友,515810923281619394,66298,US2,3337,2357,1494,1479,1546,8609,2700,5400,7500,3,1,7,10,11,0/1/4,5/7/9,15/17/18,10,16,13,0,3,2,1,0,0,0,41,41,46,5,2,0,22,24,24,19,17,15,12,7,4,162,182,111,51,96,26,8.168
3速1耐1智1友,9953595440683540417,69737,US5,3337,1994,1951,1270,1940,9270,3150,6000,7500,3,1,8,11,11,0/1/4,5/7/9,15/17/18,13,15,14,0,3,2,1,0,0,0,42,46,48,1,3,0,22,24,24,12,19,16,4,8,5,108,143,114,25,50,36,8.368
3速1耐1智1友,1931356726478086385,68137,US4,3337,1774,2018,1058,2152,9220,3150,6600,7500,3,1,8,12,11,0/1/4,5/7/9,15/17/18,10,15,14,0,3,2,1,0,1,0,39,45,47,1,0,0,22,24,24,12,22,16,4,10,5,126,115,113,33,38,35,8.281
3速1耐1智1友,9736307318139917645,66302,US2,3337,1867,1695,1301,1977,8934,3150,5400,7500,3,1,8,10,11,0/1/4,5/7/9,15/17/18,11,14,13,0,3,2,1,0,1,0,40,44,49,0,1,2,22,24,24,13,21,16,5,11,5,104,156,104,27,45,24,8.613
3速1耐1智1友,9734153768616598651,68923,US4,3337,2400,2078,1372,1254,8767,3150,4800,6750,3,1,8,9,10,0/1/4,5/7/9,15/17/18,14,15,10,0,3,2,1,0,2,0,42,42,44,0,4,1,22,24,24,11,13,12,3,4,2,98,158,96,30,67,22,8.125
3速1耐1智1友,6291682538680070305,70849,US6,3337,2315,1907,1679,1579,8944,3150,6000,8250,3,1,8,11,12,0/1/4,5/7/9,15/17/18,11,14,15,0,3,2,1,0,0,0,40,43,52,0,0,0,22,24,24,12,20,18,4,9,6,120,130,122,32,51,35,8.525
3速1耐1智1友,13916300024552100977,66235,US2,3337,2209,1952,1403,1329,8479,3150,6000,7500,3,1,8,11,11,0/1/4,5/7/9,15/17/18,10,16,15,0,3,2,1,0,0,0,40,43,49,1,2,0,22,24,24,14,19,17,6,8,6,154,139,120,40,46,27,8.355
3速1耐1智1友,8398446635577526421,64915,US1,3337,1757,2200,1276,1251,8781,3150,5400,7500,3,1,8,10,11,0/1/4,5/7/9,15/17/18,10,12,13,0,3,2,1,0,0,0,41,39,47,0,0,0,22,24,24,14,16,14,6,6,3,118,124,102,38,38,20,8.163
3速1耐1智1友,13638799358497596951,64543,US1,3337,1466,2200,1167,1612,8869,2700,5400,7500,3,1,7,10,11,0/1/4,5/7/9,15/17/18,8,15,12,0,3,2,1,0,0,0,40,43,48,0,2,0,22,24,24,16,13,19,9,3,8,131,154,112,30,58,25,8.069
3速1耐1智1友,508954896499855249,67178,US3,3337,1905,1764,1396,1965,8652,3150,5400,7500,3,1,8,10,11,0/1/4,5/7/9,15/17/18,10,16,14,0,2,3,1,0,0,0,40,42,49,0,0,4,22,24,24,14,18,15,6,8,4,108,120,107,27,46,28,12.565
3速1耐1智1友,13766497671602639763,67237,US3,3337,2211,1936,1591,1372,8351,3150,6000,6750,3,1,8,11,10,0/1/4,5/7/9,15/17/18,12,14,16,0,3,2,1,0,0,0,39,45,49,1,1,4,22,24,24,16,19,13,8,8,3,140,174,109,42,56,21,8.472
3速1耐1智1友,8640184769083883397,69982,US5,3337,2135,1982,1455,1882,8792,3150,6600,7500,3,1,8,12,11,0/1/4,5/7/9,15/17/18,12,15,15,0,3,2,1,0,0,0,39,47,49,0,0,1,22,24,24,16,17,16,8,5,5,117,117,119,40,34,30,8.479
3速1耐1智1友,12475173743765002814,69252,US5,3337,1735,1907,1219,2353,8788,3150,6000,7500,3,1,8,11,11,0/1/4,5/7/9,15/17/18,13,16,15,0,3,2,1,0,1,0,43,45,49,0,0,1,22,24,24,11,17,13,3,6,2,102,110,107,25,30,33,8.332
3速1耐1智1友,16472020904581149368,67947,US4,3337,2157,2200,1322,1297,8893,3150,6000,7500,3,1,8,11,11,0/1/4,5/7/9,15/17/18,14,14,15,0,3,2,1,0,0,1,42,45,50,0,1,0,22,24,24,17,18,16,9,7,5,128,133,106,36,60,25,8.386
3速1耐1智1友,6328851424515459478,67503,US3,3337,2371,1828,1342,1486,8578,3150,5400,7500,3,1,8,10,11,0/1/4,5/7/9,15/17/18,7,16,13,0,3,2,1,0,0,0,39,41,49,0,2,2,22,24,24,9,19,16,1,9,5,92,161,96,22,64,22,8.221
3速1耐1智1友,5851287521937197702,64970,US1,3337,1805,1884,1122,1884,8623,3150,6000,7500,3,1,8,11,11,0/1/4,5/7/9,15/17/18,13,15,13,0,3,2,1,0,0,0,42,45,47,1,1,0,22,24,24,18,23,16,10,12,5,149,170,102,41,70,22,8.262
3速1耐1智1友,11298524560522871206,66039,US2,3337,1711,2200,1065,1709,9078,3150,5400,7500,3,1,8,10,11,0/1/4,5/7/9,15/17/18,12,16,15,0,3,2,1,0,1,0,42,42,48,1,1,1,22,24,24,14,21,15,6,11,4,122,162,98,38,83,21,8.170
3速1耐1智1友,16512390768308028470,64364,US1,3337,1379,2071,1042,1951,8746,2700,5400,8250,3,1,7,10,12,0/1/4,5/7/9,15/17/18,11,14,15,0,3,2,1,0,0,0,40,41,50,2,1,0,22,24,24,12,22,18,5,12,6,132,144,113,35,59,27,8.574
3速1耐1智1友,17444393449880508178,69053,US5,3337,2400,2021,1669,1179,8589,3150,5400,7500,3,1,8,10,11,0/1/4,5/7/9,15/17/18,10,16,14,0,3,2,1,0,1,0,40,44,48,0,4,0,22,24,24,12,20,15,4,10,4,126,165,109,32,68,20,12.248
3速1耐1智1友,18024419673054008031,69289,US5,3337,2256,1901,1530,1690,8708,2700,6000,7500,3,1,7,11,11,0/1/4,5/7/9,15/17/18,9,14,16,0,3,2,1,0,0,0,39,45,49,0,0,0,22,24,24,10,17,14,3,6,3,128,143,97,33,41,30,8.161
3速1耐1智1友,14575274098485554368,61334,UA7,3337,1332,2175,1018,1560,8306,3150,6000,6750,3,1,8,11,10,0/1/4,5/7/9,15/17/18,11,13,12,0,3,2,1,0,0,0,43,40,46,0,0,3,22,24,24,15,18,17,7,7,7,122,119,106,37,43,25,10.576
3速1耐1智1友,412379854876416095,70090,US5,3337,2211,1962,1480,1711,8719,3150,6000,7500,3,1,8,11,11,0/1/4,5/7/9,15/17/18,11,15,13,0,3,2,1,0,0,0,41,44,49,3,0,0,22,24,24,15,14,15,7,3,4,148,105,114,44,31,27,13.487
3速1耐1智1友,17561182151688775318,69547,US5,3337,1946,1968,1389,1967,8882,2700,6000,6750,3,1,7,11,10,0/1/4,5/7/9,15/17/18,7,16,13,0,3,2,1,0,0,0,39,43,49,3,0,5,22,24,24,17,16,18,10,5,8,141,123,141,27,46,27,9.865
3速1耐1智1友,13269887754954257778,67822,US4,3337,2055,1706,1373,2022,8324,2700,6600,7500,3,1,7,12,11,0/1/4,5/7/9,15/17/18,10,14,14,0,3,2,1,0,1,0,37,45,47,0,0,0,22,24,24,10,16,14,3,4,3,104,138,102,30,25,22,13.832
3速1耐1智1友,16033479968829593125,67807,US4,3337,2067,1796,1376,1919,8553,2700,5400,8250,3,1,7,10,12,0/1/4,5/7/9,15/17/18,9,15,16,0,3,2,1,0,0,0,41,39,51,2,0,0,22,24,24,14,19,16,7,9,4,134,149,96,49,48,20,9.437
3速1耐1智1友,8299364394213579750,64540,US1,3337,1642,1831,1148,1973,8664,2700,5400,7500,3,1,7,10,11,0/1/4,5/7/9,15/17/18,7,19,15,0,2,3,1,0,0,3,37,44,49,2,2,1,22,24,24,12,11,16,5,1,5,131,162,110,32,60,19,9.607
3速1耐1智1友,16668308382705516671,62778,UA9,3337,1498,2200,1134,1321,8795,3150,5400,7500,3,1,8,10,11,0/1/4,5/7/9,15/17/18,8,14,13,0,3,2,1,0,0,0,41,43,48,0,2,0,22,24,24,15,20,17,7,10,6,133,152,122,33,59,34,13.543
3速1耐1智1友,12373807751219858769,67441,US3,3337,1847,1813,1280,2028,8943,3150,6600,7500,3,1,8,12,11,0/1/4,5/7/9,15/17/18,9,16,14,0,3,2,1,0,0,0,41,45,49,0,0,2,22,24,24,12,18,16,4,6,5,129,113,119,41,37,36,9.077
3速1耐1智1友,666819520433119429,68065,US4,3337,1702,1977,1238,2105,9034,3150,5400,7500,3,1,8,10,11,0/1/4,5/7/9,15/17/18,12,16,13,0,3,2,1,0,0,0,41,46,46,2,3,0,22,24,24,15,18,13,7,8,2,147,136,105,42,41,29,9.527
3速1耐1智1友,17356584386839724401,69308,US5,3337,2254,1793,1518,1861,8822,2700,5400,7500,3,1,7,10,11,0/1/4,5/7/9,15/17/18,11,15,17,0,3,2,1,0,0,0,40,44,51,4,1,3,22,24,24,12,19,14,5,9,3,151,152,124,59,50,33,13.593
3速1耐1智1友,6746023543926400478,68946,US4,3337,1717,2079,1183,2191,8977,2700,6000,8250,3,1,7,11,12,0/1/4,5/7/9,15/17/18,10,16,16,0,3,2,1,0,1,1,40,46,50,0,4,0,22,24,24,11,19,16,4,8,4,134,142,105,35,48,26,10.127
3速1耐1智1友,14424983218843018468,70477,US6,3337,1910,2139,1455,1993,8979,2700,6000,7500,3,1,7,11,11,0/1/4,5/7/9,15/17/18,8,16,14,0,3,2,1,0,0,0,40,42,47,0,0,0,22,24,24,10,19,13,3,8,2,93,112,105,18,45,31,14.182
3速1耐1智1友,5437933206907195191,68425,US4,3337,2149,1953,1487,1616,8828,2700,6000,8250,3,1,7,11,12,0/1/4,5/7/9,15/17/18,7,17,15,0,3,2,1,0,0,1,38,46,51,0,2,0,22,24,24,15,18,16,8,7,4,134,151,117,32,39,29,14.803
3速1耐1智1友,3068968866812337905,66281,US2,3337,2043,1840,1216,1699,8642,3150,6000,6750,3,1,8,11,10,0/1/4,5/7/9,15/17/18,14,13,13,0,3,2,1,0,0,1,43,43,47,0,0,3,22,24,24,9,21,16,1,10,6,134,138,122,51,43,31,10.226
3速1耐1智1友,11589864569621262675,67313,US3,3337,2209,1583,1366,1889,8424,2700,6600,7500,3,1,7,12,11,0/1/4,5/7/9,15/17/18,10,15,14,0,3,2,1,0,0,0,40,46,48,1,0,0,22,24,24,10,22,15,3,10,4,124,143,116,37,51,24,14.802
3速1耐1智1友,290091397462104506,67037,US3,3337,2206,1759,1302,1756,8535,2700,6000,7500,3,1,7,11,11,0/1/4,5/7/9,15/17/18,7,15,14,0,3,2,1,0,0,0,38,40,50,1,0,2,22,24,24,16,17,16,9,6,5,155,126,136,48,40,33,14.762
3速1耐1智1友,10902744325531170335,64369,US1,3337,1904,2008,1118,1557,8422,2700,6000,6750,3,1,7,11,10,0/1/4,5/7/9,15/17/18,9,16,11,0,3,2,1,0,0,2,41,44,47,1,0,2,22,24,24,13,19,16,6,8,6,134,124,139,41,32,26,9.740
3速1耐1智1友,9190319121933734310,61525,UA7,3337,1315,2059,862,1746,8782,3150,5400,7500,3,1,8,10,11,0/1/4,5/7/9,15/17/18,9,16,12,0,3,2,1,0,0,0,43,43,49,0,2,1,22,24,24,11,22,14,3,12,3,104,173,123,25,93,36,13.875
3速1耐1智1友,6064885867156690965,61268,UA7,3337,1463,2044,938,1555,8483,2700,4200,6750,3,1,7,8,10,0/1/4,5/7/9,15/17/18,10,13,11,0,2,3,1,0,0,3,41,36,46,1,1,2,22,24,24,15,14,20,8,6,10,156,135,123,57,55,22,9.082
3速1耐1智1友,6217405479310528959,67397,US3,3337,2060,1787,1285,1834,9029,3600,5400,8250,3,1,9,10,12,0/1/4,5/7/9,15/17/18,12,15,16,0,3,2,1,0,1,0,41,45,49,0,1,0,22,24,24,12,19,15,3,9,3,111,146,97,18,55,20,14.975
3速1耐1智1友,10465138572439338571,65476,US2,3337,1997,1622,1228,1838,8761,3150,6000,7500,3,1,8,11,11,0/1/4,5/7/9,15/17/18,10,14,15,0,3,2,1,0,0,0,41,42,51,0,0,2,22,24,24,15,18,18,7,7,7,132,143,139,28,47,35,10.789
3速1耐1智1友,5234463424452071260,71427,US6,3337,2115,1935,1423,2041,9164,3150,5400,7500,3,1,8,10,11,0/1/4,5/7/9,15/17/18,14,13,14,0,3,2,1,0,0,0,41,40,49,0,1,1,22,24,24,14,19,15,6,9,4,107,162,111,19,56,31,14.783
3速1耐1智1友,18404223950868388661,68474,US4,3337,2200,1902,1439,1707,8715,3150,4200,8250,3,1,8,8,12,0/1/4,5/7/9,15/17/18,13,15,14,0,2,3,1,0,1,0,42,36,50,0,6,0,22,24,24,14,13,20,6,5,8,127,191,107,28,103,22,14.745
3速1耐1智1友,2449645654914496631,64759,US1,3337,1819,1674,1307,1947,8276,2700,5400,6750,3,1,7,10,10,0/1/4,5/7/9,15/17/18,9,13,13,0,3,2,1,0,0,1,40,40,46,1,0,2,22,24,24,12,16,15,5,6,5,129,134,135,47,52,35,10.380
3速1耐1智1友,14012394679417861779,68813,US4,3337,1668,2047,1323,2206,8686,2700,6000,6750,3,1,7,11,10,0/1/4,5/7/9,15/17/18,10,15,14,0,3,2,1,0,0,2,42,40,48,2,0,3,22,24,24,12,21,13,5,10,3,130,143,120,44,70,33,14.546
2速2耐1智1友,18160696365329833445,67390,US3,3337,2282,1576,1695,1591,8437,2700,5400,6750,3,1,7,10,10,0/1/4,5/7/9,15/17/19,11,14,15,0,3,2,1,0,0,0,39,40,49,0,0,6,22,24,24,15,20,18,8,10,8,127,157,146,42,59,45,13.907
2速2耐1智1友,11994781868868439102,68909,US4,3337,2400,1672,1811,1343,8778,2700,4800,7500,3,1,7,9,11,0/1/4,5/7/9,15/17/19,8,17,14,0,2,3,1,0,0,2,39,41,48,1,4,0,22,24,24,10,20,17,3,11,6,109,168,122,32,66,26,9.004
2速2耐1智1友,2043362709502228358,70759,US6,3337,2400,1581,1693,1892,8814,2700,6000,6750,3,1,7,11,10,0/1/4,5/7/9,15/17/19,8,15,16,0,3,2,1,0,0,1,39,45,47,1,0,3,22,24,24,11,14,13,4,3,3,128,115,173,31,26,69,9.551
2速2耐1智1友,3220542981498362225,72154,US7,3337,2400,1510,1738,2050,9052,2700,4800,7500,3,1,7,9,11,0/1/4,5/7/9,15/17/19,13,16,15,0,2,3,1,0,0,0,39,43,49,0,3,4,22,24,24,12,17,16,5,8,5,112,166,180,29,59,79,8.520
2速2耐1智1友,3767049365633285016,67495,US3,3337,2057,1808,1462,1796,8651,3150,6000,6750,3,1,8,11,10,0/1/4,5/7/9,15/17/19,5,15,14,0,3,2,1,0,1,1,39,45,48,2,0,3,22,24,24,16,15,15,8,4,5,133,115,145,33,29,35,13.234
2速2耐1智1友,14802405642237661927,65515,US2,3228,2206,1415,1747,1660,8367,2250,4800,6750,3,1,6,9,10,0/1/4,5/7/9,15/17/19,8,16,12,0,3,2,1,0,0,0,39,39,42,4,3,0,22,24,24,15,12,13,9,3,3,147,147,121,41,63,15,10.130
2速2耐1智1友,8714044271278499303,67679,US3,3293,2400,1380,1685,1807,8325,2700,4800,6750,3,1,7,9,10,0/1/4,5/7/9,15/17/19,13,15,15,0,3,2,1,0,1,1,41,40,49,3,1,5,22,24,24,11,15,16,4,6,6,126,172,142,37,81,40,13.610
2速2耐1智1友,4566858060802757187,68105,US4,3256,2362,1456,1585,1954,8435,3150,6000,6000,3,1,8,11,9,0/1/4,5/7/9,15/17/19,9,20,14,0,1,4,1,0,0,1,39,49,47,0,0,9,22,24,24,13,14,17,5,3,8,108,143,165,45,50,39,8.441
2速1耐1力1智1友,4102611265539407732,66512,US3,3227,2400,1787,1339,1435,8592,2700,6000,7500,3,1,7,11,11,0/1/2,5/8/9,15/17/18,10,17,15,0,3,2,1,0,0,0,39,39,49,1,0,0,22,24,24,11,19,15,4,8,4,109,107,113,27,43,25,8.227
2速1耐1力1智1友,4668035464839366626,67858,US4,3238,2084,2149,1043,1956,8817,2250,6600,7500,3,1,6,12,11,0/1/2,5/8/9,15/17/18,10,16,14,0,3,2,1,0,1,0,39,44,49,4,0,0,22,24,24,15,18,18,9,6,7,130,117,135,31,44,36,9.285
2速1耐1力1智1友,16208320046735635537,68296,US4,3313,1996,2030,935,2099,8994,3150,6600,7500,3,1,8,12,11,0/1/2,5/8/9,15/17/18,12,17,14,0,3,2,1,0,0,0,41,47,48,0,0,1,22,24,24,12,19,15,4,7,4,93,123,109,26,31,24,12.140
2速1耐1力1智1友,10227576497249639760,68758,US4,3337,2249,2200,1226,1463,8775,2250,6600,6750,3,1,6,12,10,0/1/2,5/8/9,15/17/18,8,15,14,0,3,2,1,0,0,1,37,45,48,3,0,4,22,24,24,17,18,18,11,6,8,152,105,128,46,21,20,8.807
2速1耐1力1智1友,9131412188676257273,67693,US3,3061,2172,2002,1371,1944,8632,2700,6600,7500,3,1,7,12,11,0/1/2,5/8/9,15/17/18,7,18,15,0,3,2,1,0,0,0,37,49,49,1,0,1,22,24,24,18,14,16,11,2,5,125,93,114,31,16,33,14.762
2速1耐1力1智1友,14504976896878593973,66262,US2,3337,1874,2200,1066,1583,8896,3150,6000,7500,3,1,8,11,11,0/1/2,5/8/9,15/17/18,11,16,13,0,3,2,1,0,0,0,42,42,49,0,0,1,22,24,24,12,19,15,4,8,4,105,118,144,25,32,56,13.715
2速1耐1力1智1友,9449824802838821889,61724,UA8,3337,1596,2065,1075,1514,8195,2700,4200,8250,3,1,7,8,12,0/1/2,5/8/9,15/17/18,12,14,14,0,3,2,1,0,3,0,41,37,51,1,2,1,22,24,24,12,20,19,5,12,7,124,115,139,29,48,37,8.341
2速1耐1力1智1友,11576509002976598184,68412,US4,3337,2193,2200,1234,1448,8640,2700,6000,7500,3,1,7,11,11,0/1/2,5/8/9,15/17/18,7,17,15,0,3,2,1,0,2,0,40,42,48,1,0,0,22,24,24,15,18,17,8,7,6,132,126,118,44,48,28,8.723
2速1耐1力1智1友,3842647775271679154,68891,US4,3173,2400,2200,1321,1524,8659,3150,6000,7500,3,1,8,11,11,0/1/2,5/8/9,15/17/18,9,17,14,0,2,3,1,0,0,0,40,44,48,1,0,0,22,24,24,12,14,17,4,3,6,124,105,122,45,33,24,8.385
2速1耐1力1智1友,16999305294792258330,64882,US1,3200,2135,2200,1216,1391,8195,2700,6000,7500,3,1,7,11,11,0/1/2,5/8/9,15/17/18,10,17,14,0,3,2,1,0,0,0,39,44,48,0,0,0,22,24,24,16,17,13,9,6,2,134,108,104,39,38,29,9.179
2速1耐1力1智1友,9333765736195219903,63253,UA9,3337,2036,2200,1059,1137,8168,2250,5400,7500,3,1,6,10,11,0/1/2,5/8/9,15/17/18,8,16,14,0,3,2,1,0,0,0,37,41,49,2,0,2,22,24,24,15,18,17,9,8,6,111,120,116,31,40,30,12.852
2速1耐1力1智1友,5929698635750101427,65621,US2,3337,2140,2200,1234,1058,8453,3600,4800,7500,3,1,9,9,11,0/1/2,5/8/9,15/17/18,13,14,14,0,3,2,1,0,0,0,42,42,50,0,6,3,22,24,24,14,23,13,5,14,2,108,177,117,23,88,39,9.410
2速1耐1力1智1友,1766494226857372044,63778,US,3177,1903,2182,1097,1587,8203,2700,4800,7500,3,1,7,9,11,0/1/2,5/8/9,15/17/18,13,13,15,0,3,2,1,0,0,0,41,44,50,2,4,4,22,24,24,13,22,18,6,13,7,117,188,126,16,104,33,8.933
2速1耐1力1智1友,17217381607911577751,65384,US2,3236,2028,2200,1248,1462,8434,2700,4800,8250,3,1,7,9,12,0/1/2,5/8/9,15/17/18,9,15,14,0,3,2,1,0,4,0,40,47,48,1,0,0,22,24,24,15,19,17,8,10,5,148,148,118,45,52,28,8.503
2速1耐1力1智1友,17555155350068825378,66490,US3,3337,1846,2200,1072,1805,8570,3150,6600,6750,3,1,8,12,10,0/1/2,5/8/9,15/17/18,11,17,13,0,3,2,1,0,1,0,41,47,45,1,0,3,22,24,24,13,19,15,5,7,5,132,114,107,32,39,26,8.365
2速1耐1力1智1友,16333758374210345284,68455,US4,3297,2291,2200,1340,1370,8618,3150,6000,7500,3,1,8,11,11,0/1/2,5/8/9,15/17/18,7,16,13,0,3,2,1,0,0,1,40,47,47,0,0,0,22,24,24,11,17,17,3,6,6,93,113,107,23,24,21,12.770
2速1耐1力1智1友,5536225294138960847,66219,US2,3198,2330,1891,1318,1591,8474,3150,5400,7500,3,1,8,10,11,0/1/2,5/8/9,15/17/18,13,14,15,0,3,2,1,0,0,0,42,46,48,2,2,1,22,24,24,17,21,17,9,11,6,132,165,121,26,68,25,8.846
2速1耐1力1智1友,7476605837936695693,66355,US2,3337,2012,2200,1031,1539,8795,2700,5400,7500,3,1,7,10,11,0/1/2,5/8/9,15/17/18,13,15,14,0,3,2,1,0,0,0,43,39,48,5,0,1,22,24,24,19,17,14,12,7,3,180,96,103,50,38,24,8.262
2速1耐1力1智1友,9109815829386084430,64762,US1,3337,1988,2142,1002,1421,8376,2250,6000,7500,3,1,6,11,11,0/1/2,5/8/9,15/17/18,11,16,14,0,3,2,1,0,0,3,40,44,49,6,0,0,22,24,24,16,18,17,10,7,6,141,102,103,45,32,31,9.791
2速1耐1力1智1友,1609349604346054042,65317,US2,3337,1869,2200,1049,1546,8619,2700,6000,7500,3,1,7,11,11,0/1/2,5/8/9,15/17/18,14,15,13,0,3,2,1,0,1,0,40,43,49,1,2,2,22,24,24,15,20,15,8,9,4,126,132,119,20,35,37,14.654
2速1耐1力1智1友,9416916906217591826,69467,US5,3248,2313,2200,1232,1594,8834,3150,5400,8250,3,1,8,10,12,0/1/2,5/8/9,15/17/18,14,15,15,0,3,2,1,0,0,1,43,42,51,3,5,0,22,24,24,17,20,16,9,10,4,134,150,100,34,70,27,14.500
2速1耐1力1智1友,12734165889975096865,70103,US5,3337,2122,2200,1116,1857,8899,2700,6600,7500,3,1,7,12,11,0/1/2,5/8/9,15/17/18,12,16,14,0,3,2,1,0,0,0,41,46,49,2,0,0,22,24,24,15,17,16,8,5,5,127,106,99,30,37,27,9.848
2速1耐1力1智1友,594854993633837334,71301,US6,3337,2232,2200,1189,1726,9203,3150,5400,8250,3,1,8,10,12,0/1/2,5/8/9,15/17/18,12,16,15,0,3,2,1,0,0,0,44,45,50,0,0,0,22,24,24,14,21,18,6,11,6,133,126,123,30,36,35,22.505
2速1耐1力1智1友,16514242987457640428,63768,US,3145,1986,2200,1061,1592,8293,2700,4800,7500,3,1,7,9,11,0/1/2,5/8/9,15/17/18,12,15,15,0,3,2,1,0,2,0,40,41,51,1,4,5,22,24,24,10,20,17,3,11,6,137,147,132,52,61,40,4.103
2速1耐1力1智1友,6732939020634481707,69096,US5,3337,2400,2114,1442,1324,8527,3150,5400,7500,3,1,8,10,11,0/1/2,5/8/9,15/17/18,11,16,13,0,3,2,1,0,0,0,41,44,49,0,4,0,22,24,24,15,21,17,7,11,6,122,169,111,22,87,32,8.508
2速1耐1力1智1友,10672285904625540791,65826,US2,3337,2069,2200,1147,1396,8328,2700,6000,7500,3,1,7,11,11,0/1/2,5/8/9,15/17/18,12,14,15,0,3,2,1,0,0,0,41,46,50,1,0,3,22,24,24,13,21,17,6,10,6,122,101,115,31,28,25,12.502
2速1耐1力1智1友,9599000679609263135,63760,US,3098,2215,2200,1142,1240,8197,2700,6000,7500,3,1,7,11,11,0/1/2,5/8/9,15/17/18,10,16,14,0,3,2,1,0,0,0,39,47,47,4,1,1,22,24,24,18,20,16,11,9,5,152,146,106,45,38,18,8.240
2速1耐1力1智1友,9480115255485009564,64775,US1,3184,1908,2200,1101,1725,8218,2700,5400,7500,3,1,7,10,11,0/1/2,5/8/9,15/17/18,9,16,15,0,3,2,1,0,0,0,39,37,50,1,0,3,22,24,24,15,19,14,8,9,3,141,122,105,37,57,28,8.571
2速1耐1力1智1友,14884334933259691180,65151,US2,3196,1709,2200,842,2043,8387,2700,6600,7500,3,1,7,12,11,0/1/2,5/8/9,15/17/18,12,18,14,0,3,2,1,0,0,2,41,47,48,5,0,0,22,24,24,17,17,16,10,5,5,156,98,119,26,14,20,13.581
2速1耐1力1智1友,4554020632432582234,66107,US2,3337,1958,2200,1103,1546,8401,3150,6000,7500,3,1,8,11,11,0/1/2,5/8/9,15/17/18,11,16,16,0,3,2,1,0,0,0,40,46,50,0,0,2,22,24,24,17,18,16,9,7,5,118,122,144,31,37,34,9.117
2速1耐1力1智1友,9337252986544210819,62319,UA8,3010,1927,2020,1035,1932,8257,2700,6600,7500,3,1,7,12,11,0/1/2,5/8/9,15/17/18,8,17,13,0,3,2,1,0,0,0,39,48,48,2,1,0,22,24,24,11,18,15,4,6,4,131,119,120,31,30,28,8.596
2速1耐1力1智1友,12305419820658698995,65653,US2,3337,1913,2200,1017,1587,8561,2700,6000,7500,3,1,7,11,11,0/1/2,5/8/9,15/17/18,11,15,14,0,3,2,1,0,0,0,41,45,49,1,0,0,22,24,24,16,21,16,9,10,5,144,144,119,35,65,22,8.790
2速1耐1力1智1友,5302387463831602740,65560,US2,3337,2225,2184,1115,1217,7999,2700,6000,7500,3,1,7,11,11,0/1/2,5/8/9,15/17/18,10,14,14,0,3,2,1,0,0,0,39,44,47,1,0,0,22,24,24,12,19,14,5,8,3,146,132,109,58,59,19,12.487
2速1耐1力1智1友,1042271555672596648,66303,US2,3213,2400,2200,1085,1201,8310,3150,6000,7500,3,1,8,11,11,0/1/2,5/8/9,15/17/18,12,15,15,0,3,2,1,0,1,0,41,42,49,0,0,2,22,24,24,14,20,13,6,9,2,110,114,98,34,39,21,8.414
2速1耐1力1智1友,1591322420487071182,66668,US3,3177,2347,2159,1281,1356,8279,3150,5400,7500,3,1,8,10,11,0/1/2,5/8/9,15/17/18,13,14,13,0,3,2,1,0,0,0,42,47,47,0,4,1,22,24,24,14,24,20,6,14,9,103,163,138,19,66,32,15.466
2速1耐1力1智1友,8716749202724269600,64519,US1,3337,2125,2200,1062,1137,8299,2700,6000,6750,3,1,7,11,10,0/1/2,5/8/9,15/17/18,8,14,14,0,3,2,1,0,0,0,39,45,48,2,4,2,22,24,24,13,21,19,6,10,9,134,175,125,42,99,23,10.467
2速1耐1力1智1友,1764512912095166591,62291,UA8,3337,1635,2066,875,1706,8352,2700,5400,7500,3,1,7,10,11,0/1/2,5/8/9,15/17/18,11,16,12,0,3,2,1,0,0,0,39,40,46,1,0,0,22,24,24,12,17,15,5,7,4,119,107,112,34,20,24,14.161
2速1耐1力1智1友,16549104545893266660,66229,US2,3337,1992,2200,1193,1429,8538,2700,4800,7500,3,1,7,9,11,0/1/2,5/8/9,15/17/18,11,14,14,0,3,2,1,0,1,0,40,44,48,1,5,2,22,24,24,16,22,17,9,13,6,123,170,116,24,73,28,8.437
2速1耐1力1智1友,18412163773599920979,65802,US2,3167,2142,1963,1079,1893,8432,3150,6000,6750,3,1,8,11,10,0/1/2,5/8/9,15/17/18,14,16,15,0,3,2,1,0,2,0,42,42,47,2,0,3,22,24,24,14,17,18,6,6,8,128,111,114,26,39,17,8.378
2速1耐1力1智1友,7421806133854298300,63308,UA9,3337,1573,2200,788,1682,8246,2250,5400,7500,3,1,6,10,11,0/1/2,5/8/9,15/17/18,7,15,14,0,3,2,1,0,0,1,37,41,49,6,3,0,22,24,24,13,22,17,7,12,6,130,152,128,23,56,35,8.600
2速1力1根1智1友,1887955205917559932,65198,US2,3337,827,2200,1910,1740,8438,2250,6600,8250,3,1,6,12,12,0/2/3,5/6/9,15/16/19,11,16,16,0,3,2,1,0,0,0,40,47,51,5,2,0,22,24,24,11,21,17,5,9,5,148,163,117,40,65,27,9.171
2速1力1根1智1友,1248935311729794065,60728,UA6,3337,641,2141,1677,1533,8086,2700,6000,6750,3,1,7,11,10,0/2/3,5/6/9,15/16/19,8,13,14,0,3,2,1,0,1,1,35,45,48,0,2,5,22,24,24,9,23,17,2,12,7,105,152,125,21,41,20,8.020
2速1力1根1智1友,8776907957187315474,63315,UA9,3337,1045,2200,1695,1509,8216,2700,4800,8250,3,1,7,9,12,0/2/3,5/6/9,15/16/19,8,16,15,0,3,2,1,0,2,0,39,46,51,4,6,0,22,24,24,10,19,16,3,10,4,163,149,113,60,37,29,12.395
2速1力1根1智1友,8824789364803315751,64623,US1,3337,884,2200,1340,2096,8341,2700,6000,7500,3,1,7,11,11,0/2/3,5/6/9,15/16/19,11,16,16,0,3,2,1,0,0,0,40,42,51,3,0,3,22,24,24,12,18,13,5,7,2,139,132,116,28,53,30,9.383
2速1力1根1智1友,17301537330434616864,62262,UA8,3337,878,2200,1800,1438,8269,2700,5400,8250,3,1,7,10,12,0/2/3,5/6/9,15/16/19,12,15,13,0,2,3,1,0,0,0,40,41,48,4,3,0,22,24,24,14,20,16,7,10,4,160,152,96,36,74,27,8.210
2速1力1根1智1友,14345144015881166686,64528,US1,3337,1057,2200,1512,1709,8591,2700,5400,7500,3,1,7,10,11,0/2/3,5/6/9,15/16/19,11,15,15,0,3,2,1,0,0,0,42,38,51,3,0,1,22,24,24,12,19,15,5,9,4,137,145,108,38,70,28,8.241
2速1力1根1智1友,4873891731844695838,62726,UA9,3337,1175,2200,1339,1569,8268,2250,6000,6750,3,1,6,11,10,0/2/3,5/6/9,15/16/19,11,16,15,0,3,2,1,0,0,1,40,41,47,5,0,3,22,24,24,13,19,14,7,8,4,165,119,119,39,41,30,8.481
2速1力1根1智1友,14820804501381066930,64099,US,3337,1171,2200,1557,1444,8498,2700,6600,7500,3,1,7,12,11,0/2/3,5/6/9,15/16/19,9,15,14,0,3,2,1,0,0,0,39,48,48,4,0,0,22,24,24,14,17,14,7,5,3,159,135,107,32,42,23,8.466
2速1力1根1智1友,7268378056989981437,61116,UA7,3337,987,2200,1644,1153,8151,2700,5400,6750,3,1,7,10,10,0/2/3,5/6/9,15/16/19,10,16,11,0,3,2,1,0,0,2,39,40,47,0,1,1,22,24,24,10,17,18,3,7,8,140,116,136,39,31,43,8.114
2速1力1根1智1友,6593542196026015070,59076,UA4,2978,1079,2200,1852,1314,7784,2250,5400,6750,3,1,6,10,10,0/2/3,5/6/9,15/16/19,9,15,14,0,3,2,1,0,1,0,39,46,47,4,3,3,22,24,24,12,21,19,6,11,9,156,177,135,50,66,28,8.112
2速1力1根1智1友,14829404431794412517,62036,UA8,3337,922,2200,1507,1637,8158,2250,6000,7500,3,1,6,11,11,0/2/3,5/6/9,15/16/19,7,16,14,0,3,2,1,0,1,0,40,44,49,7,2,2,22,24,24,15,23,16,9,12,5,172,157,139,35,55,27,12.606
2速1力1根1智1友,11264545268048509852,62911,UA9,3337,945,2200,1645,1441,8587,2700,6000,7500,3,1,7,11,11,0/2/3,5/6/9,15/16/19,11,19,13,0,3,2,1,0,0,0,39,44,48,2,0,0,22,24,24,13,16,13,6,5,2,154,126,104,41,49,26,8.460
2速1力1根1智1友,8315726557846651283,63507,US,3337,1045,2200,1572,1800,8206,2700,6000,8250,3,1,7,11,12,0/2/3,5/6/9,15/16/19,10,15,14,0,3,2,1,0,0,0,39,45,51,2,0,0,22,24,24,12,15,17,5,4,5,145,114,121,40,46,24,8.196
2速1力1根1智1友,12908180765882583474,62976,UA9,3337,1271,2200,1470,1464,8168,2250,4800,7500,3,1,6,9,11,0/2/3,5/6/9,15/16/19,7,15,15,0,3,2,1,0,0,0,38,41,47,6,1,1,22,24,24,13,19,16,7,10,5,170,137,123,53,56,36,8.041
2速1力1根1智1友,8310499727929412920,63161,UA9,3337,956,2200,1617,1619,8443,2700,6000,7500,3,1,7,11,11,0/2/3,5/6/9,15/16/19,12,16,15,0,3,2,1,0,0,1,41,46,48,4,0,1,22,24,24,13,24,14,6,13,3,156,175,118,34,74,33,8.519
2速1力1根1智1友,15491526336319889765,66334,US2,3337,1093,2200,1673,1944,8459,2700,6000,7500,3,1,7,11,11,0/2/3,5/6/9,15/16/19,9,18,12,0,2,3,1,0,0,0,39,48,45,0,1,0,22,24,24,13,16,17,6,5,6,134,139,107,44,46,23,8.470
3速1耐1智1友,10271635990662262212,66571,US3,3337,2187,1751,1555,1296,8985,3150,5400,8250,3,1,8,10,12,0/1/4,5/7/9,15/17/18,10,14,14,0,3,2,1,0,0,0,39,43,50,0,1,0,22,24,24,12,17,18,4,7,6,117,152,112,34,52,19,8.477
3速1耐1智1友,2026206995363763075,64067,US,3337,1598,1949,1597,1287,8656,2700,5400,7500,3,1,7,10,11,0/1/4,5/7/9,15/17/18,8,12,14,0,3,2,1,0,1,1,38,41,46,0,0,0,22,24,24,13,17,17,6,7,6,114,152,113,24,60,20,8.435
3速1耐1智1友,2076183027484911266,65536,US2,3337,2088,1633,1597,1456,8669,3150,4800,7500,3,1,8,9,11,0/1/4,5/7/9,15/17/18,11,14,13,0,3,2,1,0,0,2,40,41,46,0,0,0,22,24,24,14,20,15,6,11,4,123,123,118,28,54,28,8.127
3速1耐1智1友,14916097405359284508,66966,US3,3337,2048,1495,1594,1847,8794,3150,5400,7500,3,1,8,10,11,0/1/4,5/7/9,15/17/18,7,13,16,0,3,2,1,0,0,0,41,41,50,1,0,1,22,24,24,13,18,15,5,8,4,101,123,118,20,51,28,14.014
3速1耐1智1友,7083399838436377628,68189,US4,3337,2069,1919,1746,1385,9020,2700,5400,8250,3,1,7,10,12,0/1/4,5/7/9,15/17/18,9,16,13,0,3,2,1,0,1,1,39,45,47,1,1,0,22,24,24,17,20,21,10,10,9,138,162,123,37,75,25,15.082
3速1耐1智1友,8778939345737654580,69187,US5,3337,1894,2012,1670,1717,9101,3150,6000,7500,3,1,8,11,11,0/1/4,5/7/9,15/17/18,10,15,15,0,3,2,1,0,0,0,40,45,49,0,0,1,22,24,24,13,18,14,5,7,3,127,113,118,35,38,29,10.899
3速1耐1智1友,7240720201802797836,68919,US4,3337,1843,1933,1567,1897,9172,3150,6600,7500,3,1,8,12,11,0/1/4,5/7/9,15/17/18,8,17,12,0,3,2,1,0,0,0,38,46,47,0,0,0,22,24,24,13,14,19,5,2,8,102,132,135,24,48,31,14.386
3速1耐1智1友,1984770621703434194,66734,US3,3337,1822,2200,1432,1325,9109,3150,4800,8250,3,1,8,9,12,0/1/4,5/7/9,15/17/18,11,16,13,0,3,2,1,0,0,0,41,41,47,1,0,0,22,24,24,13,21,16,5,12,4,115,155,106,24,62,27,8.351
3速1耐1智1友,1266304103919697255,65608,US2,3337,2121,1536,1560,1598,8569,2700,6000,7500,3,1,7,11,11,0/1/4,5/7/9,15/17/18,7,15,13,0,3,2,1,0,1,0,38,42,47,2,0,0,22,24,24,12,19,14,5,8,3,146,131,105,52,37,24,8.056
3速1耐1智1友,4810517070849792692,67991,US4,3337,1934,1886,1444,1796,9064,2700,6000,7500,3,1,7,11,11,0/1/4,5/7/9,15/17/18,10,18,15,0,3,2,1,0,1,2,41,43,50,5,0,1,22,24,24,18,18,14,11,7,3,143,133,116,44,49,27,8.599
3速1耐1智1友,1183046900845004697,65465,US2,3337,1930,1735,1426,1791,8738,3150,4800,8250,3,1,8,9,12,0/1/4,5/7/9,15/17/18,10,16,15,0,3,2,1,0,0,0,42,41,50,0,1,0,22,24,24,11,16,19,3,7,7,111,117,115,22,39,29,8.340
3速1耐1智1友,7219952853181434194,62363,UA8,3337,1342,1964,1040,1814,8511,3150,4200,8250,3,1,8,8,12,0/1/4,5/7/9,15/17/18,10,14,12,0,3,2,1,0,0,0,39,37,48,0,2,0,22,24,24,12,14,17,4,6,5,100,138,127,22,46,30,7.995
3速1耐1智1友,11956873438373411422,64670,US1,3337,2109,1461,1597,1536,8517,2700,4800,6750,3,1,7,9,10,0/1/4,5/7/9,15/17/18,9,16,14,0,3,2,1,0,2,0,40,40,45,1,3,2,22,24,24,12,21,13,5,12,3,134,170,87,44,94,22,7.887
3速1耐1智1友,7973190016188941621,66513,US3,3337,2077,2093,1565,1169,8757,3150,5400,6000,3,1,8,10,9,0/1/4,5/7/9,15/17/18,12,14,14,0,3,2,1,0,0,0,41,45,43,1,3,3,22,24,24,18,21,17,10,11,8,156,163,134,70,48,25,8.168
3速1耐1智1友,2793886600109319390,67138,US3,3337,1980,1692,1400,1844,9036,2700,4800,8250,3,1,7,9,12,0/1/4,5/7/9,15/17/18,9,15,13,0,3,2,1,0,2,0,39,41,49,0,3,0,22,24,24,13,16,15,6,7,3,115,179,111,26,91,27,7.996
3速1耐1智1友,3120497733132279744,67742,US4,3337,2158,1685,1562,1655,9222,3150,5400,7500,3,1,8,10,11,0/1/4,5/7/9,15/17/18,13,14,13,0,3,2,1,0,0,1,43,40,48,0,0,0,22,24,24,12,17,17,4,7,6,98,154,98,28,59,23,12.298
3速1耐1智1友,7184324823439640857,66764,US3,3337,1651,2200,1447,1558,8867,2700,4800,8250,3,1,7,9,12,0/1/4,5/7/9,15/17/18,10,11,14,0,3,2,1,0,0,0,41,39,48,1,0,0,22,24,24,11,22,17,4,13,5,104,138,114,24,57,25,8.204
3速1耐1智1友,9410277068719183226,65297,US2,3337,1671,2003,1362,1648,8604,2700,4800,8250,3,1,7,9,12,0/1/4,5/7/9,15/17/18,10,13,15,0,3,2,1,0,0,0,36,32,49,0,0,0,22,24,24,8,20,18,1,11,6,102,131,117,18,50,33,8.063
3速1耐1智1友,2914106005870446428,65577,US2,3337,1842,2012,1590,1337,8494,3150,5400,7500,3,1,8,10,11,0/1/4,5/7/9,15/17/18,10,12,13,0,3,2,1,0,0,0,41,44,47,0,4,0,22,24,24,15,16,16,7,6,5,115,173,107,34,64,23,8.077
3速1耐1智1友,2803372627901289886,70667,US6,3337,2119,1940,1637,1804,8991,3150,6600,7500,3,1,8,12,11,0/1/4,5/7/9,15/17/18,6,18,15,0,2,3,1,0,0,0,37,47,46,0,0,0,22,24,24,16,19,18,8,7,7,110,140,99,29,42,28,8.406
3速1耐1智1友,11717015719310013116,65270,US2,3337,1746,1785,1556,1649,8591,3150,5400,7500,3,1,8,10,11,0/1/4,5/7/9,15/17/18,8,14,14,0,2,3,1,0,0,1,39,42,48,0,0,0,22,24,24,16,18,19,8,8,8,117,137,104,40,36,19,8.452
3速1耐1智1友,10113965893627368265,65149,US2,3337,1678,2200,1377,1287,8611,3150,3600,8250,3,1,8,7,12,0/1/4,5/7/9,15/17/18,11,12,15,0,3,2,1,0,1,0,40,36,50,0,3,0,22,24,24,14,13,16,6,6,4,137,170,96,39,87,23,8.003
3速1耐1智1友,11218750937452056815,66204,US2,3337,1727,2200,1452,1547,8452,2700,6000,7500,3,1,7,11,11,0/1/4,5/7/9,15/17/18,6,12,14,0,3,2,1,0,1,1,37,45,48,0,0,0,22,24,24,8,13,17,1,2,6,84,106,128,29,23,36,7.997
3速1耐1智1友,5655323481143012040,67775,US4,3337,1610,2200,1341,1742,9270,3150,6000,7500,3,1,8,11,11,0/1/4,5/7/9,15/17/18,12,16,14,0,3,2,1,0,0,0,41,44,45,0,3,0,22,24,24,16,19,17,8,8,6,134,154,101,35,57,32,8.233
3速1耐1智1友,5092058918502234818,68136,US4,3337,1834,2066,1346,1852,8874,2700,5400,7500,3,1,7,10,11,0/1/4,5/7/9,15/17/18,8,14,14,0,3,2,1,0,1,0,39,39,50,1,3,2,22,24,24,14,17,15,7,7,4,147,136,116,44,41,31,8.009
3速1耐1智1友,17888684206574041938,65284,US2,3337,2114,1944,1732,1031,8303,2250,5400,6000,3,1,6,10,9,0/1/4,5/7/9,15/17/18,8,14,13,0,3,2,1,0,0,0,39,44,36,4,0,0,22,24,24,14,19,15,8,9,6,142,157,93,45,44,35,7.890
3速1耐1智1友,5265290373040769199,67662,US3,3337,1937,2200,1481,1435,8915,3150,6000,6750,3,1,8,11,10,0/1/4,5/7/9,15/17/18,10,16,13,0,3,2,1,0,0,0,40,44,41,0,0,0,22,24,24,13,17,16,5,6,6,109,144,100,23,48,22,8.436
3速1耐1智1友,10931123543298086754,61647,UA7,3337,1608,1909,1292,1477,8282,2700,5400,8250,3,1,7,10,12,0/1/4,5/7/9,15/17/18,8,14,12,0,2,3,1,0,0,2,39,42,47,0,0,0,22,24,24,16,20,20,9,10,8,136,123,97,44,38,21,9.319
3速1耐1智1友,16520200898942609645,66951,US3,3337,1770,1905,1368,1989,8624,3150,5400,7500,3,1,8,10,11,0/1/4,5/7/9,15/17/18,9,15,16,0,3,2,1,0,0,0,40,45,45,0,4,0,22,24,24,10,19,14,2,9,3,108,180,108,32,65,28,13.266
3速1耐1智1友,9012555752082202216,62672,UA9,3337,1677,1995,1187,1466,8561,3150,4800,7500,3,1,8,9,11,0/1/4,5/7/9,15/17/18,9,17,13,0,3,2,1,0,0,0,41,37,48,0,2,0,22,24,24,12,11,17,4,2,6,106,181,104,21,101,23,8.435
3速1耐1智1友,16936114280996448507,66887,US3,3337,2008,1719,1523,1807,8622,2700,5400,7500,3,1,7,10,11,0/1/4,5/7/9,15/17/18,12,15,14,0,3,2,1,0,0,0,40,41,44,1,0,0,22,24,24,13,18,16,6,8,5,136,122,110,36,44,31,8.394
3速1耐1智1友,17719899403408523061,64338,US1,3337,1735,1835,1355,1739,8730,2700,5400,6000,3,1,7,10,9,0/1/4,5/7/9,15/17/18,11,16,12,0,3,2,1,0,0,2,40,42,40,2,0,2,22,24,24,15,17,16,8,7,7,142,124,107,45,41,34,8.137
3速1耐1智1友,4001932700249456009,65527,US2,3337,1805,1868,1497,1647,8417,2700,5400,7500,3,1,7,10,11,0/1/4,5/7/9,15/17/18,7,15,14,0,2,3,1,0,1,1,36,40,49,0,0,1,22,24,24,11,16,17,4,6,6,105,134,128,19,45,30,8.519
3速1耐1智1友,2702744028593991977,67667,US3,3337,1969,1765,1640,1800,8472,2250,6000,7500,3,1,6,11,11,0/1/4,5/7/9,15/17/18,5,16,14,0,3,2,1,0,0,0,39,45,49,4,1,0,22,24,24,13,17,20,7,6,9,125,134,129,30,40,25,14.419
3速1耐1智1友,14336052973726775667,68196,US4,3337,2103,2056,1583,1513,8571,2700,5400,7500,3,1,7,10,11,0/1/4,5/7/9,15/17/18,7,16,15,0,3,2,1,0,0,0,36,47,48,0,4,0,22,24,24,11,14,17,4,4,6,112,203,116,32,94,20,10.326
3速1耐1智1友,17460438554258472780,64814,US1,3337,1456,2119,1134,1960,8408,2700,5400,7500,3,1,7,10,11,0/1/4,5/7/9,15/17/18,11,14,14,0,3,2,1,0,0,1,41,42,46,1,0,0,22,24,24,13,17,17,6,7,6,114,136,115,17,50,27,13.895
3速1耐1智1友,5780785005543720156,65203,US2,3337,1724,1851,1417,1782,8435,2700,6000,6750,3,1,7,11,10,0/1/4,5/7/9,15/17/18,9,16,14,0,3,2,1,0,2,0,41,45,45,1,1,1,22,24,24,14,18,16,7,7,6,159,135,106,52,38,19,8.094
3速1耐1智1友,14726725438042161054,63672,US,3337,1726,1786,1620,1504,8340,2700,5400,7500,3,1,7,10,11,0/1/4,5/7/9,15/17/18,7,14,13,0,3,2,1,0,1,0,39,41,48,3,0,2,22,24,24,18,17,14,11,7,3,146,121,109,29,44,26,8.222
3速1耐1智1友,2927834286720148322,64528,US1,3337,1769,1747,1398,1704,8436,2700,5400,8250,3,1,7,10,12,0/1/4,5/7/9,15/17/18,12,15,15,0,3,2,1,0,1,0,40,45,49,4,3,0,22,24,24,15,21,17,8,11,5,148,146,110,38,38,29,8.498
3速1耐1智1友,1767241412563473568,61587,UA7,3337,1628,1797,1327,1425,8289,2700,4200,7500,3,1,7,8,11,0/1/4,5/7/9,15/17/18,10,15,14,0,3,2,1,0,3,0,39,36,47,0,3,0,22,24,24,12,15,15,5,7,4,107,129,134,26,33,42,8.336
3速1耐1智1友,13001036828562543509,67661,US3,3337,1833,2007,1627,1678,8808,3150,5400,8250,3,1,8,10,12,0/1/4,5/7/9,15/17/18,11,15,15,0,3,2,1,0,0,0,41,41,50,0,0,0,22,24,24,13,14,18,5,4,6,109,117,115,30,41,34,13.111
3速1耐1智1友,17290718145117158747,64826,US1,3337,1529,2129,1267,1835,8466,3150,5400,6750,3,1,8,10,10,0/1/4,5/7/9,15/17/18,12,15,12,0,2,3,1,0,0,2,40,46,41,0,0,0,22,24,24,12,19,14,4,9,4,99,154,109,22,50,31,8.433
3速1耐1智1友,8580699302548032145,67324,US3,3337,1902,1833,1496,1915,8649,2700,5400,7500,3,1,7,10,11,0/1/4,5/7/9,15/17/18,8,15,15,0,3,2,1,0,0,0,38,45,49,5,3,2,22,24,24,11,24,14,4,14,3,149,189,104,60,89,27,8.728
3速1耐1智1友,15543531327872005035,67865,US4,3337,1545,1790,1336,2313,9046,2700,5400,8250,3,1,7,10,12,0/1/4,5/7/9,15/17/18,8,17,15,0,3,2,1,0,0,0,39,44,47,2,1,0,22,24,24,16,17,17,9,7,5,145,167,105,34,67,20,9.097
3速1耐1智1友,10140862302073678318,69195,US5,3337,2173,1809,1456,1834,8873,3150,6000,8250,3,1,8,11,12,0/1/4,5/7/9,15/17/18,9,13,15,0,3,2,1,0,0,0,40,45,50,0,0,0,22,24,24,13,16,16,5,5,4,135,150,115,39,46,23,8.278
3速1耐1智1友,14076226324946435596,66308,US2,3337,1716,2160,1316,1567,8911,2700,4800,8250,3,1,7,9,12,0/1/4,5/7/9,15/17/18,10,13,13,0,3,2,1,0,0,0,39,40,49,1,0,0,22,24,24,12,16,17,5,7,5,129,122,119,41,39,34,8.510
3速1耐1智1友,7963419135009507152,71232,US6,3337,2271,2136,1585,1514,9108,2700,5400,7500,3,1,7,10,11,0/1/4,5/7/9,15/17/18,11,13,14,0,3,2,1,0,0,0,41,44,49,1,1,1,22,24,24,13,15,16,6,5,5,126,159,129,36,52,37,8.268
3速1耐1智1友,13378449257864063531,66415,US3,3337,1420,2184,1116,2009,8972,3150,5400,6750,3,1,8,10,10,0/1/4,5/7/9,15/17/18,11,17,12,0,3,2,1,0,1,1,40,46,44,0,0,0,22,24,24,13,21,16,5,11,6,109,168,94,36,75,30,12.918
3速1耐1智1友,2010035215765505054,68076,US4,3337,2138,2200,1355,1219,9124,3150,4800,8250,3,1,8,9,12,0/1/4,5/7/9,15/17/18,10,15,13,0,3,2,1,0,1,0,40,41,50,0,5,0,22,24,24,11,19,16,3,10,4,131,149,114,39,50,35,8.291
3速1耐1智1友,14180816710049835277,63592,US,3337,1454,1582,1207,2136,8524,3150,4800,8250,3,1,8,9,12,0/1/4,5/7/9,15/17/18,10,14,13,0,3,2,1,0,0,0,41,42,47,0,2,0,22,24,24,11,20,19,3,11,7,106,155,140,26,66,32,8.237
3速1耐1智1友,14714682613339693320,66251,US2,3337,1805,2200,1249,1459,8948,2700,5400,7500,3,1,7,10,11,0/1/4,5/7/9,15/17/18,11,14,15,0,3,2,1,0,0,1,38,41,49,1,0,0,22,24,24,16,17,15,9,7,4,133,106,113,42,46,20,8.530
3速1耐1智1友,7605875645551735986,66881,US3,3337,1662,2172,1176,1672,9259,2700,6600,7500,3,1,7,12,11,0/1/4,5/7/9,15/17/18,7,17,14,0,3,2,1,0,0,0,38,46,50,1,0,2,22,24,24,13,19,14,6,7,3,133,134,94,29,35,24,9.649
3速1耐1智1友,573921492460556097,70916,US6,3337,1925,2040,1572,1938,9026,3150,5400,8250,3,1,8,10,12,0/1/4,5/7/9,15/17/18,9,12,15,0,3,2,1,0,0,0,40,40,50,0,0,0,22,24,24,17,21,15,9,11,3,125,161,111,29,62,29,12.757
3速1耐1智1友,15988494639978055982,70309,US6,3337,1918,2100,1554,1908,8952,2700,5400,7500,3,1,7,10,11,0/1/4,5/7/9,15/17/18,11,14,15,0,3,2,1,0,2,0,40,43,45,4,0,0,22,24,24,16,19,16,9,9,5,149,141,100,38,50,20,8.156
3速1耐1智1友,15682719230703110853,68875,US4,3337,2136,2200,1582,1218,8751,2700,6000,7500,3,1,7,11,11,0/1/4,5/7/9,15/17/18,9,15,13,0,3,2,1,0,0,0,40,44,48,3,0,1,22,24,24,18,18,18,11,7,7,157,149,108,48,57,24,8.768
3速1耐1智1友,4320613902752462631,68126,US4,3337,1510,2200,1305,1953,8956,3150,4800,8250,3,1,8,9,12,0/1/4,5/7/9,15/17/18,8,16,15,0,3,2,1,0,0,0,40,44,49,0,3,0,22,24,24,15,22,15,7,13,3,116,173,111,31,71,28,8.534
2速2耐1智1友,3863406832935757103,73041,US8,3337,2400,1567,2071,1739,9236,2250,6000,8250,3,1,6,11,12,0/1/4,5/7/9,15/17/19,10,17,15,0,3,2,1,0,0,0,39,42,48,5,0,0,22,24,24,17,16,18,11,5,6,164,141,124,42,50,28,8.850
2速2耐1智1友,338394352131572186,72804,US7,3337,2400,1659,2126,1507,9018,2250,5400,7500,3,1,6,10,11,0/1/4,5/7/9,15/17/19,10,17,13,0,3,2,1,0,1,0,39,46,44,8,0,0,22,24,24,19,17,17,13,7,6,160,148,114,53,54,37,8.179
2速2耐1智1友,5459626197518449700,70267,US5,3167,2400,1384,2000,1798,8861,3150,6000,7500,3,1,8,11,11,0/1/4,5/7/9,15/17/19,12,17,15,0,3,2,1,0,0,0,41,44,50,1,0,2,22,24,24,14,15,17,6,4,6,130,124,131,45,35,30,8.372
2速2耐1智1友,8895869908052454512,69946,US5,3337,2400,1705,1993,1275,8769,3150,4800,7500,3,1,8,9,11,0/1/4,5/7/9,15/17/19,10,16,14,0,3,2,1,0,0,0,39,42,49,0,4,1,22,24,24,13,18,15,5,9,4,121,175,122,31,75,31,12.625
2速2耐1智1友,2647181638324577118,67769,US4,3320,2252,1710,1785,1582,8403,2700,5400,6750,3,1,7,10,10,0/1/4,5/7/9,15/17/19,9,13,14,0,3,2,1,0,0,0,40,45,43,1,4,1,22,24,24,12,16,17,5,6,7,129,164,124,35,74,35,12.618
2速2耐1智1友,10410297698491682009,71438,US6,3337,2237,1498,1781,2112,8916,2700,6000,7500,3,1,7,11,11,0/1/4,5/7/9,15/17/19,9,17,16,0,3,2,1,0,0,0,40,46,45,1,1,0,22,24,24,17,15,14,10,4,3,147,161,109,63,61,28,18.213
2速2耐1智1友,12855962698446294108,69095,US5,3312,2400,1488,1781,1814,8459,2700,6000,6750,3,1,7,11,10,0/1/4,5/7/9,15/17/19,11,17,15,0,3,2,1,0,0,1,41,46,47,1,1,3,22,24,24,18,14,17,11,3,7,159,154,127,44,40,24,9.631
2速2耐1智1友,64953299314722509,67457,US3,3337,2130,1386,1740,1906,8647,2700,6000,7500,3,1,7,11,11,0/1/4,5/7/9,15/17/19,11,15,16,0,3,2,1,0,0,0,40,41,47,0,0,0,22,24,24,11,19,16,4,8,5,107,123,131,11,51,28,8.651
2速1耐1力1智1友,5515517632309709715,72719,US7,3337,2120,2200,1086,2083,9463,2700,6000,8250,3,1,7,11,12,0/1/2,5/8/9,15/17/18,12,18,13,0,2,3,1,0,0,1,40,48,48,3,0,0,22,24,24,11,19,20,4,8,8,134,132,136,54,31,27,22.567
2速1耐1力1智1友,17598845667404015695,66671,US3,3337,2083,2120,1300,1435,8767,3150,5400,7500,3,1,8,10,11,0/1/2,5/8/9,15/17/18,11,14,15,0,3,2,1,0,2,0,41,46,49,0,5,2,22,24,24,11,20,18,3,10,7,119,140,137,31,51,48,13.792
2速1耐1力1智1友,7175518908685477929,67960,US4,3024,2255,2026,1365,1915,8923,3150,6000,7500,3,1,8,11,11,0/1/2,5/8/9,15/17/18,11,15,15,0,3,2,1,0,0,0,40,47,44,0,1,0,22,24,24,13,19,15,5,8,4,142,111,108,53,21,36,14.605
2速1耐1力1智1友,4900293622744124670,63261,UA9,2816,2085,1657,1341,2127,8634,3150,6000,7500,3,1,8,11,11,0/1/2,5/8/9,15/17/18,10,14,14,0,3,2,1,0,0,0,39,47,50,0,2,2,22,24,24,14,19,16,6,8,5,111,146,95,14,51,16,14.637
2速1耐1力1智1友,13633817298427186778,65765,US2,3337,1832,2200,1163,1612,8549,2700,6000,7500,3,1,7,11,11,0/1/2,5/8/9,15/17/18,7,16,16,0,3,2,1,0,0,0,38,47,49,0,0,1,22,24,24,9,19,16,2,8,5,108,123,112,34,41,27,14.687
2速1耐1力1智1友,14521519017085859205,66086,US2,3337,1751,2200,1170,1649,8674,2700,5400,8250,3,1,7,10,12,0/1/2,5/8/9,15/17/18,10,13,15,0,3,2,1,0,0,0,41,40,50,1,0,0,22,24,24,15,19,18,8,9,6,148,123,101,66,35,27,10.631
2速1耐1力1智1友,11302656640288775015,67784,US4,3337,1634,2200,1117,2080,8876,2250,5400,7500,3,1,6,10,11,0/1/2,5/8/9,15/17/18,9,16,15,0,3,2,1,0,0,0,39,42,48,8,2,2,22,24,24,13,21,15,7,11,4,172,148,110,81,55,31,14.376
2速1耐1力1智1友,17880099276592399411,63988,US,3337,1822,1973,1359,1443,8506,2700,6000,7500,3,1,7,11,11,0/1/2,5/8/9,15/17/18,9,14,14,0,3,2,1,0,0,0,39,46,47,1,0,0,22,24,24,15,22,17,8,11,6,142,163,114,57,64,33,14.889
2速1耐1力1智1友,18323097832242816148,70213,US5,3337,1855,1952,1284,2276,8886,3150,6600,8250,3,1,8,12,12,0/1/2,5/8/9,15/17/18,9,17,15,0,3,2,1,0,0,0,39,48,49,0,0,0,22,24,24,12,18,19,4,6,7,106,108,125,31,34,34,10.968
2速1耐1力1智1友,5344124862435129899,68917,US4,3337,2070,2200,1310,1664,8827,2700,6000,7500,3,1,7,11,11,0/1/2,5/8/9,15/17/18,12,15,15,0,3,2,1,0,0,0,40,45,48,1,0,0,22,24,24,15,18,15,8,7,4,127,126,92,32,44,19,14.826
2速1耐1力1智1友,14852996231575454054,65543,US2,3337,2041,2057,1385,1304,8311,2700,4800,7500,3,1,7,9,11,0/1/2,5/8/9,15/17/18,12,15,12,0,3,2,1,0,2,2,41,38,46,1,1,0,22,24,24,12,17,18,5,8,7,115,144,128,32,60,18,14.853
2速1耐1力1智1友,8752308148249138820,66886,US3,3337,2030,2200,1373,1285,8565,2700,5400,8250,3,1,7,10,12,0/1/2,5/8/9,15/17/18,8,16,14,0,3,2,1,0,0,0,39,43,47,1,0,0,22,24,24,14,19,20,7,9,8,115,120,122,28,34,43,14.898
2速1耐1力1智1友,16680944402050311075,67901,US4,3329,1946,2141,1347,1702,8710,3150,6000,8250,3,1,8,11,12,0/1/2,5/8/9,15/17/18,8,17,14,0,2,3,1,0,0,0,39,48,49,0,0,0,22,24,24,16,21,17,8,10,5,128,127,112,26,20,17,11.316
2速1耐1力1智1友,1441273001135152637,61704,UA8,3025,1765,2200,1077,1728,8461,2250,6600,7500,3,1,6,12,11,0/1/2,5/8/9,15/17/18,8,15,16,0,3,2,1,0,0,0,38,48,48,4,0,1,22,24,24,18,18,12,12,6,1,153,107,98,36,25,29,14.804
2速1耐1力1智1友,697781251485597069,68139,US4,3337,1951,1992,1345,1853,8858,2700,6000,8250,3,1,7,11,12,0/1/2,5/8/9,15/17/18,10,17,15,0,3,2,1,0,1,0,40,47,50,1,0,0,22,24,24,15,19,17,8,8,5,136,122,113,49,30,24,15.161
2速1耐1力1智1友,13400994923714237428,66185,US2,3251,1679,2200,1194,1889,8446,2700,4800,7500,3,1,7,9,11,0/1/2,5/8/9,15/17/18,12,16,14,0,3,2,1,0,0,0,40,42,50,2,5,0,22,24,24,19,19,13,12,10,2,156,150,112,46,47,27,14.466
2速1耐1力1智1友,10080038957103595754,66540,US3,3337,1883,2200,1155,1617,8724,2700,5400,7500,3,1,7,10,11,0/1/2,5/8/9,15/17/18,11,17,15,0,3,2,1,0,4,1,40,46,43,2,1,0,22,24,24,14,21,16,7,11,5,138,161,94,32,83,17,10.572
2速1耐1力1智1友,2349271217131251493,68132,US4,3337,2250,2200,1339,1206,8745,2700,6000,7500,3,1,7,11,11,0/1/2,5/8/9,15/17/18,11,17,14,0,3,2,1,0,0,0,39,47,48,2,0,1,22,24,24,11,20,14,4,9,3,137,122,96,58,40,17,14.656
2速1耐1力1智1友,4135196995248227270,63743,US,2904,2362,2200,1237,1293,8278,2700,5400,7500,3,1,7,10,11,0/1/2,5/8/9,15/17/18,9,16,13,0,3,2,1,0,1,1,39,47,47,0,6,0,22,24,24,13,20,15,6,10,4,112,150,99,32,53,20,9.950
2速1耐1力1智1友,14588682232865876894,65512,US2,3004,2306,2200,1278,1462,8590,2700,4800,7500,3,1,7,9,11,0/1/2,5/8/9,15/17/18,9,15,15,0,3,2,1,0,1,0,40,37,47,1,0,0,22,24,24,15,16,14,8,7,3,130,103,96,32,30,24,14.199
2速1耐1力1智1友,4307703606047605535,68371,US4,3199,2109,1960,1480,1887,8882,2700,5400,6750,3,1,7,10,10,0/1/2,5/8/9,15/17/18,11,17,16,0,3,2,1,0,1,1,41,40,42,5,0,0,22,24,24,17,16,15,10,6,5,138,97,99,29,35,27,14.643
2速1耐1力1智1友,9618603019213530736,64620,US1,3103,1672,2198,1153,1854,8614,3150,6000,6750,3,1,8,11,10,0/1/2,5/8/9,15/17/18,8,15,14,0,3,2,1,0,0,0,39,47,39,2,0,0,22,24,24,15,20,14,7,9,4,118,134,115,27,47,31,10.712
2速1耐1力1智1友,14072917930852644404,64326,US1,2780,2239,2200,1434,1512,8591,2700,6600,7500,3,1,7,12,11,0/1/2,5/8/9,15/17/18,10,17,15,0,3,2,1,0,0,0,38,47,48,3,0,0,22,24,24,11,19,17,4,7,6,144,113,110,49,29,26,14.772
2速1耐1力1智1友,9139444231675033648,66206,US2,3326,1945,2200,1328,1343,8504,3150,4800,8250,3,1,8,9,12,0/1/2,5/8/9,15/17/18,11,14,13,0,3,2,1,0,0,0,39,40,48,0,1,0,22,24,24,15,21,16,7,12,4,135,129,95,37,45,17,14.840
2速1耐1力1智1友,8003765304613192391,64034,US,3098,1965,2200,1304,1461,8359,2700,6000,7500,3,1,7,11,11,0/1/2,5/8/9,15/17/18,9,16,15,0,3,2,1,0,1,0,40,48,47,0,1,0,22,24,24,18,22,16,11,11,5,117,152,98,30,62,26,10.733
2速1耐1力1智1友,1585277982514682023,69154,US5,3151,2081,2200,1355,1918,8832,3150,6000,7500,3,1,8,11,11,0/1/2,5/8/9,15/17/18,9,17,14,0,3,2,1,0,0,0,39,48,48,0,2,0,22,24,24,14,21,17,6,10,6,124,153,117,27,37,30,14.886
2速1耐1力1智1友,6221352612776938883,66209,US2,3337,1805,2200,1235,1581,8549,2700,5400,8250,3,1,7,10,12,0/1/2,5/8/9,15/17/18,10,14,14,0,3,2,1,0,2,0,38,46,49,0,1,0,22,24,24,8,22,18,1,12,6,99,169,110,29,78,30,14.920
2速1耐1力1智1友,16115438288859153314,65086,US1,3243,1820,2200,1304,1516,8416,2250,5400,7500,3,1,6,10,11,0/1/2,5/8/9,15/17/18,7,16,15,0,3,2,1,0,1,0,36,40,46,1,0,0,22,24,24,12,20,16,6,10,5,114,119,115,27,53,41,14.426
2速1耐1力1智1友,6029378729065789734,67599,US3,3053,2034,2036,1513,1950,8654,2250,6600,7500,3,1,6,12,11,0/1/2,5/8/9,15/17/18,8,16,15,0,3,2,1,0,0,0,38,45,50,8,0,2,22,24,24,18,17,15,12,5,4,160,103,106,27,18,25,11.357
2速1耐1力1智1友,7041676513138960795,70012,US5,3337,1979,2200,1277,1911,8948,3150,6000,7500,3,1,8,11,11,0/1/2,5/8/9,15/17/18,11,15,16,0,3,2,1,0,2,0,40,44,49,0,1,0,22,24,24,19,18,18,11,7,7,129,126,117,19,38,24,15.168
2速1耐1力1智1友,17272280669747762420,68685,US4,2890,2393,1963,1733,1873,8755,2250,6600,7500,3,1,6,12,11,0/1/2,5/8/9,15/17/18,8,16,13,0,2,3,1,0,0,0,38,48,48,3,0,2,22,24,24,11,17,16,5,5,5,119,122,114,24,31,29,14.576
2速1耐1力1智1友,8150812652043682827,69208,US5,3337,1915,2200,1346,1802,9037,2700,6600,8250,3,1,7,12,12,0/1/2,5/8/9,15/17/18,12,16,16,0,3,2,1,0,0,0,41,46,49,2,0,0,22,24,24,15,18,15,8,6,3,136,127,101,37,48,29,15.170
2速1耐1力1智1友,6233464380300074482,66252,US2,3292,1898,2200,1168,1566,8568,2700,6600,7500,3,1,7,12,11,0/1/2,5/8/9,15/17/18,10,17,12,0,3,2,1,0,1,0,40,47,44,1,0,0,22,24,24,14,16,16,7,4,5,157,112,96,48,39,24,15.477
2速1耐1力1智1友,4941379347040325593,65385,US2,2811,2283,2189,1286,1739,8436,2700,6000,7500,3,1,7,11,11,0/1/2,5/8/9,15/17/18,12,15,16,0,3,2,1,0,2,0,43,46,50,3,0,1,22,24,24,10,15,17,3,4,6,133,90,121,43,19,21,10.499
2速1耐1力1智1友,14091960578346196470,69022,US5,3337,1976,2200,1135,1673,8819,2700,5400,8250,3,1,7,10,12,0/1/2,5/8/9,15/17/18,11,17,15,0,3,2,1,0,0,0,40,41,50,1,1,0,22,24,24,10,20,19,3,10,7,143,122,116,50,29,31,8.518
2速1耐1力1智1友,9125847801906060246,64936,US1,3337,1904,2200,1142,1444,8339,3150,5400,6750,3,1,8,10,10,0/1/2,5/8/9,15/17/18,11,15,15,0,3,2,1,0,0,1,39,46,43,0,2,0,22,24,24,14,21,18,6,11,8,124,176,114,35,85,33,8.246
2速1耐1力1智1友,3468798274282935606,64032,US,3337,1984,2200,1062,1123,8480,2700,6000,6750,3,1,7,11,10,0/1/2,5/8/9,15/17/18,9,16,15,0,3,2,1,0,0,0,38,45,38,0,0,0,22,24,24,16,19,13,9,8,3,123,118,87,29,40,26,14.639
2速1耐1力1智1友,6270030961345118206,65591,US2,3288,2047,2200,1189,1320,8561,2700,5400,7500,3,1,7,10,11,0/1/2,5/8/9,15/17/18,12,15,15,0,3,2,1,0,1,0,40,46,48,1,4,0,22,24,24,10,23,16,3,13,5,118,167,121,39,64,23,18.705
2速1耐1力1智1友,8665649267744152398,67309,US3,3337,2043,2200,1273,1420,8646,2700,5400,7500,3,1,7,10,11,0/1/2,5/8/9,15/17/18,9,16,14,0,3,2,1,0,0,0,39,44,48,1,1,0,22,24,24,16,20,17,9,10,6,144,161,105,38,63,18,10.630
2速1耐1力1智1友,7442111115462791219,57906,UA3,2931,1751,1855,1099,1649,8148,1800,5400,7500,3,1,5,10,11,0/1/2,5/8/9,15/17/18,8,14,13,0,3,2,1,0,0,1,35,41,48,5,1,0,22,24,24,14,19,17,9,9,6,113,137,120,22,58,20,14.498
2速1力1根1智1友,17016305363780355792,63309,UA9,3337,946,2200,1178,1857,8549,2700,6000,7500,3,1,7,11,11,0/2/3,5/6/9,15/16/19,7,14,16,0,3,2,1,0,0,0,39,46,45,1,0,2,22,24,24,11,20,17,4,9,6,130,145,123,25,50,22,14.907
2速1力1根1智1友,1295863017631977640,64665,US1,3337,798,2200,1984,1613,8356,2700,6000,7500,3,1,7,11,11,0/2/3,5/6/9,15/16/19,8,15,15,0,3,2,1,0,0,0,37,44,49,1,0,0,22,24,24,12,15,16,5,4,5,151,133,112,39,57,21,10.431
2速1力1根1智1友,6811153068650969221,66303,US2,3337,766,2200,2129,1672,8652,3150,5400,8250,3,1,8,10,12,0/2/3,5/6/9,15/16/19,12,16,14,0,2,3,1,0,0,0,42,46,50,2,4,0,22,24,24,14,20,18,6,10,6,160,168,113,43,72,34,10.489
2速1力1根1智1友,13224490638713260845,61831,UA8,3337,964,2200,1549,1494,8114,3150,5400,7500,3,1,8,10,11,0/2/3,5/6/9,15/16/19,11,16,15,0,3,2,1,0,1,0,40,47,46,3,5,0,22,24,24,14,18,13,6,8,2,159,190,114,51,80,24,8.724
2速1力1根1智1友,8193394640147216602,65399,US2,3337,926,2200,1345,2174,8536,2250,6000,7500,3,1,6,11,11,0/2/3,5/6/9,15/16/19,7,17,14,0,3,2,1,0,0,0,39,43,48,4,0,0,22,24,24,11,17,18,5,6,7,150,121,121,53,34,28,8.038
2速1力1根1智1友,3250849229650108558,65651,US2,3337,883,2200,1476,2145,8541,2700,5400,7500,3,1,7,10,11,0/2/3,5/6/9,15/16/19,13,15,16,0,3,2,1,0,0,0,41,37,50,6,0,2,22,24,24,15,15,15,8,5,4,165,115,123,39,42,30,8.119
2速1力1根1智1友,12632645139046459421,66810,US3,3337,914,2200,1955,1863,8765,2700,6600,7500,3,1,7,12,11,0/2/3,5/6/9,15/16/19,10,17,14,0,3,2,1,0,0,0,40,47,46,4,0,0,22,24,24,12,20,14,5,8,3,158,139,116,53,45,32,12.424
2速1力1根1智1友,3459970768176149941,63888,US,3337,932,2200,1625,1765,8337,2250,6000,7500,3,1,6,11,11,0/2/3,5/6/9,15/16/19,8,13,13,0,3,2,1,0,1,0,38,46,49,4,2,0,22,24,24,10,18,19,4,7,8,150,143,115,57,44,32,8.099
2速1力1根1智1友,3684210156085819154,64832,US1,3337,957,2200,1369,2103,8320,2700,6000,8250,3,1,7,11,12,0/2/3,5/6/9,15/16/19,12,15,16,0,3,2,1,0,0,0,40,44,49,3,0,0,22,24,24,13,20,16,6,9,4,148,151,111,35,40,22,8.485
2速1力1根1智1友,3110434431095550927,66791,US3,3337,699,1986,1865,2297,8497,2700,6000,6750,3,1,7,11,10,0/2/3,5/6/9,15/16/19,10,18,15,0,2,3,1,0,0,2,38,44,45,3,1,0,22,24,24,11,21,20,4,10,10,151,166,117,53,59,36,8.286
2速1力1根1智1友,3790343330816808620,61856,UA8,3337,942,2200,1272,1668,8287,2250,4800,7500,3,1,6,9,11,0/2/3,5/6/9,15/16/19,7,16,13,0,3,2,1,0,2,2,38,43,46,3,5,0,22,24,24,10,22,15,4,13,4,139,174,115,40,79,27,8.279
2速1力1根1智1友,5355898174063912218,63674,US,3337,1017,2200,1669,1532,8473,2700,4800,7500,3,1,7,9,11,0/2/3,5/6/9,15/16/19,9,16,15,0,3,2,1,0,1,0,39,41,49,2,2,1,22,24,24,11,23,16,4,14,5,153,173,117,52,65,27,8.960
2速1力1根1智1友,16731205067977826611,69288,US5,3337,861,2170,1816,2384,8785,2250,6000,8250,3,1,6,11,12,0/2/3,5/6/9,15/16/19,10,19,15,0,2,3,1,0,0,1,40,47,50,6,0,0,22,24,24,15,16,17,9,5,5,162,140,104,52,31,27,14.810
2速1力1根1智1友,3139075895869727907,61934,UA8,3337,1234,2200,1193,1607,8203,2700,6000,7500,3,1,7,11,11,0/2/3,5/6/9,15/16/19,9,15,14,0,3,2,1,0,0,0,38,43,49,3,0,2,22,24,24,14,12,15,7,1,4,150,113,106,31,38,21,10.336
2速1力1根1智1友,9227578673958741841,61919,UA8,3337,976,2200,1504,1599,8084,2700,5400,7500,3,1,7,10,11,0/2/3,5/6/9,15/16/19,13,13,11,0,3,2,1,0,1,1,41,45,48,1,2,0,22,24,24,11,22,19,4,12,8,146,168,134,48,52,38,14.906
2速1力1根1智1友,16812396015232704891,62929,UA9,3337,926,2200,1882,1470,8251,2250,6000,6750,3,1,6,11,10,0/2/3,5/6/9,15/16/19,9,15,13,0,3,2,1,0,0,0,38,46,42,4,3,0,22,24,24,9,21,17,3,10,7,163,159,119,57,53,37,10.487
3速1耐1智1友,4294940749338295531,69388,US5,3337,1897,1994,1314,1809,9491,2700,6000,8250,3,1,7,11,12,0/1/4,5/7/9,15/17/18,8,16,16,0,3,2,1,0,0,0,39,41,52,0,0,0,22,24,24,13,18,17,6,7,5,103,119,119,28,34,29,18.865
3速1耐1智1友,5139575304778474235,65374,US2,3337,2037,1673,1319,1727,8739,3150,5400,8250,3,1,8,10,12,0/1/4,5/7/9,15/17/18,10,15,14,0,3,2,1,0,0,0,39,39,49,0,0,0,22,24,24,12,18,17,4,8,5,113,144,96,31,66,23,10.283
3速1耐1智1友,14697895167967426060,63980,US,3337,1799,1907,1286,1415,8650,3150,4800,7500,3,1,8,9,11,0/1/4,5/7/9,15/17/18,9,15,13,0,3,2,1,0,0,1,38,41,45,0,2,0,22,24,24,17,19,16,9,10,5,131,170,103,45,87,31,14.573
3速1耐1智1友,18304101703802738930,68593,US4,3337,1925,1913,1349,1931,9199,3150,4800,7500,3,1,8,9,11,0/1/4,5/7/9,15/17/18,9,15,19,0,3,2,1,0,1,1,39,47,47,1,6,0,22,24,24,15,17,17,7,8,6,120,168,108,33,64,25,10.483
3速1耐1智1友,7905366239302801667,68429,US4,3337,1878,2033,1474,1782,9013,3150,6600,7500,3,1,8,12,11,0/1/4,5/7/9,15/17/18,10,16,16,0,3,2,1,0,0,0,40,45,48,1,0,0,22,24,24,16,16,14,8,4,3,138,121,108,38,31,29,15.149
3速1耐1智1友,6498391836459014376,60133,UA6,3337,1503,1845,1215,1424,8095,3150,4200,6750,3,1,8,8,10,0/1/4,5/7/9,15/17/18,13,14,15,0,3,2,1,0,2,1,41,40,42,0,5,0,22,24,24,9,21,14,1,13,4,123,174,107,40,72,28,14.400
3速1耐1智1友,5346246030748491639,61472,UA7,3337,1493,1978,1344,1331,8215,3150,4800,7500,3,1,8,9,11,0/1/4,5/7/9,15/17/18,9,13,15,0,3,2,1,0,2,0,39,40,48,0,1,0,22,24,24,15,21,16,7,12,5,135,173,97,26,79,20,10.276
3速1耐1智1友,15510246406177961989,66078,US2,3337,1593,2200,1324,1578,8881,2700,5400,7500,3,1,7,10,11,0/1/4,5/7/9,15/17/18,7,16,15,0,2,3,1,0,0,0,35,43,48,0,0,4,22,24,24,13,21,12,6,11,1,94,162,111,24,57,42,14.362
3速1耐1智1友,6437967077725817952,63571,US,3337,1093,1654,1025,2445,8653,2700,6000,6750,3,1,7,11,10,0/1/4,5/7/9,15/17/18,7,17,16,0,2,3,1,0,0,2,38,48,45,2,3,2,22,24,24,16,17,17,9,6,7,154,146,140,40,48,50,14.578
3速1耐1智1友,6798044295153459754,65840,US2,3337,2150,1908,1402,1263,8505,2700,5400,7500,3,1,7,10,11,0/1/4,5/7/9,15/17/18,9,13,13,0,3,2,1,0,0,0,38,36,45,0,0,0,22,24,24,13,22,17,6,12,6,125,160,104,45,90,34,10.385
3速1耐1智1友,16738121805459098851,69666,US5,3337,1856,1865,1345,2207,9086,2700,6600,7500,3,1,7,12,11,0/1/4,5/7/9,15/17/18,10,14,16,0,3,2,1,0,0,0,40,46,50,5,0,3,22,24,24,15,20,16,8,8,5,157,136,118,57,46,31,14.571
3速1耐1智1友,12717798328741367955,68301,US4,3337,2388,1566,1566,1670,8706,2700,6000,7500,3,1,7,11,11,0/1/4,5/7/9,15/17/18,5,16,17,0,3,2,1,0,0,0,34,45,52,0,1,4,22,24,24,15,19,13,8,8,2,124,137,104,34,42,25,14.469
3速1耐1智1友,15244392997582471791,68947,US4,3337,2140,1808,1363,1847,9073,3150,5400,7500,3,1,8,10,11,0/1/4,5/7/9,15/17/18,11,15,17,0,3,2,1,0,0,0,40,45,46,0,5,0,22,24,24,15,18,13,7,8,2,138,197,116,37,85,41,10.289
3速1耐1智1友,16357352740085468069,69465,US5,3337,2165,1964,1338,1757,9189,2700,5400,8250,3,1,7,10,12,0/1/4,5/7/9,15/17/18,10,15,18,0,3,2,1,0,0,0,38,40,50,2,0,0,22,24,24,12,15,15,5,5,3,128,140,116,28,52,21,14.440
3速1耐1智1友,16200751468126363089,61432,UA7,3337,1479,1942,1282,1330,8645,2250,4800,8250,3,1,6,9,12,0/1/4,5/7/9,15/17/18,8,13,15,0,3,2,1,0,0,0,38,38,51,6,3,0,22,24,24,17,22,16,11,13,4,142,178,102,48,84,25,10.497
3速1耐1智1友,8052780856167138222,68188,US4,3337,1935,1867,1421,1922,8989,2700,4800,8250,3,1,7,9,12,0/1/4,5/7/9,15/17/18,7,10,17,0,3,2,1,0,0,0,39,43,51,0,2,0,22,24,24,14,21,14,7,12,2,111,153,105,25,61,26,14.718
3速1耐1智1友,18330046145586546279,61623,UA7,3337,1618,1913,1359,1331,7961,2250,6000,7500,3,1,6,11,11,0/1/4,5/7/9,15/17/18,6,15,13,0,3,2,1,0,0,0,36,45,46,2,1,0,22,24,24,18,19,12,12,8,1,137,163,91,52,60,26,14.640
3速1耐1智1友,16721057932763439115,67741,US4,3337,1935,1862,1487,1830,8825,3150,5400,7500,3,1,8,10,11,0/1/4,5/7/9,15/17/18,8,15,18,0,3,2,1,0,2,0,39,41,46,0,3,0,22,24,24,19,22,14,11,12,3,152,158,90,49,69,26,15.100
3速1耐1智1友,12534573332152490413,69347,US5,3337,1486,1882,1233,2445,9081,2700,5400,8250,3,1,7,10,12,0/1/4,5/7/9,15/17/18,12,20,16,0,1,4,1,0,0,1,41,44,47,1,0,0,22,24,24,10,14,16,3,4,4,103,125,99,29,42,21,10.141
3速1耐1智1友,80834985865936982,64009,US,3337,1884,1599,1398,1762,8116,2700,5400,7500,3,1,7,10,11,0/1/4,5/7/9,15/17/18,6,15,15,0,3,2,1,0,2,1,36,43,50,0,1,1,22,24,24,14,18,16,7,8,5,129,143,108,20,61,25,14.115
3速1耐1智1友,2501688067992621628,64331,US1,3337,1948,1981,1557,1133,8112,2700,4800,7500,3,1,7,9,11,0/1/4,5/7/9,15/17/18,9,14,14,0,3,2,1,0,0,0,39,37,49,0,4,1,22,24,24,16,17,15,9,8,4,120,146,94,25,40,26,10.427
3速1耐1智1友,17654391099951900892,71010,US6,3337,2051,1979,1612,1929,9037,2700,6600,7500,3,1,7,12,11,0/1/4,5/7/9,15/17/18,9,16,15,0,3,2,1,0,0,0,39,44,49,0,0,1,22,24,24,14,15,13,7,3,2,111,105,105,27,41,28,14.796
3速1耐1智1友,9592528747293470464,67341,US3,3337,1709,2158,1319,1883,8825,2700,5400,8250,3,1,7,10,12,0/1/4,5/7/9,15/17/18,9,15,17,0,3,2,1,0,2,0,38,45,50,3,6,0,22,24,24,12,22,13,5,12,1,146,174,97,55,92,25,10.587
3速1耐1智1友,3560247110292039972,67334,US3,3337,1886,1515,1634,1962,8651,2700,6000,7500,3,1,7,11,11,0/1/4,5/7/9,15/17/18,9,16,14,0,1,4,1,0,0,1,38,48,48,3,0,1,22,24,24,11,12,15,4,1,4,136,122,87,39,27,24,10.409
3速1耐1智1友,15251326972995591371,69543,US5,3337,2137,1915,1523,1769,9080,3150,6000,7500,3,1,8,11,11,0/1/4,5/7/9,15/17/18,10,17,15,0,2,3,1,0,0,0,41,46,45,0,0,0,22,24,24,15,17,16,7,6,5,157,150,108,51,46,31,15.085
3速1耐1智1友,13771387301815450891,63706,US,3337,1631,2200,1073,1441,8424,2700,4200,8250,3,1,7,8,12,0/1/4,5/7/9,15/17/18,7,12,15,0,3,2,1,0,2,1,40,42,49,5,6,0,22,24,24,16,20,16,9,12,4,156,170,102,58,65,22,15.052
3速1耐1智1友,9113508662707963404,64980,US1,3337,1828,1840,1337,1710,8501,3150,5400,7500,3,1,8,10,11,0/1/4,5/7/9,15/17/18,11,18,14,0,2,3,1,0,0,2,40,40,48,0,0,1,22,24,24,16,18,16,8,8,5,109,115,129,26,46,34,14.725
3速1耐1智1友,4421705505934944892,66556,US3,3337,1859,2200,1304,1515,8713,2700,5400,6750,3,1,7,10,10,0/1/4,5/7/9,15/17/18,11,15,15,0,3,2,1,0,0,0,39,39,41,3,0,0,22,24,24,13,17,13,6,7,3,137,137,88,42,42,25,10.075
3速1耐1智1友,10302741581714801169,62755,UA9,3337,1524,1786,1143,1938,8246,2250,6000,7500,3,1,6,11,11,0/1/4,5/7/9,15/17/18,8,13,16,0,3,2,1,0,0,0,37,42,51,2,1,3,22,24,24,10,16,16,4,5,5,128,152,115,34,59,26,14.039
3速1耐1智1友,6306820642850014581,67404,US3,3337,2018,2074,1336,1633,8680,2700,4800,8250,3,1,7,9,12,0/1/4,5/7/9,15/17/18,9,16,13,0,3,2,1,0,2,0,41,44,48,1,6,0,22,24,24,15,20,15,8,11,3,134,186,106,33,79,20,10.565
3速1耐1智1友,15724643194134369964,68211,US4,3337,2125,1771,1342,1936,8788,2700,6000,7500,3,1,7,11,11,0/1/4,5/7/9,15/17/18,8,16,17,0,3,2,1,0,2,0,37,45,48,1,3,0,22,24,24,15,21,16,8,10,5,123,153,117,43,46,18,14.890
3速1耐1智1友,3813560878145830563,64602,US1,3337,1832,2200,1303,1223,8358,3150,4800,7500,3,1,8,9,11,0/1/4,5/7/9,15/17/18,10,14,15,0,3,2,1,0,0,0,39,41,47,0,6,1,22,24,24,13,19,16,5,10,5,104,144,147,18,56,51,14.578
3速1耐1智1友,11550089788960911599,66021,US2,3337,1684,1866,1579,1844,8373,2700,5400,8250,3,1,7,10,12,0/1/4,5/7/9,15/17/18,10,13,16,0,3,2,1,0,2,1,41,44,50,1,1,0,22,24,24,16,17,15,9,7,3,132,151,107,40,40,25,10.695
3速1耐1智1友,8447349918165821613,64669,US1,3337,1862,2200,1430,1087,8314,2700,5400,7500,3,1,7,10,11,0/1/4,5/7/9,15/17/18,7,14,14,0,3,2,1,0,0,0,37,44,50,0,5,2,22,24,24,13,21,15,6,11,4,125,183,127,34,105,32,14.710
3速1耐1智1友,7259181211982773885,67556,US3,3337,1907,2179,1454,1497,8397,2700,6000,7500,3,1,7,11,11,0/1/4,5/7/9,15/17/18,9,17,12,0,3,2,1,0,1,0,39,42,50,0,0,2,22,24,24,13,17,16,6,6,5,147,139,105,50,56,23,8.340
3速1耐1智1友,6886629698905996555,67856,US4,3337,1912,1914,1514,1776,8492,2700,5400,8250,3,1,7,10,12,0/1/4,5/7/9,15/17/18,9,16,17,0,3,2,1,0,0,0,39,41,51,0,0,0,22,24,24,15,11,13,8,1,1,122,145,102,38,71,23,8.006
3速1耐1智1友,2929829349742514684,63909,US,3337,1918,2063,1440,1060,8488,2700,4800,7500,3,1,7,9,11,0/1/4,5/7/9,15/17/18,8,14,15,0,3,2,1,0,2,1,36,45,47,0,4,0,22,24,24,13,22,16,6,13,5,103,176,105,25,73,30,7.917
3速1耐1智1友,4276544649979031422,66374,US2,3337,1572,1596,1204,2409,8506,3150,5400,7500,3,1,8,10,11,0/1/4,5/7/9,15/17/18,10,17,16,0,1,4,1,0,0,0,39,45,46,0,0,2,22,24,24,8,13,12,0,3,1,101,151,114,25,48,41,7.945
3速1耐1智1友,6157480393129864447,67921,US4,3337,1666,1900,1457,2026,8872,3150,6000,7500,3,1,8,11,11,0/1/4,5/7/9,15/17/18,8,16,17,0,3,2,1,0,0,0,39,46,46,0,0,0,22,24,24,12,17,15,4,6,4,111,131,110,19,42,33,8.335
3速1耐1智1友,15460786586320298340,62854,UA9,3337,1434,1730,1193,2025,8316,2700,5400,6000,3,1,7,10,9,0/1/4,5/7/9,15/17/18,12,16,15,0,2,3,1,0,0,4,41,44,42,1,5,3,22,24,24,9,16,15,2,6,6,125,165,108,46,49,28,7.712
3速1耐1智1友,15056141437817318231,67364,US3,3337,1571,1910,1383,2202,8665,2250,5400,8250,3,1,6,10,12,0/1/4,5/7/9,15/17/18,4,15,19,0,3,2,1,0,0,0,35,43,48,1,2,0,22,24,24,11,17,16,5,7,4,136,174,124,47,67,40,8.164
3速1耐1智1友,5825938625949824570,66015,US2,3337,1712,1851,1281,2091,8538,3150,6000,7500,3,1,8,11,11,0/1/4,5/7/9,15/17/18,10,14,17,0,3,2,1,0,0,0,38,45,47,0,1,0,22,24,24,12,21,13,4,10,2,113,160,121,29,33,37,8.226
3速1耐1智1友,15962456138953454796,65741,US2,3337,1544,2200,1434,1602,8676,3150,4800,7500,3,1,8,9,11,0/1/4,5/7/9,15/17/18,11,13,18,0,3,2,1,0,1,0,40,37,47,2,1,1,22,24,24,15,18,15,7,9,4,131,148,97,29,66,30,8.013
3速1耐1智1友,5909748317499556062,68214,US4,3337,1844,1857,1460,1970,8914,2700,6000,8250,3,1,7,11,12,0/1/4,5/7/9,15/17/18,9,15,17,0,3,2,1,0,0,0,38,42,51,1,1,0,22,24,24,11,15,15,4,4,3,129,125,113,46,44,29,8.129
3速1耐1智1友,4845181786318882575,68053,US4,3337,2069,1617,1457,2037,8625,2700,6000,6750,3,1,7,11,10,0/1/4,5/7/9,15/17/18,10,18,15,0,3,2,1,0,0,0,39,43,42,0,0,1,22,24,24,12,14,15,5,3,5,104,122,119,22,35,43,7.943
3速1耐1智1友,14949778751787704535,64670,US1,3337,1889,2009,1396,1275,8374,2700,5400,7500,3,1,7,10,11,0/1/4,5/7/9,15/17/18,10,10,17,0,3,2,1,0,0,1,39,45,50,1,2,2,22,24,24,13,20,14,6,10,3,105,179,100,13,82,21,8.137
3速1耐1智1友,10920049661541601304,68093,US4,3337,2153,1927,1356,1640,8707,2700,6600,7500,3,1,7,12,11,0/1/4,5/7/9,15/17/18,9,14,16,0,3,2,1,0,0,0,39,45,46,1,0,0,22,24,24,16,18,15,9,6,4,138,119,98,41,40,29,8.153
3速1耐1智1友,5180282748491621039,70518,US6,3337,2144,1799,1418,2047,9172,2700,4800,8250,3,1,7,9,12,0/1/4,5/7/9,15/17/18,8,16,16,0,3,2,1,0,2,1,39,38,50,0,2,0,22,24,24,14,18,16,7,9,4,123,134,109,33,52,29,8.172
3速1耐1智1友,17866908312636293008,67876,US4,3337,1916,1833,1282,1968,8922,3150,6000,7500,3,1,8,11,11,0/1/4,5/7/9,15/17/18,9,14,16,0,3,2,1,0,0,0,38,45,46,1,0,0,22,24,24,14,17,13,6,6,2,115,121,91,28,35,36,8.235
3速1耐1智1友,14884874851844481639,63622,US,3337,1932,1833,1349,1368,8520,3150,6000,6750,3,1,8,11,10,0/1/4,5/7/9,15/17/18,6,15,15,0,3,2,1,0,0,1,38,45,44,0,0,0,22,24,24,16,16,13,8,5,3,114,140,96,22,39,24,8.229
3速1耐1智1友,17316422418724718905,70729,US6,3337,2093,1865,1378,2022,9397,3150,6600,8250,3,1,8,12,12,0/1/4,5/7/9,15/17/18,10,16,14,0,2,3,1,0,0,0,41,47,51,0,0,0,22,24,24,10,18,14,2,6,2,106,143,114,21,53,23,8.400
3速1耐1智1友,2008667953356348058,68917,US4,3337,2004,1983,1342,1804,9130,2250,4800,8250,3,1,6,9,12,0/1/4,5/7/9,15/17/18,7,16,16,0,3,2,1,0,0,0,38,38,50,3,1,0,22,24,24,12,15,13,6,6,1,129,165,104,39,75,30,8.306
3速1耐1智1友,2657262410504491592,65046,US1,3337,1837,1919,1419,1621,8273,3150,5400,7500,3,1,8,10,11,0/1/4,5/7/9,15/17/18,8,16,15,0,3,2,1,0,2,0,38,44,50,0,4,2,22,24,24,12,23,14,4,13,3,111,169,118,21,67,30,12.911
3速1耐1智1友,2378747629310166250,65152,US2,3337,1854,2072,1511,1332,8315,3150,5400,7500,3,1,8,10,11,0/1/4,5/7/9,15/17/18,8,12,16,0,3,2,1,0,0,0,39,45,48,0,2,0,22,24,24,8,20,17,0,10,6,80,155,110,21,56,24,9.016
3速1耐1智1友,18387617760424919808,65974,US2,3337,1564,2200,1395,1491,9005,2250,6000,8250,3,1,6,11,12,0/1/4,5/7/9,15/17/18,7,14,17,0,3,2,1,0,0,0,40,43,50,5,0,0,22,24,24,14,21,15,8,10,3,149,138,89,42,55,25,13.185
3速1耐1智1友,9734671446796369956,64305,US1,3337,1924,2200,1454,974,8544,2700,6000,7500,3,1,7,11,11,0/1/4,5/7/9,15/17/18,8,12,16,0,3,2,1,0,0,1,39,44,46,0,1,0,22,24,24,12,20,15,5,9,4,107,136,120,27,43,29,9.097
2速2耐1智1友,3922466380943365996,68661,US4,3337,2303,1525,1713,1822,8434,2250,5400,6750,3,1,6,10,10,0/1/4,5/7/9,15/17/19,5,15,18,0,3,2,1,0,0,0,39,44,43,5,1,1,22,24,24,18,16,15,12,6,5,157,149,129,56,41,52,8.264
2速2耐1智1友,1417467685255734689,69274,US5,3337,2044,1552,1544,2156,8985,3150,6000,8250,3,1,8,11,12,0/1/4,5/7/9,15/17/19,8,16,16,0,3,2,1,0,0,0,39,42,50,0,0,1,22,24,24,11,17,16,3,6,4,111,126,125,20,43,39,8.386
2速2耐1智1友,8077272635715085863,70294,US5,3337,2178,1719,1690,1879,8947,2700,6000,8250,3,1,7,11,12,0/1/4,5/7/9,15/17/19,9,14,16,0,3,2,1,0,0,0,38,41,51,0,0,0,22,24,24,11,17,17,4,6,5,122,134,107,32,52,26,8.844
2速2耐1智1友,16066393212008952125,73994,US8,3337,2400,1463,1949,2206,9143,3150,6000,7500,3,1,8,11,11,0/1/4,5/7/9,15/17/19,9,15,18,0,3,2,1,0,0,0,39,45,49,0,2,1,22,24,24,15,19,15,7,8,4,98,179,102,24,65,24,13.656
2速2耐1智1友,8443914800814418601,65749,US2,3337,2154,1413,1663,1755,8307,2250,6000,7500,3,1,6,11,11,0/1/4,5/7/9,15/17/19,10,17,17,0,3,2,1,0,0,0,40,42,48,5,0,2,22,24,24,19,14,12,13,3,1,162,105,96,40,33,26,9.437
2速2耐1智1友,1365172817541655136,69606,US5,3337,2400,1479,1834,1819,8633,3150,5400,6750,3,1,8,10,10,0/1/4,5/7/9,15/17/19,12,15,18,0,3,2,1,0,2,1,40,44,47,0,4,3,22,24,24,13,16,15,5,6,5,112,180,176,27,65,66,13.591
2速2耐1智1友,13245666227613244507,66494,US3,3337,2190,1393,1623,1896,8263,2700,5400,7500,3,1,7,10,11,0/1/4,5/7/9,15/17/19,11,17,17,0,3,2,1,0,0,1,39,42,49,0,0,2,22,24,24,13,16,15,6,6,4,112,145,113,36,54,26,10.807
2速2耐1智1友,14201444035210538976,67406,US3,3337,2265,1397,1775,1745,8342,2250,6000,7500,3,1,6,11,11,0/1/4,5/7/9,15/17/19,10,12,18,0,3,2,1,0,0,0,37,45,46,6,0,0,22,24,24,12,13,14,6,2,3,146,116,125,43,32,33,18.738
2速1耐1力1智1友,17952819872564283596,70274,US5,3337,2183,2002,1137,2019,8956,3150,6000,8250,3,1,8,11,12,0/1/2,5/8/9,15/17/18,12,18,16,0,2,3,1,0,0,1,41,45,48,0,0,0,22,24,24,12,21,17,4,10,5,132,118,92,34,36,23,15.445
2速1耐1力1智1友,4012394544412402780,71059,US6,3337,2400,2200,1197,1561,8922,2700,5400,8250,3,1,7,10,12,0/1/2,5/8/9,15/17/18,8,17,17,0,3,2,1,0,2,0,37,43,50,0,2,0,22,24,24,16,16,14,9,6,2,137,133,104,41,36,25,15.257
2速1耐1力1智1友,9194012038440952412,62707,UA9,3337,1408,1979,853,1859,8539,2700,6000,8250,3,1,7,11,12,0/1/2,5/8/9,15/17/18,8,14,17,0,3,2,1,0,1,0,39,45,51,2,1,0,22,24,24,10,23,16,3,12,4,128,165,122,36,61,27,15.515
2速1耐1力1智1友,1158804880482860990,66418,US3,3153,2195,2081,1082,1794,8569,2700,5400,7500,3,1,7,10,11,0/1/2,5/8/9,15/17/18,10,13,19,0,3,2,1,0,0,0,38,44,48,0,0,2,22,24,24,10,22,13,3,12,2,117,141,135,27,48,44,11.200
2速1耐1力1智1友,5229978428530249106,67762,US4,3337,2022,2200,1374,1410,8567,2700,6600,7500,3,1,7,12,11,0/1/2,5/8/9,15/17/18,8,16,16,0,3,2,1,0,1,1,37,47,52,5,0,2,22,24,24,16,16,13,9,4,2,149,106,128,34,29,39,15.284
2速1耐1力1智1友,5795216748132270072,72671,US7,3337,2287,2141,1468,1856,9039,3150,6000,8250,3,1,8,11,12,0/1/2,5/8/9,15/17/18,10,16,18,0,3,2,1,0,0,0,40,43,52,0,0,1,22,24,24,13,18,14,5,7,2,149,127,112,45,53,30,15.464
2速1耐1力1智1友,5119782493956875776,67264,US3,3337,2084,2200,1222,1415,8540,2700,6000,8250,3,1,7,11,12,0/1/2,5/8/9,15/17/18,7,16,15,0,2,3,1,0,0,0,37,40,48,1,0,0,22,24,24,17,19,17,10,8,5,118,123,123,45,45,22,15.593
2速1耐1力1智1友,15205528247481560765,65947,US2,3337,1683,2200,1176,1706,8739,2700,4800,8250,3,1,7,9,12,0/1/2,5/8/9,15/17/18,10,14,16,0,3,2,1,0,0,0,38,41,47,2,2,0,22,24,24,17,20,18,10,11,6,144,153,105,35,67,27,15.071
2速1耐1力1智1友,1816199032128977169,67012,US3,3337,1827,2159,1177,1791,8526,2700,6000,7500,3,1,7,11,11,0/1/2,5/8/9,15/17/18,10,15,14,0,3,2,1,0,0,1,39,44,50,3,1,2,22,24,24,15,22,17,8,11,6,139,153,116,31,70,30,11.302
2速1耐1力1智1友,6415955663872425952,66490,US3,3216,1983,2200,1216,1764,8482,2700,6000,7500,3,1,7,11,11,0/1/2,5/8/9,15/17/18,8,16,18,0,3,2,1,0,0,1,36,46,50,0,0,2,22,24,24,13,20,15,6,9,4,120,126,121,41,32,20,15.212
2速1耐1力1智1友,17046804125514506421,70920,US6,3328,2190,2148,1202,1994,8746,3150,6000,7500,3,1,8,11,11,0/1/2,5/8/9,15/17/18,11,15,16,0,3,2,1,0,1,1,41,43,47,1,0,0,22,24,24,16,18,16,8,7,5,128,94,115,21,20,35,11.277
2速1耐1力1智1友,18423775050743180279,67278,US3,3337,2063,2200,1235,1611,8420,2250,6600,7500,3,1,6,12,11,0/1/2,5/8/9,15/17/18,6,15,17,0,3,2,1,0,0,0,36,46,49,2,0,0,22,24,24,16,18,13,10,6,2,138,110,102,26,23,27,19.200
2速1耐1力1智1友,2491254669393353151,70736,US6,3313,2252,2200,1406,1649,8617,3150,6000,7500,3,1,8,11,11,0/1/2,5/8/9,15/17/18,10,15,16,0,3,2,1,0,0,0,41,44,44,0,0,0,22,24,24,13,22,16,5,11,5,96,161,92,25,77,26,15.612
2速1耐1力1智1友,3653249079301815702,68481,US4,3337,2077,2200,1252,1529,8835,2250,6600,8250,3,1,6,12,12,0/1/2,5/8/9,15/17/18,9,16,17,0,3,2,1,0,0,0,39,47,50,4,0,0,22,24,24,14,20,14,8,8,2,153,143,100,52,52,21,15.410
2速1耐1力1智1友,14271578279524412336,63473,US,3337,1709,2200,1115,1445,8144,2250,6000,7500,3,1,6,11,11,0/1/2,5/8/9,15/17/18,7,14,15,0,3,2,1,0,3,1,38,46,47,3,0,0,22,24,24,18,20,18,12,9,7,149,125,109,43,31,29,15.366
2速1耐1力1智1友,11541169054506445805,65694,US2,3337,1781,2200,1110,1679,8478,2250,6000,7500,3,1,6,11,11,0/1/2,5/8/9,15/17/18,5,18,17,0,2,3,1,0,2,0,36,47,43,3,1,0,22,24,24,15,17,18,9,6,7,145,139,127,48,40,34,15.330
2速1耐1力1智1友,1294665674987976547,55824,UA,2643,2180,2023,1034,1337,7555,2700,4800,6750,3,1,7,9,10,0/1/2,5/8/9,15/17/18,9,15,14,0,3,2,1,0,0,2,40,42,48,1,2,3,22,24,24,13,22,15,6,13,5,124,142,127,39,67,24,10.666
2速1耐1力1智1友,6912658344376518061,69899,US5,3264,2400,2169,1352,1503,8764,3150,6600,7500,3,1,8,12,11,0/1/2,5/8/9,15/17/18,12,14,16,0,3,2,1,0,1,0,41,45,47,0,0,0,22,24,24,11,22,16,3,10,5,131,122,113,43,42,15,15.418
2速1耐1力1智1友,2420087399911596950,70926,US6,3278,2265,1826,1344,2124,9038,1800,6600,7500,3,1,5,12,11,0/1/2,5/8/9,15/17/18,6,16,16,0,3,2,1,0,0,0,35,44,51,6,0,3,22,24,24,18,18,15,13,6,4,158,103,123,45,30,20,15.532
2速1耐1力1智1友,12507542186968997439,68194,US4,3337,1915,2127,1171,1908,8592,3150,6000,8250,3,1,8,11,12,0/1/2,5/8/9,15/17/18,10,16,16,0,3,2,1,0,0,0,41,48,49,1,2,0,22,24,24,18,20,17,10,9,5,138,149,112,31,50,22,15.688
2速1耐1力1智1友,10450092930148043241,65843,US2,3337,1726,2200,1091,1727,8670,2700,6600,7500,3,1,7,12,11,0/1/2,5/8/9,15/17/18,7,16,15,0,3,2,1,0,0,0,38,47,48,1,0,0,22,24,24,14,14,14,7,2,3,134,99,127,35,27,42,15.132
2速1耐1力1智1友,15636864325804638905,65765,US2,3337,1656,2200,1110,1796,8312,2700,6000,6750,3,1,7,11,10,0/1/2,5/8/9,15/17/18,9,15,16,0,3,2,1,0,0,0,40,40,43,0,0,0,22,24,24,14,21,12,7,10,2,117,125,110,20,56,46,15.012
2速1耐1力1智1友,3701588407402214650,69595,US5,3337,2115,2200,1398,1636,8702,2700,6000,8250,3,1,7,11,12,0/1/2,5/8/9,15/17/18,10,16,17,0,3,2,1,0,1,0,41,46,50,4,0,0,22,24,24,14,21,16,7,10,4,150,142,115,39,52,14,15.531
2速1耐1力1智1友,18214504841455677364,67694,US3,3188,2315,2200,1424,1388,8360,2700,6000,8250,3,1,7,11,12,0/1/2,5/8/9,15/17/18,8,16,16,0,3,2,1,0,1,0,37,46,47,0,0,0,22,24,24,9,18,13,2,7,1,121,120,100,41,24,19,11.148
2速1耐1力1智1友,2107839645070377952,62999,UA9,3325,1849,1974,1228,1458,7937,2700,5400,8250,3,1,7,10,12,0/1/2,5/8/9,15/17/18,10,13,15,0,3,2,1,0,0,0,39,42,51,2,1,0,22,24,24,14,21,16,7,11,4,128,158,102,26,68,24,15.288
2速1耐1力1智1友,2176856744612441569,64239,US1,3255,1996,1926,1366,1519,8103,2250,5400,8250,3,1,6,10,12,0/1/2,5/8/9,15/17/18,7,15,16,0,3,2,1,0,2,0,37,40,50,4,0,0,22,24,24,15,20,16,9,10,4,167,122,99,45,33,23,15.633
2速1耐1力1智1友,18159313112478783518,65620,US2,3337,1663,2200,1011,1925,8322,2700,5400,8250,3,1,7,10,12,0/1/2,5/8/9,15/17/18,9,13,17,0,3,2,1,0,0,0,40,43,52,4,1,0,22,24,24,16,23,16,9,13,4,147,171,120,42,80,31,15.368
2速1耐1力1智1友,7490542521778678457,64712,US1,3219,1633,2200,1062,1944,8063,2700,6000,7500,3,1,7,11,11,0/1/2,5/8/9,15/17/18,7,15,14,0,3,2,1,0,0,0,36,45,48,1,0,1,22,24,24,17,18,14,10,7,3,158,113,116,45,34,28,15.676
2速1耐1力1智1友,3221486078113806738,66936,US3,3337,1777,2200,1022,1974,8603,2700,6600,7500,3,1,7,12,11,0/1/2,5/8/9,15/17/18,7,18,17,0,3,2,1,0,0,0,37,47,50,0,0,4,22,24,24,13,17,15,6,5,4,112,102,123,31,27,30,15.451
2速1耐1力1智1友,4336756056106391880,68923,US4,3337,2234,2200,1350,1407,8585,2700,6000,7500,3,1,7,11,11,0/1/2,5/8/9,15/17/18,9,14,16,0,3,2,1,0,0,0,40,43,46,3,0,0,22,24,24,15,18,14,8,7,3,131,108,83,30,40,26,15.430
2速1耐1力1智1友,2397075683521888309,61547,UA7,3337,1673,2200,1017,1453,7736,3150,4800,6750,3,1,8,9,10,0/1/2,5/8/9,15/17/18,8,16,17,0,3,2,1,0,0,1,39,40,43,0,0,0,22,24,24,17,21,14,9,12,4,143,131,104,34,67,33,11.073
2速1耐1力1智1友,1841040879218939644,66341,US2,3337,1966,2200,1216,1508,8308,3150,6000,7500,3,1,8,11,11,0/1/2,5/8/9,15/17/18,11,14,16,0,3,2,1,0,1,0,40,42,50,0,0,2,22,24,24,14,19,16,6,8,5,133,113,120,43,48,34,13.339
2速1耐1力1智1友,12213323262067434319,61249,UA7,2664,2400,1825,1408,1622,8150,3150,6600,7500,3,1,8,12,11,0/1/2,5/8/9,15/17/18,9,14,15,0,3,2,1,0,0,0,39,45,48,0,0,0,22,24,24,15,19,16,7,7,5,119,108,119,24,29,24,8.272
2速1耐1力1智1友,8993902158340912255,64878,US1,3337,1610,2200,948,1856,8369,2700,6000,7500,3,1,7,11,11,0/1/2,5/8/9,15/17/18,9,17,17,0,3,2,1,0,2,2,37,47,50,0,0,0,22,24,24,14,19,14,7,8,3,143,144,116,46,37,39,8.178
2速1耐1力1智1友,13982339964321220207,62133,UA8,3337,1822,2200,1097,1314,7853,2250,5400,7500,3,1,6,10,11,0/1/2,5/8/9,15/17/18,9,15,16,0,3,2,1,0,0,0,39,41,46,5,0,0,22,24,24,11,18,15,5,8,4,160,104,105,64,29,31,8.125
2速1耐1力1智1友,5674414669697253125,67752,US4,3337,2051,2200,1195,1657,8373,1800,6600,8250,3,1,5,12,12,0/1/2,5/8/9,15/17/18,8,15,17,0,3,2,1,0,0,0,39,46,50,9,0,0,22,24,24,15,21,16,10,9,4,149,136,119,38,33,36,8.487
2速1耐1力1智1友,15869905514319705338,71478,US6,3337,2400,2200,1288,1585,8960,2700,6600,8250,3,1,7,12,12,0/1/2,5/8/9,15/17/18,8,18,17,0,2,3,1,0,0,1,39,47,51,1,0,0,22,24,24,14,16,17,7,4,5,133,115,110,42,29,24,8.504
2速1耐1力1智1友,4303239767037212620,64312,US1,3337,1822,2200,996,1490,8517,2700,6600,6750,3,1,7,12,10,0/1/2,5/8/9,15/17/18,8,16,16,0,3,2,1,0,0,0,38,45,43,4,0,0,22,24,24,17,19,15,10,7,5,145,112,84,35,28,27,8.235
2速1耐1力1智1友,14810996242497640362,67049,US3,3337,1978,1922,1162,1892,8629,2700,6000,7500,3,1,7,11,11,0/1/2,5/8/9,15/17/18,10,17,16,0,3,2,1,0,0,0,38,48,46,1,3,0,22,24,24,15,19,17,8,8,6,104,140,101,20,40,26,8.336
2速1耐1力1智1友,932579008768039287,69295,US5,3101,2400,2200,1402,1546,8886,2700,6600,8250,3,1,7,12,12,0/1/2,5/8/9,15/17/18,10,16,18,0,3,2,1,0,0,0,37,47,52,1,0,0,22,24,24,14,18,17,7,6,5,147,128,108,43,41,22,8.331
2速1力1根1智1友,9723002943072057713,67117,US3,3337,817,2200,1754,2080,8661,2700,5400,8250,3,1,7,10,12,0/2/3,5/6/9,15/16/19,9,16,19,0,3,2,1,0,1,0,39,38,53,1,0,0,22,24,24,13,17,14,6,7,2,151,114,129,53,49,23,8.789
2速1力1根1智1友,14029291422846956870,63434,US,3337,777,2200,1387,1971,8374,2700,6600,6750,3,1,7,12,10,0/2/3,5/6/9,15/16/19,9,16,15,0,3,2,1,0,0,0,39,47,46,2,1,1,22,24,24,11,20,18,4,8,8,155,158,127,51,65,31,8.379
2速1力1根1智1友,7659579114545735761,61025,UA7,3337,848,2200,1702,1380,7571,2700,5400,7500,3,1,7,10,11,0/2/3,5/6/9,15/16/19,6,11,16,0,3,2,1,0,0,1,39,42,49,0,0,0,22,24,24,12,19,16,5,9,5,143,170,133,44,75,27,8.506
2速1力1根1智1友,13415455105205913297,65328,US2,3337,975,2200,1446,2065,8513,2250,6000,7500,3,1,6,11,11,0/2/3,5/6/9,15/16/19,8,16,18,0,3,2,1,0,0,0,39,46,47,7,1,0,22,24,24,16,22,15,10,11,4,179,171,123,60,78,29,8.567
2速1力1根1智1友,17085668312474990674,65298,US2,3337,983,2200,1955,1695,8363,2250,6000,8250,3,1,6,11,12,0/2/3,5/6/9,15/16/19,8,16,19,0,3,2,1,0,0,0,37,44,52,2,1,0,22,24,24,12,17,12,6,6,0,151,126,101,45,27,24,8.202
2速1力1根1智1友,15723536180148277967,63717,US,3337,962,2200,1598,1694,8363,2700,6000,7500,3,1,7,11,11,0/2/3,5/6/9,15/16/19,7,16,14,0,3,2,1,0,1,0,36,46,49,4,0,1,22,24,24,11,17,14,4,6,3,154,133,107,52,33,21,8.676
2速1力1根1智1友,10283153030941515133,63571,US,3337,1071,2200,1582,1598,8370,2250,4800,7500,3,1,6,9,11,0/2/3,5/6/9,15/16/19,9,14,14,0,3,2,1,0,3,0,39,46,48,5,3,1,22,24,24,13,20,17,7,11,6,168,162,141,51,75,33,8.223
2速1力1根1智1友,10808204907524002529,67996,US4,3337,887,2200,2036,2052,8327,2700,5400,7500,3,1,7,10,11,0/2/3,5/6/9,15/16/19,8,17,17,0,3,2,1,0,2,2,38,40,51,0,0,1,22,24,24,10,16,15,3,6,4,139,96,128,41,37,28,9.483
2速1力1根1智1友,9935309697722534963,64178,US,3337,1135,2200,1306,1899,8369,2250,5400,7500,3,1,6,10,11,0/2/3,5/6/9,15/16/19,9,14,18,0,3,2,1,0,0,0,39,38,46,6,0,0,22,24,24,15,16,13,9,6,2,146,110,93,31,30,28,9.762
2速1力1根1智1友,4618596684933258521,60567,UA6,3114,908,1956,1633,2052,7597,2250,5400,6000,3,1,6,10,9,0/2/3,5/6/9,15/16/19,7,14,16,0,0,2,0,0,0,0,37,48,47,6,3,5,22,24,24,12,16,14,6,6,5,144,142,108,40,29,23,13.734
2速1力1根1智1友,2371246721497825609,64677,US1,3337,819,2200,1508,2012,8370,2250,6000,7500,3,1,6,11,11,0/2/3,5/6/9,15/16/19,9,17,15,0,3,2,1,0,1,0,39,39,47,4,0,0,22,24,24,11,20,16,5,9,5,153,128,99,55,58,27,10.343
2速1力1根1智1友,1194949384006253366,62608,UA9,3337,1016,2200,1245,1877,8116,2700,5400,7500,3,1,7,10,11,0/2/3,5/6/9,15/16/19,9,16,15,0,3,2,1,0,0,0,41,34,47,4,0,0,22,24,24,10,21,15,3,11,4,157,111,118,59,37,33,13.493
2速1力1根1智1友,4262987199165268246,65243,US2,3337,1012,2200,1861,1783,8310,2250,6600,7500,3,1,6,12,11,0/2/3,5/6/9,15/16/19,11,16,16,0,3,2,1,0,0,0,39,47,51,4,0,3,22,24,24,12,16,17,6,4,6,146,121,119,45,42,24,9.366
2速1力1根1智1友,4893619206942530144,64919,US1,3337,1045,2200,1389,1962,8274,2250,6600,8250,3,1,6,12,12,0/2/3,5/6/9,15/16/19,8,16,16,0,3,2,1,0,0,2,37,45,51,3,0,0,22,24,24,12,19,15,6,7,3,135,128,117,31,35,35,8.974
2速1力1根1智1友,12156138514183051588,64569,US1,3337,935,2200,1488,2045,8113,2250,6600,7500,3,1,6,12,11,0/2/3,5/6/9,15/16/19,9,16,16,0,3,2,1,0,0,2,39,46,50,5,0,0,22,24,24,17,20,14,11,8,3,157,124,121,25,36,35,13.812
2速1力1根1智1友,10809786112800973114,64556,US1,3337,823,2200,2134,1550,7908,2250,5400,8250,3,1,6,10,12,0/2/3,5/6/9,15/16/19,9,17,16,0,3,2,1,0,0,0,39,42,50,5,0,0,22,24,24,11,18,16,5,8,4,168,125,105,49,36,35,9.395
3速1耐1智1友,10364075841737235895,66879,US3,3337,1814,1945,1134,1903,9018,3150,5400,7500,3,1,8,10,11,0/1/4,5/7/9,15/17/18,10,14,15,0,3,2,1,0,1,1,40,44,49,0,4,2,22,24,24,12,22,19,4,12,8,104,162,132,22,57,31,8.540
3速1耐1智1友,16602572095676606117,67713,US4,3337,2196,1774,1410,1683,8695,2700,5400,6750,3,1,7,10,10,0/1/4,5/7/9,15/17/18,9,15,15,0,3,2,1,0,0,1,41,42,46,3,0,3,22,24,24,11,15,15,4,5,5,140,136,96,47,44,29,12.744
3速1耐1智1友,15522199871225763942,63815,US,3337,1868,1634,1168,1816,8589,3150,4800,7500,3,1,8,9,11,0/1/4,5/7/9,15/17/18,11,15,15,0,2,3,1,0,0,0,41,41,49,1,3,5,22,24,24,14,18,17,6,9,6,131,134,116,25,66,24,8.257
3速1耐1智1友,14746519188721366552,65211,US2,3337,2300,1647,1335,1455,8223,3150,6000,6750,3,1,8,11,10,0/1/4,5/7/9,15/17/18,10,13,13,0,3,2,1,0,1,0,41,42,43,0,0,0,22,24,24,12,21,13,4,10,3,95,135,100,16,49,29,8.354
3速1耐1智1友,355623730388969859,66527,US3,3337,2240,1771,1392,1352,8480,2700,4200,6000,3,1,7,8,9,0/1/4,5/7/9,15/17/18,9,13,14,0,3,2,1,0,2,1,41,39,41,2,9,3,22,24,24,10,17,13,3,9,4,154,153,104,64,57,41,8.403
3速1耐1智1友,7028667460947403680,70629,US6,3337,2400,1973,1373,1493,9185,3150,5400,7500,3,1,8,10,11,0/1/4,5/7/9,15/17/18,14,14,15,0,3,2,1,0,2,1,41,43,47,0,1,0,22,24,24,12,19,13,4,9,2,102,179,99,22,75,36,9.877
3速1耐1智1友,15723246044169655730,65786,US2,3337,2013,1484,1247,1996,8662,2700,5400,8250,3,1,7,10,12,0/1/4,5/7/9,15/17/18,9,17,14,0,2,3,1,0,0,1,39,38,50,1,0,0,22,24,24,17,15,16,10,5,4,147,104,113,78,39,26,13.663
3速1耐1智1友,13940325435051441979,60508,UA6,3337,1814,1726,1190,1289,8087,2700,4800,6750,3,1,7,9,10,0/1/4,5/7/9,15/17/18,6,12,12,0,2,3,1,0,3,2,39,40,44,0,2,2,22,24,24,11,18,17,4,9,7,138,160,108,42,64,33,10.254
3速1耐1智1友,11862101645352446893,64955,US1,3337,2043,1550,1258,1831,8452,3150,4800,7500,3,1,8,9,11,0/1/4,5/7/9,15/17/18,10,14,17,0,3,2,1,0,0,0,40,42,48,0,3,2,22,24,24,13,17,18,5,8,7,119,188,131,28,83,44,14.595
3速1耐1智1友,10619380544739405773,62880,UA9,3337,1562,1573,946,2224,8516,3150,5400,7500,3,1,8,10,11,0/1/4,5/7/9,15/17/18,12,16,15,0,3,2,1,0,2,0,42,45,46,0,1,0,22,24,24,12,21,13,4,11,2,114,157,104,30,43,38,9.536
3速1耐1智1友,1429694070346343975,61576,UA7,3337,1643,1681,947,1905,8276,2700,6000,7500,3,1,7,11,11,0/1/4,5/7/9,15/17/18,9,13,17,0,3,2,1,0,0,0,38,43,45,1,0,0,22,24,24,13,20,13,6,9,2,120,154,104,41,77,44,9.520
3速1耐1智1友,3551062981486957623,64876,US1,3337,1964,1946,1204,1492,8640,3150,5400,7500,3,1,8,10,11,0/1/4,5/7/9,15/17/18,12,14,15,0,3,2,1,0,1,1,41,40,50,0,1,2,22,24,24,16,21,15,8,11,4,153,144,125,48,32,33,14.579
3速1耐1智1友,13261486280809430112,65403,US2,3337,1804,1352,1202,2359,8388,2700,6600,6750,3,1,7,12,10,0/1/4,5/7/9,15/17/18,12,13,15,0,3,2,1,0,1,0,39,44,47,1,0,4,22,24,24,9,19,16,2,7,6,132,118,105,42,44,24,9.839
3速1耐1智1友,8896067874881400683,61573,UA7,3337,1424,1906,1118,1706,8351,2700,4800,7500,3,1,7,9,11,0/1/4,5/7/9,15/17/18,11,13,14,0,3,2,1,0,1,1,41,43,49,1,5,2,22,24,24,14,21,17,7,12,6,144,181,122,40,76,35,15.049
3速1耐1智1友,4538752246607697159,63170,UA9,3337,1751,1763,1166,1768,8304,3150,6000,6750,3,1,8,11,10,0/1/4,5/7/9,15/17/18,13,15,15,0,3,2,1,0,0,0,42,42,46,0,0,3,22,24,24,13,19,15,5,8,5,140,128,122,43,30,42,10.270
3速1耐1智1友,13447881969633036126,67338,US3,3337,2233,1693,1549,1580,8515,3150,5400,8250,3,1,8,10,12,0/1/4,5/7/9,15/17/18,9,12,13,0,3,2,1,0,0,0,38,44,49,0,2,0,22,24,24,12,19,16,4,9,4,83,152,105,21,48,23,13.454
3速1耐1智1友,15137777519581648158,67343,US3,3337,1672,1814,1042,2445,8480,3150,5400,6000,3,1,8,10,9,0/1/4,5/7/9,15/17/18,12,16,15,0,3,2,1,0,0,0,42,46,42,0,2,6,22,24,24,12,16,13,4,6,4,101,157,116,23,56,42,8.569
3速1耐1智1友,13450976886554867562,64975,US1,3337,1633,2200,1132,1548,8655,2700,4200,8250,3,1,7,8,12,0/1/4,5/7/9,15/17/18,9,15,16,0,3,2,1,0,0,0,38,37,50,0,2,0,22,24,24,10,21,14,3,13,2,112,161,119,19,58,35,9.281
3速1耐1智1友,8509094467452688915,65961,US2,3337,1781,1774,1449,1946,8540,3150,5400,6750,3,1,8,10,10,0/1/4,5/7/9,15/17/18,12,11,15,0,3,2,1,0,0,0,42,39,42,0,0,0,22,24,24,14,15,16,6,5,6,120,133,116,43,41,33,8.497
3速1耐1智1友,845633575617302526,68168,US4,3337,2292,2020,1545,1319,8805,2700,5400,8250,3,1,7,10,12,0/1/4,5/7/9,15/17/18,8,15,15,0,3,2,1,0,1,0,38,44,50,1,3,0,22,24,24,11,23,16,4,13,4,122,180,124,29,84,46,12.953
3速1耐1智1友,7034202596770408319,63575,US,3337,2133,1507,1351,1495,8039,3150,5400,6750,3,1,8,10,10,0/1/4,5/7/9,15/17/18,10,13,15,0,3,2,1,0,0,0,41,41,40,0,2,0,22,24,24,16,18,13,8,8,3,137,151,93,29,37,33,9.060
3速1耐1智1友,10416926000168564424,64329,US1,3337,2220,1749,1282,1395,8117,2700,5400,6750,3,1,7,10,10,0/1/4,5/7/9,15/17/18,6,16,13,0,3,2,1,0,1,1,37,44,45,0,0,2,22,24,24,12,17,15,5,7,5,104,129,93,26,48,22,9.455
3速1耐1智1友,3169385495315852334,63613,US,3337,1939,1740,1163,1661,8361,2700,6000,7500,3,1,7,11,11,0/1/4,5/7/9,15/17/18,10,15,16,0,2,3,1,0,0,0,35,47,45,2,0,0,22,24,24,16,16,15,9,5,4,130,116,90,48,33,21,8.539
3速1耐1智1友,2916902180499187096,66080,US2,3337,1794,2148,1184,1560,8663,3600,5400,6750,3,1,9,10,10,0/1/4,5/7/9,15/17/18,11,14,12,0,3,2,1,0,0,0,43,44,44,0,3,0,22,24,24,9,22,13,0,12,3,91,179,100,24,76,31,12.540
3速1耐1智1友,5587096057087660200,68135,US4,3337,2061,1704,1264,2091,8958,2700,5400,7500,3,1,7,10,11,0/1/4,5/7/9,15/17/18,9,15,17,0,3,2,1,0,1,0,40,44,52,1,0,4,22,24,24,12,18,14,5,8,3,108,147,129,20,56,37,8.340
3速1耐1智1友,12207887616304828159,68610,US4,3337,2400,1706,1341,1682,8839,3150,5400,8250,3,1,8,10,12,0/1/4,5/7/9,15/17/18,12,13,16,0,3,2,1,0,1,0,39,43,50,1,1,0,22,24,24,15,23,15,7,13,3,127,175,100,42,70,23,8.520
3速1耐1智1友,17639655076487926436,65146,US2,3337,1881,1721,1155,1898,8714,2700,6000,7500,3,1,7,11,11,0/1/4,5/7/9,15/17/18,11,16,13,0,3,2,1,0,0,1,40,44,49,0,0,1,22,24,24,18,19,15,11,8,4,138,138,110,46,38,23,8.422
3速1耐1智1友,5809256725429904770,67312,US3,3337,2177,2200,1228,1167,9086,3150,5400,7500,3,1,8,10,11,0/1/4,5/7/9,15/17/18,13,15,15,0,3,2,1,0,0,0,42,45,49,0,3,1,22,24,24,20,19,14,12,9,3,140,170,103,38,78,23,9.966
3速1耐1智1友,4607171894067141270,63261,UA9,3337,1725,1801,1134,1874,8222,3150,6000,6750,3,1,8,11,10,0/1/4,5/7/9,15/17/18,10,13,14,0,3,2,1,0,0,0,40,43,45,0,0,2,22,24,24,13,18,15,5,7,5,120,166,124,30,75,35,13.981
3速1耐1智1友,795490182612661232,67039,US3,3337,1854,2200,1218,1594,8765,3150,5400,8250,3,1,8,10,12,0/1/4,5/7/9,15/17/18,11,15,16,0,3,2,1,0,0,1,42,44,52,1,1,0,22,24,24,14,21,17,6,11,5,136,167,123,47,70,37,14.268
3速1耐1智1友,17958932999380738175,66160,US2,3337,1727,2187,1171,1780,8489,3150,5400,6750,3,1,8,10,10,0/1/4,5/7/9,15/17/18,11,17,15,0,2,3,1,0,0,2,40,43,46,0,0,4,22,24,24,13,15,15,5,5,5,97,133,140,21,61,53,8.898
3速1耐1智1友,4267257560226095595,69704,US5,3337,1514,2163,1130,2340,8823,3150,6600,6000,3,1,8,12,9,0/1/4,5/7/9,15/17/18,12,17,17,0,2,3,1,0,0,1,41,46,44,0,0,4,22,24,24,14,17,13,6,5,4,122,114,117,32,41,57,9.243
3速1耐1智1友,14311333353729540263,68426,US4,3337,2317,1996,1306,1562,8760,3150,6000,8250,3,1,8,11,12,0/1/4,5/7/9,15/17/18,10,14,14,0,3,2,1,0,0,0,42,42,51,1,0,0,22,24,24,16,16,16,8,5,4,120,139,111,26,51,28,14.781
3速1耐1智1友,6792567853428318320,68599,US4,3337,2081,2200,1330,1548,8887,2700,4800,8250,3,1,7,9,12,0/1/4,5/7/9,15/17/18,11,15,16,0,3,2,1,0,0,0,40,42,51,0,4,0,22,24,24,11,18,13,4,9,1,109,198,102,29,96,20,9.533
3速1耐1智1友,5974517112425552549,66696,US3,3337,1711,1989,966,2255,8554,3150,6000,7500,3,1,8,11,11,0/1/4,5/7/9,15/17/18,11,15,15,0,3,2,1,0,0,0,41,45,50,0,0,2,22,24,24,10,18,15,2,7,4,120,131,104,51,34,26,13.727
3速1耐1智1友,16711536068744076708,66841,US3,3337,1627,2180,1059,2000,9016,2700,5400,8250,3,1,7,10,12,0/1/4,5/7/9,15/17/18,10,16,16,0,3,2,1,0,0,1,41,43,51,3,3,0,22,24,24,16,18,19,9,8,7,133,143,107,48,46,24,8.942
3速1耐1智1友,9422936840373632902,67889,US4,3337,2315,1826,1369,1669,8557,2700,4800,6750,3,1,7,9,10,0/1/4,5/7/9,15/17/18,11,17,14,0,1,4,1,0,0,3,39,42,43,1,4,2,22,24,24,16,14,16,9,5,6,142,167,116,33,54,50,8.166
3速1耐1智1友,4797087306040167408,68496,US4,3337,2295,2200,1285,1223,8957,3150,5400,7500,3,1,8,10,11,0/1/4,5/7/9,15/17/18,13,13,15,0,3,2,1,0,1,1,41,41,47,0,0,0,22,24,24,17,22,17,9,12,6,107,134,102,25,43,14,8.825
3速1耐1智1友,756232827394324319,68972,US4,3337,2272,1693,1379,1852,8921,3150,4800,8250,3,1,8,9,12,0/1/4,5/7/9,15/17/18,11,17,15,0,2,3,1,0,0,0,39,35,50,0,0,1,22,24,24,15,16,15,7,7,3,120,124,116,34,33,24,8.642
3速1耐1智1友,531858140777709036,65689,US2,3337,2050,1936,1294,1515,8481,2700,4200,7500,3,1,7,8,11,0/1/4,5/7/9,15/17/18,10,14,13,0,3,2,1,0,0,0,39,37,47,0,4,1,22,24,24,14,15,14,7,7,3,128,158,106,34,66,25,8.007
2速2耐1智1友,1650692575417717657,72262,US7,3337,2400,1387,1869,2090,8914,2700,6000,6750,3,1,7,11,10,0/1/4,5/7/9,15/17/19,10,14,17,0,3,2,1,0,0,0,40,46,49,1,2,4,22,24,24,15,18,14,8,7,4,134,130,171,32,28,58,8.460
2速2耐1智1友,733787604725511931,69758,US5,3337,2119,1349,1493,2391,8686,3600,5400,7500,3,1,9,10,11,0/1/4,5/7/9,15/17/19,13,16,15,0,3,2,1,0,0,0,43,37,45,0,0,0,22,24,24,12,15,17,3,5,6,110,104,105,25,41,28,13.263
2速2耐1智1友,1070382939242330394,66936,US3,3337,2353,1664,1650,1376,8420,3150,4200,6750,3,1,8,8,10,0/1/4,5/7/9,15/17/19,8,14,16,0,3,2,1,0,2,1,39,37,49,0,6,5,22,24,24,11,13,15,3,5,5,122,182,126,34,105,30,8.033
2速2耐1智1友,11830696628358630667,69287,US5,3337,2400,1376,1717,1902,8635,3150,4800,6750,3,1,8,9,10,0/1/4,5/7/9,15/17/19,14,15,16,0,3,2,1,0,0,1,41,40,46,0,0,4,22,24,24,12,15,16,4,6,6,111,146,140,25,65,43,7.874
2速2耐1智1友,3449359251834803267,70936,US6,3337,2400,1375,1579,2172,8644,2700,6000,6750,3,1,7,11,10,0/1/4,5/7/9,15/17/19,11,15,15,0,3,2,1,0,0,0,40,41,45,2,0,2,22,24,24,14,13,15,7,2,5,156,105,117,53,43,29,8.065
2速2耐1智1友,849419257920760036,68949,US4,3337,2400,1351,1648,1967,8423,3150,5400,6000,3,1,8,10,9,0/1/4,5/7/9,15/17/19,11,15,16,0,3,2,1,0,0,1,41,41,42,0,2,1,22,24,24,13,15,13,5,5,4,114,183,129,20,107,54,8.098
2速2耐1智1友,10381465611543561513,68905,US4,3337,2400,1338,1746,1745,8458,2700,6000,6750,3,1,7,11,10,0/1/4,5/7/9,15/17/19,13,16,13,0,3,2,1,0,0,1,41,42,48,3,1,4,22,24,24,17,17,14,10,6,4,149,161,143,50,66,42,8.378
2速2耐1智1友,14367422342596276784,66218,US2,3337,2321,1297,1730,1661,7973,3150,4800,7500,3,1,8,9,11,0/1/4,5/7/9,15/17/19,8,15,15,0,2,3,1,0,0,2,41,37,47,1,0,1,22,24,24,16,11,16,8,2,5,129,144,116,23,63,25,8.283
2速1耐1力1智1友,9193442201355139391,69191,US5,3337,2016,2200,1052,1965,8799,2700,6600,8250,3,1,7,12,12,0/1/2,5/8/9,15/17/18,9,17,15,0,3,2,1,0,0,0,39,46,50,1,0,0,22,24,24,13,17,14,6,5,2,133,124,115,53,33,28,9.134
2速1耐1力1智1友,8513527011926131473,68613,US4,3337,2400,2089,1544,1196,8486,3150,6000,7500,3,1,8,11,11,0/1/2,5/8/9,15/17/18,11,13,16,0,3,2,1,0,0,0,40,40,48,0,0,2,22,24,24,12,18,15,4,7,4,104,110,110,31,29,25,12.815
2速1耐1力1智1友,145196211189551444,69029,US5,3337,2084,2200,1076,1852,8611,2700,6600,7500,3,1,7,12,11,0/1/2,5/8/9,15/17/18,6,15,17,0,2,3,1,0,0,1,36,47,51,1,0,2,22,24,24,15,17,18,8,5,7,123,102,148,24,14,44,9.333
2速1耐1力1智1友,1368500863572246365,68058,US4,3337,2173,2200,1191,1559,8370,3150,6000,8250,3,1,8,11,12,0/1/2,5/8/9,15/17/18,12,14,15,0,3,2,1,0,0,0,41,43,50,0,1,0,22,24,24,11,19,17,3,8,5,117,134,116,34,39,31,8.744
2速1耐1力1智1友,18421373900565102023,68526,US4,3277,2400,2200,984,1649,8558,3150,6000,7500,3,1,8,11,11,0/1/2,5/8/9,15/17/18,8,15,15,0,3,2,1,0,0,0,39,41,51,1,0,3,22,24,24,13,16,14,5,5,3,128,97,142,35,37,42,9.352
2速1耐1力1智1友,9840163063675416226,64339,US1,3337,2007,1863,1101,1629,8250,2700,6000,6000,3,1,7,11,9,0/1/2,5/8/9,15/17/18,7,15,14,0,2,3,1,0,2,0,36,45,40,0,0,2,22,24,24,10,21,18,3,10,9,117,118,107,41,25,47,8.353
2速1耐1力1智1友,2628263364633947156,68573,US4,3337,2400,2200,1326,1292,8260,2700,4800,6750,3,1,7,9,10,0/1/2,5/8/9,15/17/18,9,14,17,0,3,2,1,0,1,0,40,41,44,3,0,2,22,24,24,17,23,13,10,14,3,135,158,119,29,76,42,8.035
2速1耐1力1智1友,3509096039911490550,70211,US5,3337,2069,2121,982,2187,8633,3150,6000,6750,3,1,8,11,10,0/1/2,5/8/9,15/17/18,13,16,16,0,3,2,1,0,1,0,43,42,46,2,0,3,22,24,24,18,19,15,10,8,5,146,119,149,21,40,56,8.651
2速1耐1力1智1友,17794863914351683079,68779,US4,3337,2396,1986,1311,1510,8400,3150,5400,7500,3,1,8,10,11,0/1/2,5/8/9,15/17/18,8,14,17,0,3,2,1,0,0,0,41,41,46,0,0,0,22,24,24,14,17,13,6,7,2,110,110,127,25,31,49,10.095
2速1耐1力1智1友,7284319687374285697,66093,US2,3188,2175,1761,1111,2137,8374,2700,6600,6750,3,1,7,12,10,0/1/2,5/8/9,15/17/18,8,16,16,0,3,2,1,0,0,0,39,45,46,0,0,3,22,24,24,12,15,17,5,3,7,109,109,112,29,23,29,9.129
2速1耐1力1智1友,13372028065495926400,61656,UA7,3337,1578,1792,975,1916,8005,2700,5400,7500,3,1,7,10,11,0/1/2,5/8/9,15/17/18,13,16,14,0,1,4,1,0,0,0,41,43,41,2,1,0,22,24,24,13,17,14,6,7,3,139,147,88,33,68,26,13.807
2速1耐1力1智1友,6127757572009154777,69730,US5,3337,2400,2200,1359,1282,8497,2700,4800,7500,3,1,7,9,11,0/1/2,5/8/9,15/17/18,11,14,18,0,3,2,1,0,0,0,42,36,48,2,0,0,22,24,24,15,18,18,8,9,7,155,98,114,52,36,27,9.769
2速1耐1力1智1友,1342146253394017674,69879,US5,3337,2400,2200,1189,1491,8637,2250,6600,7500,3,1,6,12,11,0/1/2,5/8/9,15/17/18,10,16,16,0,3,2,1,0,0,0,39,48,49,4,0,1,22,24,24,12,20,14,6,8,3,136,136,103,44,54,23,8.141
2速1耐1力1智1友,9077337637596447001,68506,US4,3337,2400,2200,1204,1281,8691,2700,6000,7500,3,1,7,11,11,0/1/2,5/8/9,15/17/18,9,15,16,0,3,2,1,0,0,0,40,45,50,0,0,2,22,24,24,16,18,16,9,7,5,134,105,126,26,30,29,8.698
2速1耐1力1智1友,4856121347001529017,67186,US3,3337,2125,2200,1018,1708,8729,2700,5400,7500,3,1,7,10,11,0/1/2,5/8/9,15/17/18,11,15,17,0,3,2,1,0,0,0,38,42,49,2,2,1,22,24,24,15,24,14,8,14,3,140,175,127,43,84,36,8.354
2速1耐1力1智1友,7442860338983573001,67966,US4,3328,2259,2081,1007,1788,8488,3150,4800,7500,3,1,8,9,11,0/1/2,5/8/9,15/17/18,10,15,16,0,3,2,1,0,0,0,40,40,49,1,1,3,22,24,24,15,19,18,7,10,7,139,112,124,43,31,22,12.426
2速1耐1力1智1友,16745007580431942310,69931,US5,3337,2328,1928,1176,1878,8831,3150,6600,7500,3,1,8,12,11,0/1/2,5/8/9,15/17/18,11,15,13,0,3,2,1,0,0,0,41,45,46,0,0,0,22,24,24,14,15,16,6,3,5,116,101,101,32,24,24,8.496
2速1耐1力1智1友,2831311307993154119,68448,US4,3337,1977,1976,856,2313,8715,3150,6600,7500,3,1,8,12,11,0/1/2,5/8/9,15/17/18,10,14,16,0,2,3,1,0,0,0,38,46,46,0,0,0,22,24,24,11,18,16,3,6,5,94,126,132,18,31,35,9.389
2速1耐1力1智1友,16365588686036966193,67403,US3,3337,2325,1958,1204,1433,8476,3150,6000,7500,3,1,8,11,11,0/1/2,5/8/9,15/17/18,8,16,16,0,3,2,1,0,1,0,39,43,50,0,0,4,22,24,24,15,19,17,7,8,6,114,111,109,34,33,19,4.478
2速1耐1力1智1友,5732899768108320014,67674,US3,3337,2280,2197,1087,1438,8512,2700,5400,7500,3,1,7,10,11,0/1/2,5/8/9,15/17/18,9,15,14,0,3,2,1,0,0,0,39,46,45,0,1,0,22,24,24,12,20,16,5,10,5,124,143,113,44,65,31,4.053
2速1耐1力1智1友,11312186236519282152,68473,US4,3337,2270,2200,1207,1455,8552,3150,4800,7500,3,1,8,9,11,0/1/2,5/8/9,15/17/18,13,17,15,0,3,2,1,0,0,0,42,38,51,0,0,4,22,24,24,15,18,16,7,9,5,118,99,104,29,34,22,4.482
2速1耐1力1智1友,6508952195607185635,66540,US3,3337,2061,1956,1258,1709,8240,2700,6000,7500,3,1,7,11,11,0/1/2,5/8/9,15/17/18,9,15,16,0,3,2,1,0,1,0,40,44,47,0,0,0,22,24,24,11,20,15,4,9,4,127,133,105,39,60,25,9.135
2速1耐1力1智1友,14371377634513379727,66426,US3,3337,2177,2200,1102,1393,8061,3150,5400,6750,3,1,8,10,10,0/1/2,5/8/9,15/17/18,10,14,16,0,3,2,1,0,2,0,40,37,46,0,0,3,22,24,24,15,16,13,7,6,3,109,109,120,32,57,39,12.328
2速1耐1力1智1友,11816732897288611687,64084,US,3314,1922,2200,988,1528,7862,3150,5400,6750,3,1,8,10,10,0/1/2,5/8/9,15/17/18,13,16,14,0,3,2,1,0,1,0,43,39,45,3,0,4,22,24,24,14,17,15,6,7,5,130,100,129,24,40,37,16.431
2速1耐1力1智1友,12648071098488139094,68570,US4,3337,2400,2074,1224,1578,8573,2700,5400,6750,3,1,7,10,10,0/1/2,5/8/9,15/17/18,6,14,15,0,3,2,1,0,0,0,36,37,46,0,0,3,22,24,24,16,16,13,9,6,3,122,100,106,37,41,38,16.702
2速1耐1力1智1友,10280924060891364404,66333,US2,3337,2230,2200,1133,1403,8410,2700,5400,7500,3,1,7,10,11,0/1/2,5/8/9,15/17/18,7,14,15,0,3,2,1,0,0,2,39,39,49,0,0,0,22,24,24,11,16,18,4,6,7,120,99,106,38,41,27,9.783
2速1耐1力1智1友,2364977401008843795,61778,UA8,3337,2063,2200,980,950,7838,3150,5400,7500,3,1,8,10,11,0/1/2,5/8/9,15/17/18,12,14,14,0,3,2,1,0,1,1,42,40,48,1,0,1,22,24,24,14,17,16,6,7,5,136,108,116,44,25,18,13.069
2速1耐1力1智1友,7586819555734973613,64674,US1,3337,1758,2189,846,1941,8310,2700,6000,7500,3,1,7,11,11,0/1/2,5/8/9,15/17/18,13,14,16,0,3,2,1,0,2,0,41,43,50,3,0,3,22,24,24,13,22,15,6,11,4,141,164,119,48,71,35,8.408
2速1耐1力1智1友,16695966051289604922,63046,UA9,3012,2193,2200,1034,1586,7891,2700,6000,7500,3,1,7,11,11,0/1/2,5/8/9,15/17/18,13,15,14,0,3,2,1,0,1,0,41,46,49,5,0,2,22,24,24,14,17,15,7,6,4,156,94,100,60,17,29,4.443
2速1耐1力1智1友,4486937952607968369,63719,US,3337,1921,2200,949,1440,8207,3600,4800,7500,3,1,9,9,11,0/1/2,5/8/9,15/17/18,14,15,15,0,3,2,1,0,0,0,44,37,47,0,4,0,22,24,24,10,21,17,1,12,6,116,145,110,30,43,28,12.725
2速1耐1力1智1友,5846772204497965412,68251,US4,3337,2135,2057,1079,1967,8348,2700,6600,7500,3,1,7,12,11,0/1/2,5/8/9,15/17/18,11,17,14,0,2,3,1,0,0,2,40,47,46,2,0,0,22,24,24,13,19,15,6,7,4,144,103,96,42,22,31,9.674
2速1耐1力1智1友,16775488382970343281,67886,US4,3337,2116,2200,1027,1856,8283,2700,6000,8250,3,1,7,11,12,0/1/2,5/8/9,15/17/18,9,15,14,0,3,2,1,0,0,0,39,47,49,1,5,0,22,24,24,17,21,13,10,10,1,148,143,85,38,25,19,8.680
2速1力1根1智1友,12812635565791071832,62093,UA8,3337,1060,2200,1668,1332,7951,2700,4200,7500,3,1,7,8,11,0/2/3,5/6/9,15/16/19,10,12,17,0,3,2,1,0,2,0,40,35,52,1,2,4,22,24,24,12,20,16,5,12,5,126,149,132,27,66,38,13.264
2速1力1根1智1友,8320987297425522515,64818,US1,3337,1160,2200,1440,1881,8140,2700,5400,6750,3,1,7,10,10,0/2/3,5/6/9,15/16/19,11,16,15,0,3,2,1,0,1,0,40,38,46,4,0,5,22,24,24,10,16,16,3,6,6,166,124,121,48,58,32,9.788
2速1力1根1智1友,9738526767599985254,64595,US1,3337,775,2200,1978,1638,8383,2700,6000,7500,3,1,7,11,11,0/2/3,5/6/9,15/16/19,11,17,15,0,2,3,1,0,0,0,39,44,47,0,2,1,22,24,24,8,21,15,1,10,4,121,142,133,40,53,33,8.815
2速1力1根1智1友,8356820234712210658,64475,US1,3337,1091,2200,1815,1474,8162,2250,5400,7500,3,1,6,10,11,0/2/3,5/6/9,15/16/19,7,16,15,0,3,2,1,0,0,0,39,46,47,7,5,0,22,24,24,12,15,16,6,5,5,147,158,101,41,47,32,12.304
2速1力1根1智1友,18044621808784604562,63698,US,3337,1108,2195,1353,1924,7994,2700,5400,7500,3,1,7,10,11,0/2/3,5/6/9,15/16/19,12,15,17,0,3,2,1,0,0,0,39,42,50,4,2,2,22,24,24,14,21,15,7,11,4,162,183,108,44,72,23,8.809
2速1力1根1智1友,17028817843979426203,62449,UA8,3337,987,2200,1620,1542,8049,2700,5400,7500,3,1,7,10,11,0/2/3,5/6/9,15/16/19,9,14,16,0,3,2,1,0,2,0,39,42,47,2,0,1,22,24,24,11,19,17,4,9,6,153,122,137,43,33,38,9.017
2速1力1根1智1友,14898260960194173848,63085,UA9,3337,1157,2200,1483,1686,7976,2250,6000,6750,3,1,6,11,10,0/2/3,5/6/9,15/16/19,10,16,14,0,3,2,1,0,1,0,39,42,41,4,0,0,22,24,24,11,13,12,5,2,2,153,107,89,50,47,29,18.215
2速1力1根1智1友,18115397903700826049,63819,US,3337,1126,2200,956,2064,8331,2700,5400,7500,3,1,7,10,11,0/2/3,5/6/9,15/16/19,10,15,16,0,3,2,1,0,0,1,40,47,46,1,3,0,22,24,24,13,19,13,6,9,2,136,155,93,34,45,26,10.797
2速1力1根1智1友,8388676875442984862,60642,UA6,3337,870,2045,1073,2143,7777,2700,6000,6750,3,1,7,11,10,0/2/3,5/6/9,15/16/19,10,17,13,0,3,2,1,0,0,0,40,42,48,0,0,7,22,24,24,12,17,16,5,6,6,155,138,130,40,47,16,14.685
2速1力1根1智1友,5477371205367301551,66570,US3,3337,975,2200,2200,1540,8120,2700,6000,7500,3,1,7,11,11,0/2/3,5/6/9,15/16/19,9,17,13,0,2,3,1,0,0,1,39,43,48,5,0,2,22,24,24,12,16,17,5,5,6,143,122,109,34,36,30,8.810
2速1力1根1智1友,1762820910784174971,61501,UA7,3337,889,2082,1585,1804,7769,2700,5400,6750,3,1,7,10,10,0/2/3,5/6/9,15/16/19,11,13,17,0,3,2,1,0,0,1,40,37,43,2,0,0,22,24,24,12,15,12,5,5,2,116,117,105,22,50,30,4.851
2速1力1根1智1友,18360942466363691363,68130,US4,3337,923,2200,1842,2108,8417,2250,6600,8250,3,1,6,12,12,0/2/3,5/6/9,15/16/19,9,16,18,0,3,2,1,0,0,0,40,47,51,6,0,0,22,24,24,13,18,16,7,6,4,155,124,115,34,36,28,13.184
3速1耐1智1友,5904023325640752546,68549,US4,3337,1937,1674,1270,2160,9136,2700,6000,8250,3,1,7,11,12,0/1/4,5/7/9,15/17/18,8,14,17,0,3,2,1,0,0,0,38,44,52,0,0,0,22,24,24,12,15,16,5,4,4,128,172,114,28,68,25,8.603
3速1耐1智1友,10755459465499101432,65071,US1,3337,1564,2052,1119,1789,8973,2700,6000,7500,3,1,7,11,11,0/1/4,5/7/9,15/17/18,11,15,14,0,3,2,1,0,0,0,40,44,48,1,0,0,22,24,24,12,16,14,5,5,3,125,111,139,34,37,44,9.295
3速1耐1智1友,1506707756196335883,64353,US1,3337,1921,1596,1367,1730,8656,2700,6000,7500,3,1,7,11,11,0/1/4,5/7/9,15/17/18,13,17,13,0,3,2,1,0,0,0,41,44,47,1,0,0,22,24,24,15,18,17,8,7,6,128,130,121,28,34,24,13.628
3速1耐1智1友,15194456813880386357,65016,US1,3337,1997,1605,1379,1655,8686,2700,4800,7500,3,1,7,9,11,0/1/4,5/7/9,15/17/18,13,14,13,0,3,2,1,0,0,1,42,36,48,2,2,0,22,24,24,12,15,17,5,6,6,117,176,144,32,81,35,10.340
3速1耐1智1友,3042519303233245530,66682,US3,3337,2067,2018,1406,1401,8913,3150,6000,7500,3,1,8,11,11,0/1/4,5/7/9,15/17/18,14,16,13,0,3,2,1,0,0,0,41,44,47,0,4,0,22,24,24,14,21,15,6,10,4,120,172,107,33,89,26,12.744
3速1耐1智1友,6462357498548083744,71235,US6,3337,2352,1997,1513,1540,9545,2700,6600,7500,3,1,7,12,11,0/1/4,5/7/9,15/17/18,12,17,15,0,3,2,1,0,0,0,42,45,47,3,0,0,22,24,24,15,20,14,8,8,3,154,151,106,40,38,25,8.394
3速1耐1智1友,1187609793993026611,60601,UA6,3337,1407,2030,1013,1544,8478,3150,4200,6750,3,1,8,8,10,0/1/4,5/7/9,15/17/18,9,15,11,0,3,2,1,0,2,0,41,44,44,0,8,1,22,24,24,14,21,14,6,13,4,122,192,108,26,96,24,7.914
3速1耐1智1友,14325682210796501953,62467,UA8,3337,1730,1882,1266,1422,8628,3150,5400,7500,3,1,8,10,11,0/1/4,5/7/9,15/17/18,12,12,14,0,3,2,1,0,0,0,42,43,48,1,2,0,22,24,24,17,17,19,9,7,8,143,160,127,45,54,30,8.386
3速1耐1智1友,14594813924138696434,65646,US2,3337,1912,1717,1407,1863,8612,2250,6000,7500,3,1,6,11,11,0/1/4,5/7/9,15/17/18,8,15,14,0,3,2,1,0,0,0,39,45,48,4,0,0,22,24,24,12,17,14,6,6,3,135,117,122,36,32,29,8.301
3速1耐1智1友,7358584429068494998,67961,US4,3337,1462,2169,1229,2041,9104,2700,6000,7500,3,1,7,11,11,0/1/4,5/7/9,15/17/18,9,15,13,0,3,2,1,0,0,0,38,46,47,1,1,0,22,24,24,14,19,17,7,8,6,117,149,105,34,41,29,9.127
3速1耐1智1友,17076535442360023308,66925,US3,3337,2164,1962,1447,1422,8792,2700,5400,8250,3,1,7,10,12,0/1/4,5/7/9,15/17/18,7,14,15,0,3,2,1,0,0,0,39,42,51,0,5,0,22,24,24,13,20,17,6,10,5,120,187,116,37,78,28,8.457
3速1耐1智1友,1923564741238301413,68452,US4,3337,1715,2095,1231,1969,9271,2700,5400,7500,3,1,7,10,11,0/1/4,5/7/9,15/17/18,6,15,15,0,3,2,1,0,0,0,38,37,49,1,0,1,22,24,24,11,16,15,4,6,4,118,119,120,25,47,34,9.000
3速1耐1智1友,12835704476676808501,64224,US1,3337,1307,1993,995,2161,8670,2700,6000,7500,3,1,7,11,11,0/1/4,5/7/9,15/17/18,11,16,13,0,3,2,1,0,1,0,41,41,48,2,0,1,22,24,24,14,15,15,7,4,4,120,118,129,38,27,31,13.768
3速1耐1智1友,11798155222727834660,70330,US6,3337,2314,2128,1476,1399,9254,3150,6000,7500,3,1,8,11,11,0/1/4,5/7/9,15/17/18,9,13,14,0,3,2,1,0,0,0,38,41,49,0,0,2,22,24,24,9,18,14,1,7,3,99,139,106,24,61,28,9.000
3速1耐1智1友,2451847435101929350,67776,US4,3337,2179,2028,1530,1321,9030,2700,5400,8250,3,1,7,10,12,0/1/4,5/7/9,15/17/18,6,14,14,0,3,2,1,0,0,0,39,41,49,5,0,0,22,24,24,17,20,16,10,10,4,137,155,97,27,57,21,8.650
3速1耐1智1友,2526943370576531411,66310,US2,3337,1914,1772,1340,1846,8948,3150,4800,8250,3,1,8,9,12,0/1/4,5/7/9,15/17/18,9,14,15,0,3,2,1,0,0,0,41,37,49,0,1,0,22,24,24,15,21,17,7,12,5,119,159,93,34,71,25,12.691
3速1耐1智1友,7710423051138652428,65666,US2,3337,1526,1927,1023,2147,8729,2700,4800,7500,3,1,7,9,11,0/1/4,5/7/9,15/17/18,10,13,15,0,3,2,1,0,2,0,42,40,50,3,1,4,22,24,24,15,20,16,8,11,5,128,132,129,20,41,30,8.863
3速1耐1智1友,2731057112873545631,70532,US6,3337,2400,2060,1438,1432,9131,2700,6000,8250,3,1,7,11,12,0/1/4,5/7/9,15/17/18,7,16,13,0,3,2,1,0,0,0,36,45,50,0,0,0,22,24,24,10,21,12,3,10,0,107,143,107,38,50,35,10.245
3速1耐1智1友,16593948453941865941,68832,US4,3337,1820,1700,1209,2445,8880,2700,6000,6750,3,1,7,11,10,0/1/4,5/7/9,15/17/18,10,18,16,0,2,3,1,0,0,3,39,47,49,0,4,5,22,24,24,14,13,19,7,2,9,109,170,137,31,65,40,14.263
3速1耐1智1友,861099690295976268,69250,US5,3337,1602,2062,977,2445,9054,3150,6000,7500,3,1,8,11,11,0/1/4,5/7/9,15/17/18,9,17,17,0,3,2,1,0,1,0,41,45,50,0,0,2,22,24,24,13,18,13,5,7,2,119,121,137,24,32,42,9.397
3速1耐1智1友,1553669340392755558,69343,US5,3337,2161,1934,1373,1908,8897,2700,6000,7500,3,1,7,11,11,0/1/4,5/7/9,15/17/18,9,13,15,0,3,2,1,0,0,0,40,45,50,0,1,2,22,24,24,14,19,16,7,8,5,96,149,135,23,63,26,14.339
3速1耐1智1友,15872049890352060576,63584,US,3337,1899,2200,1264,1044,8533,2250,6000,7500,3,1,6,11,11,0/1/4,5/7/9,15/17/18,7,13,12,0,3,2,1,0,0,0,39,45,47,4,4,0,22,24,24,15,20,15,9,9,4,152,189,108,49,66,18,10.025
3速1耐1智1友,16325085897007143659,68500,US4,3337,2400,1785,1384,1815,8556,2250,6000,7500,3,1,6,11,11,0/1/4,5/7/9,15/17/18,5,15,15,0,3,2,1,0,1,0,38,45,48,4,0,2,22,24,24,17,19,13,11,8,2,146,118,107,21,38,28,12.581
3速1耐1智1友,10444116651000095114,71679,US7,3337,2266,2018,1291,1944,9346,3150,6000,8250,3,1,8,11,12,0/1/4,5/7/9,15/17/18,10,14,16,0,3,2,1,0,1,0,40,44,52,0,0,0,22,24,24,11,17,15,3,6,3,106,112,98,14,36,22,8.606
3速1耐1智1友,13705532130916225843,73165,US8,3337,2279,2148,1535,1861,9387,2700,6000,7500,3,1,7,11,11,0/1/4,5/7/9,15/17/18,11,14,13,0,3,2,1,0,0,1,38,44,47,0,0,0,22,24,24,14,15,15,7,4,4,101,132,99,25,54,23,9.246
3速1耐1智1友,11975255687391228009,70002,US5,3337,2187,1871,1393,1895,9012,2700,5400,7500,3,1,7,10,11,0/1/4,5/7/9,15/17/18,10,16,15,0,3,2,1,0,2,0,40,42,50,0,4,3,22,24,24,14,21,15,7,11,4,118,159,105,30,50,24,8.942
3速1耐1智1友,17916382992471205856,66105,US2,3337,1635,2200,1162,1599,8987,3150,5400,7500,3,1,8,10,11,0/1/4,5/7/9,15/17/18,10,14,16,0,3,2,1,0,0,0,40,42,48,2,0,1,22,24,24,14,21,14,6,11,3,120,110,97,33,34,26,13.332
3速1耐1智1友,600779654907591972,71452,US6,3337,1921,2057,1272,2088,9553,3150,6000,8250,3,1,8,11,12,0/1/4,5/7/9,15/17/18,13,17,16,0,2,3,1,0,0,1,42,42,50,1,0,0,22,24,24,14,16,16,6,5,4,134,122,102,29,38,26,8.375
3速1耐1智1友,12704316509172310411,69179,US5,3337,1852,1927,1216,2171,9045,2250,5400,7500,3,1,6,10,11,0/1/4,5/7/9,15/17/18,9,16,14,0,3,2,1,0,0,0,39,40,48,5,0,0,22,24,24,15,17,17,9,7,6,145,103,109,39,32,21,8.053
3速1耐1智1友,13725096288674328490,61897,UA8,3337,1835,1772,1199,1426,8469,3150,5400,7500,3,1,8,10,11,0/1/4,5/7/9,15/17/18,11,12,11,0,3,2,1,0,1,2,41,43,47,1,3,0,22,24,24,18,19,15,10,9,4,146,163,105,65,63,18,8.218
3速1耐1智1友,8213639678231141273,70065,US5,3337,2090,2081,1480,1874,8825,2700,4800,7500,3,1,7,9,11,0/1/4,5/7/9,15/17/18,7,16,14,0,3,2,1,0,1,0,37,38,49,0,1,1,22,24,24,15,15,16,8,6,5,143,154,107,47,80,25,7.973
3速1耐1智1友,6468767326011614169,62609,UA9,3337,1509,2200,1021,1398,8723,3150,5400,7500,3,1,8,10,11,0/1/4,5/7/9,15/17/18,11,12,14,0,3,2,1,0,0,0,40,45,48,0,0,1,22,24,24,12,16,18,4,6,7,108,129,114,24,34,22,8.187
3速1耐1智1友,9856875060727738798,65964,US2,3337,2189,1865,1286,1506,8609,2250,6600,7500,3,1,6,12,11,0/1/4,5/7/9,15/17/18,7,16,14,0,3,2,1,0,0,0,34,45,47,0,0,0,22,24,24,12,20,16,6,8,5,137,124,89,45,29,22,8.160
3速1耐1智1友,7124022293012460040,69058,US5,3337,1801,2200,1140,1997,8998,2700,6000,7500,3,1,7,11,11,0/1/4,5/7/9,15/17/18,11,17,15,0,3,2,1,0,0,0,40,44,47,0,0,0,22,24,24,10,18,17,3,7,6,90,124,109,27,40,20,8.185
3速1耐1智1友,11902101898508699157,65091,US1,3337,2201,2128,1337,1032,8495,2250,5400,7500,3,1,6,10,11,0/1/4,5/7/9,15/17/18,11,12,14,0,3,2,1,0,1,0,39,43,47,4,0,0,22,24,24,15,19,15,9,9,4,126,151,88,37,54,18,8.085
3速1耐1智1友,703229159312935184,72971,US8,3337,2028,1965,1265,2391,9108,3150,6000,7500,3,1,8,11,11,0/1/4,5/7/9,15/17/18,12,16,16,0,3,2,1,0,0,0,42,45,50,0,0,2,22,24,24,9,19,17,1,8,6,124,130,114,50,33,31,8.173
3速1耐1智1友,14637002568209486709,69828,US5,3337,1655,2136,1130,2315,9111,2700,6000,7500,3,1,7,11,11,0/1/4,5/7/9,15/17/18,9,15,16,0,3,2,1,0,0,0,41,43,50,1,0,2,22,24,24,14,19,18,7,8,7,146,149,138,43,60,28,8.194
3速1耐1智1友,2127677932118136654,69905,US5,3337,2078,2200,1207,1850,8954,3150,6000,7500,3,1,8,11,11,0/1/4,5/7/9,15/17/18,12,14,14,0,3,2,1,0,1,0,41,43,48,1,3,0,22,24,24,14,19,13,6,8,2,126,152,96,34,53,25,8.272
3速1耐1智1友,2349431777377752618,67280,US3,3337,2109,1666,1301,1915,9081,2700,6000,8250,3,1,7,11,12,0/1/4,5/7/9,15/17/18,9,14,14,0,3,2,1,0,0,0,38,43,51,0,0,0,22,24,24,14,19,17,7,8,5,127,130,98,34,36,29,8.432
3速1耐1智1友,9011731255848743356,67026,US3,3337,2222,2088,1376,1290,8639,3150,6000,7500,3,1,8,11,11,0/1/4,5/7/9,15/17/18,12,15,13,0,3,2,1,0,0,0,39,44,48,0,2,0,22,24,24,9,15,15,1,4,4,105,169,118,37,69,28,8.056
3速1耐1智1友,14169669254477890,72054,US7,3337,2400,1963,1422,1753,8934,2700,6000,7500,3,1,7,11,11,0/1/4,5/7/9,15/17/18,7,16,13,0,3,2,1,0,0,0,38,44,46,0,0,0,22,24,24,12,22,12,5,11,1,101,130,104,20,48,31,8.178
3速1耐1智1友,6899533640800588162,65300,US2,3337,2028,1766,1229,1656,8481,3150,4800,7500,3,1,8,9,11,0/1/4,5/7/9,15/17/18,11,13,15,0,3,2,1,0,0,0,42,37,48,0,0,2,22,24,24,12,18,12,4,9,1,104,121,106,26,44,23,7.897
3速1耐1智1友,3707961864813148488,68925,US4,3337,2205,1857,1299,1788,8840,2700,5400,7500,3,1,7,10,11,0/1/4,5/7/9,15/17/18,12,16,15,0,3,2,1,0,2,0,38,41,47,0,0,0,22,24,24,11,18,16,4,8,5,96,124,113,21,50,24,8.110
3速1耐1智1友,17334475899246298897,59098,UA4,3337,1250,1831,946,1842,7975,2700,4200,7500,3,1,7,8,11,0/1/4,5/7/9,15/17/18,10,13,12,0,3,2,1,0,1,1,38,39,48,0,5,1,22,24,24,15,24,21,8,16,10,122,195,147,28,118,26,8.123
3速1耐1智1友,14061714498085989326,67955,US4,3337,2400,1729,1476,1541,8633,2700,6000,7500,3,1,7,11,11,0/1/4,5/7/9,15/17/18,12,16,14,0,3,2,1,0,0,1,41,45,47,1,0,0,22,24,24,10,17,16,3,6,5,115,155,102,30,49,28,8.304
3速1耐1智1友,16615167119112576934,68730,US4,3337,2130,2150,1287,1504,8667,2700,5400,7500,3,1,7,10,11,0/1/4,5/7/9,15/17/18,8,16,14,0,3,2,1,0,0,0,37,38,49,0,1,2,22,24,24,13,16,14,6,6,3,119,168,112,26,77,29,8.102
3速1耐1智1友,6522464167249869792,70493,US6,3337,2074,1940,1204,2143,8992,2700,6000,8250,3,1,7,11,12,0/1/4,5/7/9,15/17/18,9,18,14,0,2,3,1,0,0,0,39,44,50,0,0,0,22,24,24,13,19,15,6,8,3,114,153,107,32,58,27,8.182
3速1耐1智1友,7691151460082948657,69164,US5,3337,2046,2146,1367,1565,8921,2700,6000,7500,3,1,7,11,11,0/1/4,5/7/9,15/17/18,8,14,15,0,3,2,1,0,0,0,38,46,48,2,0,0,22,24,24,16,21,16,9,10,5,142,152,130,46,49,27,8.324
3速1耐1智1友,1546016464683541750,67014,US3,3337,2104,2109,1500,1125,8918,2700,5400,7500,3,1,7,10,11,0/1/4,5/7/9,15/17/18,9,13,14,0,3,2,1,0,1,0,40,43,48,1,0,0,22,24,24,18,20,16,11,10,5,145,136,110,45,42,18,8.170
3速1耐1智1友,3561403191234362777,65693,US2,3337,2184,1909,1395,1307,8479,2700,4200,7500,3,1,7,8,11,0/1/4,5/7/9,15/17/18,10,14,12,0,3,2,1,0,0,0,40,37,46,0,3,0,22,24,24,11,14,15,4,6,4,131,156,101,39,77,21,7.879
3速1耐1智1友,17611376949826580918,65367,US2,3337,2146,1753,1427,1570,8600,3150,5400,7500,3,1,8,10,11,0/1/4,5/7/9,15/17/18,12,14,15,0,3,2,1,0,1,1,41,36,50,0,0,2,22,24,24,10,17,17,2,7,6,117,136,117,37,64,19,9.147
3速1耐1智1友,15980353932080400034,65525,US2,3337,1692,2200,1117,1581,8775,2700,4800,7500,3,1,7,9,11,0/1/4,5/7/9,15/17/18,11,15,13,0,3,2,1,0,3,0,41,37,48,1,0,1,22,24,24,14,18,16,7,9,5,143,127,108,37,33,26,8.498
3速1耐1智1友,260791480988105356,68135,US4,3337,2123,1913,1450,1652,8961,3150,5400,8250,3,1,8,10,12,0/1/4,5/7/9,15/17/18,9,16,14,0,3,2,1,0,0,0,40,38,51,0,2,0,22,24,24,11,19,17,3,9,5,114,151,95,25,75,24,8.198
3速1耐1智1友,7997470726489244595,67477,US3,3337,2051,1706,1382,1957,8780,3150,6000,7500,3,1,8,11,11,0/1/4,5/7/9,15/17/18,10,13,14,0,3,2,1,0,0,0,41,42,49,1,0,1,22,24,24,13,18,15,5,7,4,126,125,111,33,34,32,8.266
3速1耐1智1友,18158974853241172080,65358,US2,3337,1841,1813,1293,1852,8763,2700,5400,7500,3,1,7,10,11,0/1/4,5/7/9,15/17/18,9,16,14,0,3,2,1,0,1,0,40,41,49,0,2,1,22,24,24,13,22,18,6,12,7,103,166,123,24,90,23,8.166
3速1耐1智1友,1008199640710233911,69709,US5,3337,1883,1811,1352,2332,9005,2700,6000,8250,3,1,7,11,12,0/1/4,5/7/9,15/17/18,12,17,15,0,3,2,1,0,0,0,40,41,49,3,0,0,22,24,24,13,16,14,6,5,2,135,111,93,48,29,22,8.254
3速1耐1智1友,1980947910435634632,68394,US4,3337,1694,2200,1013,2083,9029,2700,6000,7500,3,1,7,11,11,0/1/4,5/7/9,15/17/18,12,18,14,0,3,2,1,0,2,1,42,45,48,3,0,1,22,24,24,10,16,18,3,5,7,143,108,129,59,30,37,8.250
3速1耐1智1友,8708598091029202052,67676,US3,3337,2094,2126,1285,1565,8651,2700,5400,7500,3,1,7,10,11,0/1/4,5/7/9,15/17/18,11,12,15,0,3,2,1,0,0,0,40,42,50,0,2,2,22,24,24,11,19,15,4,9,4,133,164,132,54,62,26,8.037
3速1耐1智1友,9688768239204667805,70004,US5,3337,2400,2200,1353,1302,8839,3150,6000,7500,3,1,8,11,11,0/1/4,5/7/9,15/17/18,11,16,15,0,3,2,1,0,0,0,42,45,48,0,2,2,22,24,24,13,17,16,5,6,5,128,173,108,38,48,24,8.235
3速1耐1智1友,9023331420731510098,66561,US3,3337,1891,2200,1063,1648,8889,2700,5400,8250,3,1,7,10,12,0/1/4,5/7/9,15/17/18,8,13,15,0,2,3,1,0,0,0,40,45,48,1,1,0,22,24,24,13,15,16,6,5,4,124,136,103,28,33,25,8.208
3速1耐1智1友,8477636888280475944,68467,US4,3337,1954,2200,1239,1832,8672,2700,6000,7500,3,1,7,11,11,0/1/4,5/7/9,15/17/18,8,15,14,0,3,2,1,0,0,0,40,45,48,2,0,0,22,24,24,13,17,15,6,6,4,142,127,118,42,27,24,8.139
3速1耐1智1友,17147433360234268939,66268,US2,3337,1933,2200,1146,1528,8863,2700,4800,7500,3,1,7,9,11,0/1/4,5/7/9,15/17/18,10,18,12,0,2,3,1,0,0,1,40,39,47,0,1,0,22,24,24,16,12,15,9,3,4,120,151,95,30,74,20,7.965
3速1耐1智1友,15909481024343495812,67746,US4,3337,2159,1836,1286,1868,8683,2250,4200,8250,3,1,6,8,12,0/1/4,5/7/9,15/17/18,8,16,17,0,3,2,1,0,1,0,36,38,50,4,2,0,22,24,24,13,17,15,7,9,3,152,152,113,48,71,29,7.969
3速1耐1智1友,177513066775969174,66571,US3,3337,1835,1943,1156,1994,8621,2700,6000,7500,3,1,7,11,11,0/1/4,5/7/9,15/17/18,9,17,13,0,3,2,1,0,0,0,40,41,49,1,0,1,22,24,24,15,19,16,8,8,5,126,155,117,25,53,25,8.203
3速1耐1智1友,6607774463499605988,65078,US1,3337,2015,1804,1463,1509,8525,3150,6000,7500,3,1,8,11,11,0/1/4,5/7/9,15/17/18,11,13,12,0,3,2,1,0,0,0,40,43,47,0,0,0,22,24,24,13,19,14,5,8,3,115,133,106,22,36,19,8.048
3速1耐1智1友,16577779968368728720,64124,US,3337,1819,1901,1275,1631,8353,2700,5400,7500,3,1,7,10,11,0/1/4,5/7/9,15/17/18,9,15,13,0,3,2,1,0,0,0,37,42,49,0,3,2,22,24,24,15,14,16,8,4,5,112,167,116,27,87,25,8.197
3速1耐1智1友,14439378746892306508,68043,US4,3337,1797,2198,1256,1767,8913,2700,5400,8250,3,1,7,10,12,0/1/4,5/7/9,15/17/18,7,15,14,0,3,2,1,0,0,0,37,46,49,0,4,0,22,24,24,10,23,15,3,13,3,101,189,108,33,106,33,8.359
3速1耐1智1友,12383352736252688980,61893,UA8,3337,1725,2003,1143,1357,8187,3150,4800,7500,3,1,8,9,11,0/1/4,5/7/9,15/17/18,11,14,11,0,3,2,1,0,1,1,41,40,48,0,1,1,22,24,24,14,20,13,6,11,2,127,157,117,43,61,37,8.217
3速1耐1智1友,14447340942402381749,70023,US5,3337,1991,2041,1500,1969,9000,3150,6000,7500,3,1,8,11,11,0/1/4,5/7/9,15/17/18,11,15,15,0,3,2,1,0,0,0,40,45,47,0,0,0,22,24,24,11,19,19,3,8,8,100,151,100,23,69,28,8.341
3速1耐1智1友,2640894871500413293,62325,UA8,3337,1863,2104,1314,1098,8092,2700,5400,6750,3,1,7,10,10,0/1/4,5/7/9,15/17/18,9,11,13,0,3,2,1,0,0,1,41,41,46,1,0,0,22,24,24,12,20,19,5,10,9,132,130,126,40,49,26,8.158
3速1耐1智1友,3579454781091310853,66255,US2,3337,1802,2200,1187,1672,8829,3150,4200,7500,3,1,8,8,11,0/1/4,5/7/9,15/17/18,12,13,16,0,3,2,1,0,2,0,41,39,51,0,5,2,22,24,24,11,22,17,3,14,6,101,192,132,25,81,36,8.037
3速1耐1智1友,10329034702810096197,65199,US2,3337,1937,2009,1371,1421,8500,2700,6000,7500,3,1,7,11,11,0/1/4,5/7/9,15/17/18,11,13,14,0,3,2,1,0,0,0,41,43,49,2,0,0,22,24,24,15,16,15,8,5,4,132,116,114,43,38,27,8.356
3速1耐1智1友,12911847634598383605,69081,US5,3337,1857,2179,1142,2158,8659,2700,5400,7500,3,1,7,10,11,0/1/4,5/7/9,15/17/18,9,15,14,0,3,2,1,0,0,0,40,46,49,1,1,1,22,24,24,15,16,14,8,6,3,138,145,95,41,49,20,8.056
3速1耐1智1友,5748285094787274235,69389,US5,3337,2222,1926,1375,1786,8827,3150,6600,7500,3,1,8,12,11,0/1/4,5/7/9,15/17/18,12,14,13,0,3,2,1,0,0,0,41,44,46,0,2,0,22,24,24,9,23,14,1,11,3,95,168,97,28,71,23,12.277
3速1耐1智1友,17386237297798221300,64513,US1,3337,1690,2178,1025,1753,8315,2700,6000,7500,3,1,7,11,11,0/1/4,5/7/9,15/17/18,10,14,15,0,3,2,1,0,0,0,40,44,49,3,0,1,22,24,24,12,19,15,5,8,4,129,138,120,39,33,32,8.129
3速1耐1智1友,8155684950244713937,70942,US6,3337,2066,2200,1267,1920,9151,2700,6000,8250,3,1,7,11,12,0/1/4,5/7/9,15/17/18,8,16,17,0,3,2,1,0,1,0,37,44,52,0,3,1,22,24,24,12,17,17,5,6,5,115,171,128,20,74,27,8.440
3速1耐1智1友,2275788512803839314,70794,US6,3337,2400,2200,1354,1382,9153,2700,5400,8250,3,1,7,10,12,0/1/4,5/7/9,15/17/18,10,14,15,0,3,2,1,0,0,0,41,43,51,1,5,0,22,24,24,10,20,15,3,10,3,124,167,125,37,61,36,8.235
3速1耐1智1友,14080839981187555402,63750,US,3337,1459,2200,967,1803,8500,3150,4200,7500,3,1,8,8,11,0/1/4,5/7/9,15/17/18,11,13,14,0,3,2,1,0,0,0,41,32,48,1,0,1,22,24,24,13,21,16,5,13,5,102,118,113,22,49,26,8.105
3速1耐1智1友,574557752116893426,62944,UA9,3337,2172,1823,1304,1243,7920,2700,4800,6750,3,1,7,9,10,0/1/4,5/7/9,15/17/18,9,15,12,0,3,2,1,0,1,3,38,37,46,2,1,1,22,24,24,14,23,15,7,14,5,123,151,116,42,54,26,8.042
3速1耐1智1友,16467984185792073398,67222,US3,3337,2080,2200,1201,1418,8742,2700,5400,7500,3,1,7,10,11,0/1/4,5/7/9,15/17/18,12,15,13,0,3,2,1,0,0,1,42,43,48,3,4,0,22,24,24,16,17,18,9,7,7,138,163,132,49,63,42,8.169
3速1耐1智1友,16982030878905881736,75418,US9,3337,2400,2200,1523,1938,9360,3150,5400,8250,3,1,8,10,12,0/1/4,5/7/9,15/17/18,10,16,16,0,3,2,1,0,2,0,41,41,49,1,3,0,22,24,24,13,19,15,5,9,3,126,132,99,34,36,25,8.297
3速1耐1智1友,7282711128866967649,74628,US9,3337,1989,2200,1425,2216,9616,2700,6000,9000,3,1,7,11,13,0/1/4,5/7/9,15/17/18,10,16,15,0,2,3,1,0,0,0,40,46,50,0,1,0,22,24,24,11,18,16,4,7,3,113,164,92,30,62,27,8.471
3速1耐1智1友,6834670311971908783,73075,US8,3337,2238,2088,1624,1841,9045,2700,5400,7500,3,1,7,10,11,0/1/4,5/7/9,15/17/18,9,16,13,0,2,3,1,0,0,0,41,39,47,1,1,0,22,24,24,13,18,15,6,8,4,129,144,105,43,54,16,8.117
3速1耐1智1友,7913849479927525563,69477,US5,3337,1891,2012,1266,2127,9043,2700,6000,8250,3,1,7,11,12,0/1/4,5/7/9,15/17/18,11,16,15,0,3,2,1,0,1,0,41,42,52,1,0,0,22,24,24,12,18,17,5,7,5,132,140,109,40,48,25,8.416
3速1耐1智1友,924390896794921475,70053,US5,3337,2137,2200,1519,1599,9001,3150,6000,8250,3,1,8,11,12,0/1/4,5/7/9,15/17/18,9,17,15,0,3,2,1,0,0,0,39,43,49,0,0,0,22,24,24,14,17,16,6,6,4,119,123,95,28,32,27,8.920
3速1耐1智1友,5066186333154367518,68715,US4,3337,1896,2105,1285,1940,8778,2700,6600,7500,3,1,7,12,11,0/1/4,5/7/9,15/17/18,9,15,15,0,3,2,1,0,0,0,41,45,47,1,1,0,22,24,24,11,20,15,4,8,4,112,123,117,38,46,27,8.635
3速1耐1智1友,11861794121403620072,67144,US3,3337,1746,2087,1279,1864,8566,3150,6000,7500,3,1,8,11,11,0/1/4,5/7/9,15/17/18,10,14,15,0,3,2,1,0,0,2,39,44,50,0,0,1,22,24,24,17,19,15,9,8,4,122,153,105,25,49,25,8.472
3速1耐1智1友,6289482774315914117,64186,US,3337,1881,1870,1180,1717,8350,2700,6000,6750,3,1,7,11,10,0/1/4,5/7/9,15/17/18,11,14,12,0,3,2,1,0,1,0,42,41,47,2,0,2,22,24,24,12,23,18,5,12,8,137,139,122,41,61,37,8.283
2速2耐1智1友,995924378785034477,63811,US,3337,2069,1492,1357,1632,8286,3150,4800,6750,3,1,8,9,10,0/1/4,5/7/9,15/17/19,9,17,13,0,3,2,1,0,0,1,40,37,47,0,1,3,22,24,24,12,15,15,4,6,5,111,158,117,28,74,25,8.046
2速2耐1智1友,4317211698122645942,68485,US4,3337,2277,1403,1577,1896,8717,2700,6000,7500,3,1,7,11,11,0/1/4,5/7/9,15/17/19,10,13,16,0,3,2,1,0,0,0,41,42,50,1,0,2,22,24,24,13,17,17,6,6,6,138,150,146,35,44,45,8.356
2速2耐1智1友,14012247742405150641,64988,US1,3337,1885,1329,1415,2081,8495,2250,6000,6750,3,1,6,11,10,0/1/4,5/7/9,15/17/19,12,17,12,0,3,2,1,0,1,0,40,44,47,5,0,1,22,24,24,16,19,20,10,8,10,149,128,135,53,33,33,8.198
2速2耐1智1友,7234115080376996674,71220,US6,3337,2348,1278,1721,2185,8843,3150,6000,7500,3,1,8,11,11,0/1/4,5/7/9,15/17/19,12,16,15,0,3,2,1,0,0,0,40,45,47,0,0,0,22,24,24,16,19,14,8,8,3,136,138,122,43,47,32,8.437
2速2耐1智1友,14139184863453212282,66210,US2,3060,2323,1262,1611,2184,8286,2250,4200,6750,3,1,6,8,10,0/1/4,5/7/9,15/17/19,9,17,14,0,3,2,1,0,2,0,39,38,47,4,3,3,22,24,24,15,15,15,9,7,5,142,142,115,33,66,27,8.411
2速2耐1智1友,17841320878803781641,68915,US4,3337,2400,1474,1722,1824,8442,3150,5400,6750,3,1,8,10,10,0/1/4,5/7/9,15/17/19,10,16,13,0,3,2,1,0,0,0,40,41,46,0,0,3,22,24,24,11,16,12,3,6,2,94,139,106,20,64,24,12.795
2速2耐1智1友,8509689269844707868,67930,US4,3310,2400,1517,1742,1641,8320,2700,6000,6750,3,1,7,11,10,0/1/4,5/7/9,15/17/19,14,15,15,0,3,2,1,0,0,0,44,45,47,4,2,4,22,24,24,13,18,13,6,7,3,145,147,102,46,42,26,8.197
2速2耐1智1友,663638177909959132,68350,US4,3173,2400,1275,1693,2156,8481,2700,6000,7500,3,1,7,11,11,0/1/4,5/7/9,15/17/19,10,15,16,0,3,2,1,0,0,0,38,40,49,0,0,1,22,24,24,11,16,17,4,5,6,119,116,124,36,34,28,8.248
2速2耐1智1友,426316577881005937,69374,US5,3164,2307,1361,1674,2234,8912,3150,5400,7500,3,1,8,10,11,0/1/4,5/7/9,15/17/19,13,15,15,0,3,2,1,0,0,0,42,47,47,0,3,1,22,24,24,14,13,15,6,3,4,122,164,111,30,66,26,8.232
2速2耐1智1友,1095745205477133322,69849,US5,3337,2400,1579,1813,1575,9057,3150,4800,7500,3,1,8,9,11,0/1/4,5/7/9,15/17/19,9,16,14,0,3,2,1,0,2,0,42,35,47,1,1,0,22,24,24,15,15,19,7,6,8,136,134,124,25,44,25,8.300
2速2耐1智1友,1940848837190130903,68570,US4,3337,2101,1595,1507,2020,8803,2700,5400,8250,3,1,7,10,12,0/1/4,5/7/9,15/17/19,9,16,16,0,3,2,1,0,1,0,37,42,48,0,3,0,22,24,24,11,16,18,4,6,6,101,141,106,37,50,27,8.349
2速2耐1智1友,6362831941499517007,71743,US7,3267,2400,1358,1810,2048,8962,3150,6000,6750,3,1,8,11,10,0/1/4,5/7/9,15/17/19,13,18,14,0,3,2,1,0,0,0,42,46,49,0,2,8,22,24,24,16,19,17,8,8,7,136,159,166,34,45,50,8.407
2速2耐1智1友,8013945052767978809,71075,US6,3337,2400,1727,1781,1719,8999,3150,5400,7500,3,1,8,10,11,0/1/4,5/7/9,15/17/19,10,15,14,0,3,2,1,0,0,0,41,43,48,0,2,0,22,24,24,12,15,17,4,5,6,123,138,132,31,41,30,8.179
2速2耐1智1友,2287301426314388147,65892,US2,3291,2251,1585,1517,1659,8199,2250,4800,7500,3,1,6,9,11,0/1/4,5/7/9,15/17/19,11,11,15,0,3,2,1,0,0,0,39,32,48,4,0,0,22,24,24,12,13,16,6,4,5,128,96,128,35,37,29,7.905
2速2耐1智1友,6223245599253966315,67711,US4,3079,2400,1284,1632,2172,8555,3150,6000,6750,3,1,8,11,10,0/1/4,5/7/9,15/17/19,13,17,12,0,3,2,1,0,0,2,42,41,45,0,1,1,22,24,24,10,16,14,2,5,4,131,111,122,49,30,31,8.071
2速2耐1智1友,11102436591287965157,68199,US4,3261,2400,1480,1561,1890,8502,2700,6000,6750,3,1,7,11,10,0/1/4,5/7/9,15/17/19,10,16,14,0,3,2,1,0,0,0,41,45,47,2,2,4,22,24,24,18,14,14,11,3,4,132,149,144,28,46,43,8.145
2速2耐1智1友,3963863883729139860,70237,US5,3337,2400,1967,1704,1305,8844,2700,6000,6750,3,1,7,11,10,0/1/4,5/7/9,15/17/19,10,16,13,0,3,2,1,0,0,0,39,41,47,1,0,4,22,24,24,14,18,15,7,7,5,124,120,131,28,55,38,8.160
2速2耐1智1友,7604555217766565212,66913,US3,3132,2400,1680,1670,1616,8366,2700,5400,7500,3,1,7,10,11,0/1/4,5/7/9,15/17/19,8,14,11,0,3,2,1,0,1,0,39,38,48,0,0,1,22,24,24,12,18,17,5,8,6,106,130,136,25,43,32,8.108
2速2耐1智1友,8559396150668096136,65054,US1,3138,2400,1394,1715,1659,8105,2700,4800,6750,3,1,7,9,10,0/1/4,5/7/9,15/17/19,9,16,15,0,2,3,1,0,1,0,38,39,47,0,0,5,22,24,24,15,13,18,8,4,8,122,136,126,41,64,29,7.850
2速2耐1智1友,16901565871297198297,68449,US4,3337,2143,1503,1550,2073,8708,2700,6000,7500,3,1,7,11,11,0/1/4,5/7/9,15/17/19,8,16,15,0,3,2,1,0,0,0,39,45,49,2,4,0,22,24,24,12,18,16,5,7,5,126,157,114,23,42,33,8.300
2速1耐1力1智1友,9718866191251768087,65189,US2,3337,1966,2000,1091,1591,8660,2700,6000,7500,3,1,7,11,11,0/1/2,5/8/9,15/17/18,8,17,14,0,3,2,1,0,0,1,37,44,47,0,0,0,22,24,24,15,20,20,8,9,9,118,123,133,22,34,39,8.283
2速1耐1力1智1友,3864142172102120840,69162,US5,3266,2235,2200,990,1979,8836,3150,5400,7500,3,1,8,10,11,0/1/2,5/8/9,15/17/18,10,15,15,0,3,2,1,0,2,0,40,41,49,0,0,0,22,24,24,9,24,15,1,14,4,89,182,111,24,86,33,8.266
2速1耐1力1智1友,13951813953470055368,68495,US4,3280,2393,2200,998,1566,8878,2700,6000,7500,3,1,7,11,11,0/1/2,5/8/9,15/17/18,8,16,14,0,2,3,1,0,0,0,39,44,47,3,0,3,22,24,24,15,18,19,8,7,8,130,139,122,31,52,30,12.377
2速1耐1力1智1友,9393244708715693248,67541,US3,3337,1995,2062,972,1973,8834,2700,6000,7500,3,1,7,11,11,0/1/2,5/8/9,15/17/18,9,17,15,0,3,2,1,0,0,0,40,41,49,0,0,2,22,24,24,14,21,14,7,10,3,127,153,96,24,39,26,8.233
2速1耐1力1智1友,15162200999372643029,73923,US8,3337,2375,1988,1250,2157,9454,2700,6000,8250,3,1,7,11,12,0/1/2,5/8/9,15/17/18,12,17,15,0,3,2,1,0,1,0,42,49,50,3,1,0,22,24,24,16,20,15,9,9,3,145,160,109,33,61,37,8.450
2速1耐1力1智1友,14188889282536529037,74105,US8,3337,2381,2048,1091,2205,9457,3150,6600,7500,3,1,8,12,11,0/1/2,5/8/9,15/17/18,11,18,16,0,2,3,1,0,0,1,41,48,50,0,0,2,22,24,24,15,17,17,7,5,6,120,105,137,26,29,42,8.454
2速1耐1力1智1友,983328654100906164,66651,US3,3198,1984,2200,887,1972,8843,3150,6000,7500,3,1,8,11,11,0/1/2,5/8/9,15/17/18,11,15,15,0,3,2,1,0,1,1,41,47,49,1,0,2,22,24,24,14,19,14,6,8,3,128,123,120,27,50,40,8.330
2速1耐1力1智1友,11714641265092805328,62298,UA8,3151,1952,1876,1052,1671,8584,2700,4800,7500,3,1,7,9,11,0/1/2,5/8/9,15/17/18,9,13,14,0,3,2,1,0,2,1,39,37,48,1,0,0,22,24,24,15,16,17,8,7,6,137,101,102,40,40,22,7.955
2速1耐1力1智1友,13645709472161054642,66710,US3,3313,2004,2200,900,1811,8677,3150,5400,7500,3,1,8,10,11,0/1/2,5/8/9,15/17/18,10,16,15,0,3,2,1,0,2,0,42,44,47,0,0,0,22,24,24,15,18,15,7,8,4,115,120,98,23,32,24,8.150
2速1耐1力1智1友,3800115402796238286,65977,US2,3337,2109,2200,1032,1437,8639,2250,5400,7500,3,1,6,10,11,0/1/2,5/8/9,15/17/18,7,16,14,0,3,2,1,0,0,0,37,43,48,2,0,1,22,24,24,12,20,14,6,10,3,138,125,110,51,47,26,7.976
2速1耐1力1智1友,7673452089272742192,67560,US3,3336,1981,2200,888,1842,8759,2700,5400,7500,3,1,7,10,11,0/1/2,5/8/9,15/17/18,8,16,15,0,3,2,1,0,0,0,38,41,50,0,0,1,22,24,24,12,18,18,5,8,7,140,124,128,53,62,41,8.533
2速1耐1力1智1友,720099918847706056,65038,US1,3194,2400,2200,939,1198,8689,3150,6000,6750,3,1,8,11,10,0/1/2,5/8/9,15/17/18,13,15,13,0,3,2,1,0,0,2,40,46,47,0,0,1,22,24,24,11,18,17,3,7,7,91,132,142,20,59,40,8.277
2速1耐1力1智1友,11686881502314061069,68120,US4,3337,2294,2200,1194,1253,8906,3150,6000,8250,3,1,8,11,12,0/1/2,5/8/9,15/17/18,11,15,14,0,3,2,1,0,0,0,40,45,49,1,2,0,22,24,24,14,20,15,6,9,3,112,138,84,20,47,20,8.518
2速1耐1力1智1友,18265322826561191352,64794,US1,3337,1854,1955,1165,1677,8523,2250,6000,7500,3,1,6,11,11,0/1/2,5/8/9,15/17/18,11,14,14,0,3,2,1,0,0,0,36,41,49,2,0,1,22,24,24,14,21,14,8,10,3,138,133,121,47,67,35,8.188
2速1耐1力1智1友,159712680901918922,65703,US2,3023,2205,1772,1411,1901,8630,2700,6000,7500,3,1,7,11,11,0/1/2,5/8/9,15/17/18,11,17,12,0,3,2,1,0,0,0,40,43,48,2,0,2,22,24,24,14,16,16,7,5,5,124,92,100,30,26,19,12.278
2速1耐1力1智1友,16275477218599471103,69037,US5,3337,1931,2174,1045,2014,8812,2700,4800,7500,3,1,7,9,11,0/1/2,5/8/9,15/17/18,10,16,14,0,2,3,1,0,1,0,41,37,47,1,0,0,22,24,24,15,15,17,8,6,6,125,99,109,30,25,31,8.062
2速1耐1力1智1友,13201260300900827671,61955,UA8,2990,1736,2082,981,1947,8390,2700,6000,7500,3,1,7,11,11,0/1/2,5/8/9,15/17/18,8,16,12,0,1,4,1,0,0,1,37,46,46,1,1,0,22,24,24,15,17,19,8,6,8,134,133,105,44,24,20,8.194
2速1耐1力1智1友,15985597697865567170,63802,US,3131,1878,2049,1079,1891,8450,2700,4800,7500,3,1,7,9,11,0/1/2,5/8/9,15/17/18,10,14,15,0,3,2,1,0,2,0,41,44,49,4,2,2,22,24,24,18,20,18,11,11,7,162,163,122,56,79,29,8.125
2速1耐1力1智1友,10738030841186642072,61730,UA8,2853,2026,1927,1162,1900,8153,2700,5400,6750,3,1,7,10,10,0/1/2,5/8/9,15/17/18,10,14,14,0,3,2,1,0,0,0,39,47,46,0,1,3,22,24,24,16,21,14,9,11,4,117,117,126,32,28,37,8.128
2速1耐1力1智1友,5496591468990982574,66749,US3,3337,2072,2200,1239,1285,8972,2250,5400,7500,3,1,6,10,11,0/1/2,5/8/9,15/17/18,6,15,16,0,3,2,1,0,1,0,37,40,48,3,0,0,22,24,24,13,16,16,7,6,5,153,103,120,54,24,27,8.170
2速1耐1力1智1友,365144633266084763,67529,US3,3249,1882,2082,1036,2126,8639,2700,6600,7500,3,1,7,12,11,0/1/2,5/8/9,15/17/18,10,18,14,0,3,2,1,0,1,0,41,47,49,3,0,1,22,24,24,14,16,14,7,4,3,137,116,124,30,44,28,8.230
2速1耐1力1智1友,7111153621649798814,71915,US7,3337,2400,2200,1196,1630,9153,2700,6600,8250,3,1,7,12,12,0/1/2,5/8/9,15/17/18,11,17,15,0,3,2,1,0,0,0,42,46,50,3,0,0,22,24,24,17,15,15,10,3,3,145,104,103,44,26,23,8.392
2速1耐1力1智1友,11507772792345128765,65813,US2,3181,2009,2200,961,1879,8507,2250,6600,7500,3,1,6,12,11,0/1/2,5/8/9,15/17/18,10,17,15,0,3,2,1,0,0,1,39,47,49,4,0,1,22,24,24,16,18,18,10,6,7,142,104,127,30,23,32,8.360
2速1耐1力1智1友,15172695933182495951,65081,US1,3223,1895,2200,969,1809,8524,2700,6000,7500,3,1,7,11,11,0/1/2,5/8/9,15/17/18,9,14,16,0,3,2,1,0,1,1,40,44,50,0,0,0,22,24,24,15,20,16,8,9,5,128,122,126,33,42,37,8.290
2速1耐1力1智1友,17437833442066580071,67181,US3,3337,1973,1966,1146,1872,8774,2700,6000,8250,3,1,7,11,12,0/1/2,5/8/9,15/17/18,9,15,16,0,3,2,1,0,2,0,39,46,50,3,0,0,22,24,24,16,21,17,9,10,5,151,118,115,39,19,28,14.079
2速1耐1力1智1友,1968865227760146318,63875,US,3337,1632,2197,858,1748,8367,2250,5400,7500,3,1,6,10,11,0/1/2,5/8/9,15/17/18,10,15,14,0,3,2,1,0,0,2,39,44,49,5,0,1,22,24,24,13,19,17,7,9,6,121,154,142,26,69,46,9.253
2速1耐1力1智1友,9189358865534427084,62461,UA8,2931,2240,2200,1045,1474,8350,3150,5400,6750,3,1,8,10,10,0/1/2,5/8/9,15/17/18,13,16,13,0,3,2,1,0,0,1,42,38,47,0,1,1,22,24,24,16,14,18,8,4,8,123,100,118,22,29,28,14.206
2速1耐1力1智1友,6827715210165220544,63527,US,2979,2233,2200,1026,1478,8627,2700,6000,7500,3,1,7,11,11,0/1/2,5/8/9,15/17/18,7,16,14,0,3,2,1,0,0,1,38,43,47,1,0,0,22,24,24,13,19,17,6,8,6,106,109,101,21,39,26,10.904
2速1耐1力1智1友,17768025757475546462,66325,US2,3337,2108,2200,996,1505,8638,2700,6000,7500,3,1,7,11,11,0/1/2,5/8/9,15/17/18,10,16,14,0,3,2,1,0,0,0,40,46,47,6,1,0,22,24,24,12,21,14,5,10,3,120,155,109,25,70,28,15.033
2速1耐1力1智1友,12003779264055663415,64555,US1,3337,1728,2158,826,1828,8454,2700,5400,7500,3,1,7,10,11,0/1/2,5/8/9,15/17/18,9,17,15,0,3,2,1,0,1,0,39,47,48,0,1,1,22,24,24,13,17,15,6,7,4,111,132,118,30,42,25,15.167
2速1耐1力1智1友,18162360185994269248,64458,US1,3337,1862,2200,1004,1613,8454,2700,6600,7500,3,1,7,12,11,0/1/2,5/8/9,15/17/18,8,15,14,0,3,2,1,0,2,0,38,48,48,0,0,0,22,24,24,15,23,18,8,11,7,122,138,102,28,48,26,15.332
2速1耐1力1智1友,4337075709976842438,61151,UA7,2871,2297,2200,1044,1227,8130,3150,6000,7500,3,1,8,11,11,0/1/2,5/8/9,15/17/18,11,13,14,0,3,2,1,0,0,0,40,44,47,0,3,0,22,24,24,15,20,14,7,9,3,121,179,121,31,100,27,15.128
2速1耐1力1智1友,16229382227219913577,62621,UA9,3306,1673,2200,891,1652,8301,2700,5400,7500,3,1,7,10,11,0/1/2,5/8/9,15/17/18,12,15,14,0,3,2,1,0,0,0,42,42,48,2,0,0,22,24,24,14,16,15,7,6,4,129,116,98,26,37,23,10.941
2速1耐1力1智1友,6616829749464802759,64657,US1,2723,2400,2200,1092,1716,8818,2700,6600,7500,3,1,7,12,11,0/1/2,5/8/9,15/17/18,10,19,14,0,2,3,1,0,0,1,41,48,49,6,0,2,22,24,24,15,17,19,8,5,8,137,127,116,37,28,20,15.485
2速1耐1力1智1友,411655004839899316,62063,UA8,3238,1877,2200,965,1460,8020,2700,5400,7500,3,1,7,10,11,0/1/2,5/8/9,15/17/18,8,12,14,0,3,2,1,0,0,2,39,38,48,0,0,0,22,24,24,16,15,18,9,5,7,113,96,114,25,29,18,15.027
2速1耐1力1智1友,4940445747354064411,67250,US3,3337,1858,2200,1041,1891,8563,2700,5400,7500,3,1,7,10,11,0/1/2,5/8/9,15/17/18,11,13,13,0,3,2,1,0,2,0,41,41,47,1,0,0,22,24,24,14,15,19,7,5,8,120,92,120,23,24,30,18.996
2速1耐1力1智1友,16303335813455794715,64653,US1,3337,1848,2200,953,1606,8605,2700,6000,8250,3,1,7,11,12,0/1/2,5/8/9,15/17/18,12,16,15,0,3,2,1,0,0,0,41,45,50,4,0,0,22,24,24,13,19,14,6,8,2,125,126,110,30,48,27,10.972
2速1耐1力1智1友,5255581234748864610,65975,US2,3234,2375,2200,1031,1334,8348,3150,5400,7500,3,1,8,10,11,0/1/2,5/8/9,15/17/18,11,14,15,0,3,2,1,0,0,0,40,42,49,0,0,3,22,24,24,17,18,17,9,8,6,126,109,129,29,43,39,10.902
2速1耐1力1智1友,10123378951271198995,64364,US1,3197,1953,1941,1066,1928,8354,2700,4200,7500,3,1,7,8,11,0/1/2,5/8/9,15/17/18,7,16,15,0,3,2,1,0,2,1,41,34,50,1,0,1,22,24,24,15,14,17,8,6,6,143,94,122,28,27,37,14.528
2速1耐1力1智1友,370617376615353467,64400,US1,3199,2072,2020,977,1833,8291,2700,5400,7500,3,1,7,10,11,0/1/2,5/8/9,15/17/18,9,16,14,0,3,2,1,0,1,1,38,38,49,0,0,0,22,24,24,10,21,15,3,11,4,105,120,104,22,50,28,10.531
2速1耐1力1智1友,10470344294378997768,67678,US3,3337,1838,2131,1166,1899,8705,2700,5400,8250,3,1,7,10,12,0/1/2,5/8/9,15/17/18,8,14,16,0,3,2,1,0,2,1,38,37,50,0,0,0,22,24,24,12,15,15,5,5,3,127,82,105,42,21,30,11.007
2速1耐1力1智1友,8655898279706678984,61565,UA7,2844,2222,2200,956,1465,8350,2700,6000,7500,3,1,7,11,11,0/1/2,5/8/9,15/17/18,13,15,14,0,3,2,1,0,0,0,41,47,48,2,0,2,22,24,24,16,22,15,9,11,4,148,136,119,39,45,31,15.254
2速1耐1力1智1友,3973266299108176820,68717,US4,3337,1927,2127,1097,2053,8824,2700,6000,7500,3,1,7,11,11,0/1/2,5/8/9,15/17/18,13,16,15,0,2,3,1,0,0,0,42,43,48,2,0,4,22,24,24,14,20,15,7,9,4,132,132,118,45,42,36,15.247
2速1耐1力1智1友,2550074802023591992,63713,US,3337,2016,2200,1118,1108,8179,2700,4200,7500,3,1,7,8,11,0/1/2,5/8/9,15/17/18,11,14,13,0,3,2,1,0,0,1,41,36,47,3,5,0,22,24,24,18,21,15,11,13,4,145,167,88,38,85,19,14.808
2速1耐1力1智1友,2281347827903994715,65368,US2,3337,1897,2200,1247,1357,8505,2700,4800,7500,3,1,7,9,11,0/1/2,5/8/9,15/17/18,8,14,13,0,3,2,1,0,4,0,39,44,49,0,5,1,22,24,24,15,20,20,8,11,9,104,164,143,17,67,43,11.087
2速1耐1力1智1友,9342285681565228419,63425,US,3104,1979,2200,1299,1413,8085,2250,4800,7500,3,1,6,9,11,0/1/2,5/8/9,15/17/18,8,14,14,0,3,2,1,0,1,0,36,48,48,2,8,1,22,24,24,13,22,18,7,13,7,136,166,114,40,61,32,14.942
2速1耐1力1智1友,6129260444627032121,66119,US2,3022,2093,2200,1239,1825,8573,2700,5400,6750,3,1,7,10,10,0/1/2,5/8/9,15/17/18,9,17,14,0,3,2,1,0,2,0,40,39,47,3,0,3,22,24,24,13,18,17,6,8,7,121,130,148,27,40,38,14.980
2速1耐1力1智1友,1970716480934624451,65217,US2,3337,1747,2200,1033,1839,8367,2700,6000,7500,3,1,7,11,11,0/1/2,5/8/9,15/17/18,11,15,14,0,3,2,1,0,0,1,40,43,48,0,2,0,22,24,24,17,20,15,10,9,4,144,120,127,37,33,29,15.391
2速1耐1力1智1友,12354679455135246829,66258,US2,3200,2024,2200,1100,1806,8566,2700,6000,7500,3,1,7,11,11,0/1/2,5/8/9,15/17/18,8,18,13,0,2,3,1,0,0,3,39,48,47,2,0,0,22,24,24,18,14,16,11,3,5,145,107,101,34,22,20,15.138
2速1耐1力1智1友,1367853308959155218,63778,US,3337,1724,2200,947,1692,8395,2700,5400,7500,3,1,7,10,11,0/1/2,5/8/9,15/17/18,10,14,16,0,3,2,1,0,0,0,40,43,48,2,0,0,22,24,24,17,18,15,10,8,4,145,135,119,56,55,38,10.854
2速1耐1力1智1友,14014152738084197234,65813,US2,3284,1904,2200,1218,1555,8464,2700,5400,7500,3,1,7,10,11,0/1/2,5/8/9,15/17/18,9,15,13,0,3,2,1,0,0,1,38,41,48,1,0,0,22,24,24,12,19,16,5,9,5,126,111,121,38,48,30,15.138
2速1耐1力1智1友,18281498374880146753,64045,US,2943,2350,2200,1253,1341,8400,2700,6000,7500,3,1,7,11,11,0/1/2,5/8/9,15/17/18,7,16,13,0,3,2,1,0,0,0,38,42,46,1,0,0,22,24,24,17,18,18,10,7,7,140,114,115,20,44,28,15.068
2速1耐1力1智1友,3699257843349490286,60524,UA6,3257,1921,2200,1033,1059,7845,2250,5400,7500,3,1,6,10,11,0/1/2,5/8/9,15/17/18,9,13,13,0,3,2,1,0,2,0,36,40,48,3,0,1,22,24,24,16,23,19,10,13,8,133,160,137,47,52,49,15.250
2速1耐1力1智1友,7893164786541401937,67699,US3,3337,1945,2006,1023,2093,8740,2700,5400,7500,3,1,7,10,11,0/1/2,5/8/9,15/17/18,7,16,16,0,3,2,1,0,1,1,40,41,50,1,2,2,22,24,24,11,18,19,4,8,8,118,130,135,32,47,32,15.200
2速1耐1力1智1友,1590339610203147910,60177,UA6,3045,2083,2200,1023,1204,7905,2700,5400,7500,3,1,7,10,11,0/1/2,5/8/9,15/17/18,11,15,13,0,3,2,1,0,2,1,38,38,48,1,0,0,22,24,24,9,18,18,2,8,7,111,138,124,41,67,32,10.743
2速1耐1力1智1友,12857858445156549791,63924,US,2902,2122,2200,1093,1845,8356,2700,4200,8250,3,1,7,8,12,0/1/2,5/8/9,15/17/18,9,16,16,0,3,2,1,0,2,0,41,37,50,2,1,0,22,24,24,13,14,13,6,6,1,158,119,99,65,38,31,14.749
2速1耐1力1智1友,15870185185142323473,63188,UA9,3210,1914,2200,1071,1462,8187,3150,5400,6750,3,1,8,10,10,0/1/2,5/8/9,15/17/18,11,14,13,0,3,2,1,0,0,2,41,42,46,1,3,3,22,24,24,13,20,15,5,10,5,103,160,143,27,80,48,15.284
2速1耐1力1智1友,18436403083945523012,65275,US2,3337,2192,2200,993,1179,8506,3150,6000,7500,3,1,8,11,11,0/1/2,5/8/9,15/17/18,10,16,13,0,3,2,1,0,0,0,42,42,46,0,2,0,22,24,24,15,23,16,7,12,5,120,158,92,25,71,20,15.615
2速1耐1力1智1友,14790231202769130690,66309,US2,3337,1640,2200,875,2172,8366,2700,6600,7500,3,1,7,12,11,0/1/2,5/8/9,15/17/18,10,18,14,0,2,3,1,0,0,1,39,49,47,1,1,1,22,24,24,13,18,16,6,6,5,117,148,108,29,39,23,15.311
2速1耐1力1智1友,12171771812657497450,64627,US1,3153,2069,2200,1052,1523,8367,2700,6000,7500,3,1,7,11,11,0/1/2,5/8/9,15/17/18,11,15,14,0,3,2,1,0,0,1,40,45,47,1,0,0,22,24,24,11,20,16,4,9,5,125,116,124,29,42,31,11.154
2速1耐1力1智1友,15993683849954255273,63233,UA9,2909,2254,2200,1145,1663,8021,2700,4800,6750,3,1,7,9,10,0/1/2,5/8/9,15/17/18,12,15,14,0,3,2,1,0,1,0,42,38,47,3,0,4,22,24,24,12,18,19,5,9,9,130,134,152,34,43,38,18.317
2速1耐1力1智1友,6437368665570318548,63238,UA9,3056,2400,2200,1185,1024,7934,2700,6000,7500,3,1,7,11,11,0/1/2,5/8/9,15/17/18,11,14,14,0,3,2,1,0,0,0,40,43,48,0,0,2,22,24,24,13,20,15,6,9,4,119,113,114,31,41,23,8.787
2速1耐1力1智1友,18140610519389923091,66888,US3,3337,2345,2200,1095,1359,8309,3600,5400,7500,3,1,9,10,11,0/1/2,5/8/9,15/17/18,11,14,15,0,3,2,1,0,0,0,42,45,49,0,7,0,22,24,24,15,21,18,6,11,7,115,173,140,21,74,42,8.839
2速1耐1力1智1友,13449470841939880288,65614,US2,3121,2208,2200,1225,1577,8141,2250,5400,6750,3,1,6,10,10,0/1/2,5/8/9,15/17/18,11,16,14,0,3,2,1,0,1,0,39,39,47,4,0,3,22,24,24,10,17,15,4,7,5,138,127,128,49,44,32,8.266
2速1耐1力1智1友,4519201146207261023,67580,US3,2958,2400,2200,1169,1913,8545,3150,6000,7500,3,1,8,11,11,0/1/2,5/8/9,15/17/18,10,15,15,0,3,2,1,0,0,0,41,47,48,0,2,0,22,24,24,10,22,17,2,11,6,112,167,124,26,51,27,8.717
2速1耐1力1智1友,13502011752950608547,67238,US3,3179,2315,2200,1137,1595,8519,2700,5400,7500,3,1,7,10,11,0/1/2,5/8/9,15/17/18,11,14,15,0,3,2,1,0,1,0,41,46,48,3,2,0,22,24,24,17,19,19,10,9,8,137,143,127,28,57,19,8.649
2速1耐1力1智1友,16896948678189950259,64037,US,2925,2396,2200,1107,1461,8242,2700,6000,7500,3,1,7,11,11,0/1/2,5/8/9,15/17/18,10,14,14,0,3,2,1,0,1,0,40,43,48,1,0,0,22,24,24,17,18,16,10,7,5,157,108,99,54,31,22,8.518
2速1耐1力1智1友,2225393294871627808,58784,UA4,2280,2400,2200,1233,1387,8242,2700,6000,7500,3,1,7,11,11,0/1/2,5/8/9,15/17/18,10,13,15,0,3,2,1,0,1,0,40,44,50,0,0,2,22,24,24,13,18,16,6,7,5,113,117,123,26,29,24,8.114
2速1耐1力1智1友,13601679210866405516,65129,US2,2921,2219,2200,1001,2012,8367,2700,6000,7500,3,1,7,11,11,0/1/2,5/8/9,15/17/18,7,16,14,0,3,2,1,0,0,0,39,43,48,1,0,0,22,24,24,17,17,17,10,6,6,150,96,120,26,27,41,8.379
2速1耐1力1智1友,9791120815608410719,63050,UA9,3022,2114,2199,1158,1594,8037,2700,5400,7500,3,1,7,10,11,0/1/2,5/8/9,15/17/18,9,16,14,0,3,2,1,0,0,0,40,39,46,0,0,0,22,24,24,12,19,14,5,9,3,130,118,104,50,33,20,8.099
2速1耐1力1智1友,8955094578874609545,65101,US2,3323,2024,2200,1019,1578,8167,3150,4800,7500,3,1,8,9,11,0/1/2,5/8/9,15/17/18,9,15,14,0,3,2,1,0,2,2,39,37,49,0,0,0,22,24,24,12,16,16,4,7,5,100,124,122,23,57,33,8.137
2速1耐1力1智1友,5001699746282977126,68530,US4,3266,2400,2200,1219,1436,8511,2700,5400,8250,3,1,7,10,12,0/1/2,5/8/9,15/17/18,11,16,15,0,3,2,1,0,0,0,40,41,48,1,0,0,22,24,24,9,23,16,2,13,4,142,139,89,60,58,18,8.453
2速1耐1力1智1友,3609978093627354588,64832,US1,3252,1593,2200,941,1920,8427,2700,6600,7500,3,1,7,12,11,0/1/2,5/8/9,15/17/18,7,16,14,0,2,3,1,0,0,2,39,46,48,0,0,0,22,24,24,14,21,19,7,9,8,134,120,117,37,24,35,12.758
2速1耐1力1智1友,9606685428887898596,70559,US6,3170,2373,2200,1388,1775,8768,3150,5400,7500,3,1,8,10,11,0/1/2,5/8/9,15/17/18,9,15,16,0,3,2,1,0,1,0,41,38,50,0,0,1,22,24,24,17,18,15,9,8,4,131,113,118,38,51,31,8.795
2速1耐1力1智1友,13760140758936871940,70207,US5,3337,2191,2187,1284,1720,8751,2700,5400,8250,3,1,7,10,12,0/1/2,5/8/9,15/17/18,11,16,14,0,1,4,1,0,0,0,40,41,50,0,0,1,22,24,24,17,14,17,10,4,5,143,109,98,43,41,25,8.691
2速1耐1力1智1友,14802522653547793583,64058,US,3210,2083,2200,1102,1338,8277,2700,4800,7500,3,1,7,9,11,0/1/2,5/8/9,15/17/18,9,17,13,0,1,4,1,0,0,1,39,45,49,1,3,2,22,24,24,17,20,17,10,11,6,140,167,116,25,80,27,8.420
2速1耐1力1智1友,15253586185910567765,63612,US,3233,1663,2200,962,1794,8202,3150,6000,7500,3,1,8,11,11,0/1/2,5/8/9,15/17/18,10,15,15,0,3,2,1,0,0,0,39,43,48,0,0,0,22,24,24,11,18,15,3,7,4,104,128,117,28,42,30,8.281
2速1耐1力1智1友,3335348170102003356,72960,US8,3337,2400,2200,1482,1630,9247,3150,6600,8250,3,1,8,12,12,0/1/2,5/8/9,15/17/18,13,16,15,0,3,2,1,0,0,0,42,46,49,0,0,0,22,24,24,10,21,15,2,9,3,97,106,90,26,25,24,14.115
2速1耐1力1智1友,2573571290655736255,64042,US,3337,1994,2200,1070,1297,8379,2700,6000,7500,3,1,7,11,11,0/1/2,5/8/9,15/17/18,7,14,14,0,3,2,1,0,0,1,36,41,47,1,3,0,22,24,24,15,20,16,8,9,5,118,155,100,29,75,22,9.280
2速1耐1力1智1友,10321925086718581434,64365,US1,3196,1845,2200,1058,1779,8394,2700,5400,7500,3,1,7,10,11,0/1/2,5/8/9,15/17/18,8,14,13,0,3,2,1,0,0,0,40,44,48,3,0,2,22,24,24,14,18,18,7,8,7,144,114,142,38,28,37,8.868
2速1耐1力1智1友,13702823578313651617,68516,US4,3337,2228,2200,1216,1529,8619,2700,5400,8250,3,1,7,10,12,0/1/2,5/8/9,15/17/18,10,15,14,0,3,2,1,0,0,0,39,41,50,0,0,0,22,24,24,10,20,19,3,10,7,106,142,133,28,50,45,13.530
2速1耐1力1智1友,16765931528870694971,64478,US1,2972,2075,2200,1120,1853,8377,2700,6000,7500,3,1,7,11,11,0/1/2,5/8/9,15/17/18,6,17,15,0,3,2,1,0,0,0,38,40,49,0,0,2,22,24,24,13,15,14,6,4,3,116,112,103,26,39,29,10.029
2速1耐1力1智1友,10562942744949877472,64185,US,3119,2091,2200,1162,1491,8150,1800,6000,7500,3,1,5,11,11,0/1/2,5/8/9,15/17/18,11,14,15,0,3,2,1,0,0,1,40,45,47,11,1,0,22,24,24,17,22,16,12,11,5,161,167,117,49,56,19,13.615
2速1耐1力1智1友,18348534740538523109,66186,US2,3337,1867,2200,1124,1733,8356,2700,6000,7500,3,1,7,11,11,0/1/2,5/8/9,15/17/18,11,16,15,0,3,2,1,0,0,0,39,47,50,0,4,1,22,24,24,14,19,16,7,8,5,128,142,91,31,42,21,9.675
2速1耐1力1智1友,717837148127921815,64072,US,3337,1623,2200,852,1854,8314,2250,5400,7500,3,1,6,10,11,0/1/2,5/8/9,15/17/18,9,15,15,0,3,2,1,0,0,0,39,37,49,4,0,0,22,24,24,14,18,16,8,8,5,143,95,110,62,27,35,8.985
2速1耐1力1智1友,5554392945592980977,61783,UA8,3225,1524,2183,929,1878,8049,2700,6000,7500,3,1,7,11,11,0/1/2,5/8/9,15/17/18,7,13,16,0,3,2,1,0,0,1,38,40,48,0,0,0,22,24,24,17,21,16,10,10,5,140,120,114,36,51,29,8.462
2速1耐1力1智1友,12450502726145800570,63736,US,3119,2017,2200,1099,1574,8290,2700,6600,7500,3,1,7,12,11,0/1/2,5/8/9,15/17/18,6,16,11,0,3,2,1,0,0,0,37,42,49,0,0,1,22,24,24,13,17,21,6,5,10,123,119,129,25,42,28,12.547
2速1耐1力1智1友,7524841460991006144,64371,US1,3202,2184,1890,1376,1511,8167,2700,5400,7500,3,1,7,10,11,0/1/2,5/8/9,15/17/18,9,13,13,0,3,2,1,0,0,0,39,45,47,0,3,0,22,24,24,17,24,18,10,14,7,150,177,125,46,87,20,8.708
2速1力1根1智1友,14234175315150298197,60931,UA7,3066,1244,2200,1557,1581,8160,2250,6000,6750,3,1,6,11,10,0/2/3,5/6/9,15/16/19,10,16,13,0,3,2,1,0,1,0,40,42,46,7,0,3,22,24,24,15,20,17,9,9,7,167,133,136,41,52,23,8.063
2速1力1根1智1友,14726752418702521105,65333,US2,3337,832,2066,1771,2125,8381,2250,5400,7500,3,1,6,10,11,0/2/3,5/6/9,15/16/19,12,18,14,0,2,3,1,0,0,1,41,41,48,6,0,1,22,24,24,11,17,18,5,7,7,153,116,129,47,39,25,8.383
2速1力1根1智1友,5943864306333749844,64882,US1,3337,1181,2200,1516,1752,8395,2250,6000,7500,3,1,6,11,11,0/2/3,5/6/9,15/16/19,8,14,14,0,3,2,1,0,1,1,39,47,46,7,0,0,22,24,24,12,21,16,6,10,5,147,145,124,52,56,31,9.180
2速1力1根1智1友,11189440322528785484,66692,US3,3337,918,2200,1486,2155,8547,2700,6000,7500,3,1,7,11,11,0/2/3,5/6/9,15/16/19,8,16,15,0,3,2,1,0,0,0,39,46,48,5,1,0,22,24,24,16,22,15,9,11,4,166,161,118,43,52,26,14.027
2速1力1根1智1友,1107086098783189216,61308,UA7,3182,1097,2200,1441,1794,7992,2250,6000,7500,3,1,6,11,11,0/2/3,5/6/9,15/16/19,9,15,15,0,3,2,1,0,0,0,39,47,49,4,0,0,22,24,24,10,18,16,4,7,5,161,150,116,61,40,30,10.451
2速1力1根1智1友,12478695697849101889,64366,US1,3337,1064,2200,1526,1681,8580,2700,6000,7500,3,1,7,11,11,0/2/3,5/6/9,15/16/19,9,14,16,0,3,2,1,0,1,1,40,41,50,0,0,1,22,24,24,16,17,15,9,6,4,153,109,121,51,32,34,13.990
2速1力1根1智1友,17593060758497499235,61270,UA7,3337,1169,2200,1364,1281,8105,2700,6000,7500,3,1,7,11,11,0/2/3,5/6/9,15/16/19,6,15,13,0,3,2,1,0,1,0,38,44,48,3,0,1,22,24,24,14,17,17,7,6,6,156,116,123,35,42,23,8.930
2速1力1根1智1友,17871223795136960090,63814,US,3337,995,2200,1250,2099,8099,2700,6000,6750,3,1,7,11,10,0/2/3,5/6/9,15/16/19,9,16,15,0,3,2,1,0,1,1,38,48,46,1,1,1,22,24,24,9,14,19,2,3,9,141,119,137,40,38,31,13.927
2速1力1根1智1友,15033759835111033795,64559,US1,3337,1061,2200,1748,1540,8413,2250,5400,7500,3,1,6,10,11,0/2/3,5/6/9,15/16/19,11,15,14,0,3,2,1,0,0,0,40,39,47,5,0,0,22,24,24,9,15,17,3,5,6,149,118,124,48,41,42,9.383
2速1力1根1智1友,7581960720738869173,61494,UA7,3337,1051,2200,1438,1312,8112,2250,5400,7500,3,1,6,10,11,0/2/3,5/6/9,15/16/19,9,16,13,0,3,2,1,0,0,0,38,44,45,4,2,0,22,24,24,11,17,14,5,7,3,154,133,111,48,57,23,8.321
2速1力1根1智1友,6646937503166796767,64485,US1,3337,937,2200,1701,1770,8311,2700,4800,8250,3,1,7,9,12,0/2/3,5/6/9,15/16/19,11,15,15,0,3,2,1,0,0,0,36,41,50,0,4,0,22,24,24,9,23,16,2,14,4,135,190,118,42,87,28,9.145
2速1力1根1智1友,10066982848131246316,63272,UA9,3337,973,2200,1208,1834,8448,2700,5400,7500,3,1,7,10,11,0/2/3,5/6/9,15/16/19,12,14,15,0,3,2,1,0,2,0,40,40,46,2,2,0,22,24,24,9,18,15,2,8,4,153,144,132,65,39,23,8.452
2速1力1根1智1友,8098883214357626505,62924,UA9,3337,861,2200,1861,1201,8407,2700,6000,6750,3,1,7,11,10,0/2/3,5/6/9,15/16/19,12,14,12,0,3,2,1,0,0,0,40,44,45,1,1,2,22,24,24,12,19,18,5,8,8,156,167,141,52,64,38,9.377
2速1力1根1智1友,16128269059670118295,65450,US2,3337,987,2200,1369,2047,8689,2250,6600,7500,3,1,6,12,11,0/2/3,5/6/9,15/16/19,10,14,15,0,3,2,1,0,0,0,38,45,50,3,0,2,22,24,24,10,19,14,4,7,3,157,112,101,51,35,22,8.666
2速1力1根1智1友,203097031986918419,59313,UA5,3337,1061,2200,1441,1176,7788,2700,4800,6750,3,1,7,9,10,0/2/3,5/6/9,15/16/19,8,15,12,0,3,2,1,0,0,2,38,39,46,0,0,1,22,24,24,11,17,17,4,8,7,125,116,137,30,50,24,8.115
2速1力1根1智1友,16415819470783816128,64419,US1,3337,957,2200,1509,1854,8365,2700,5400,8250,3,1,7,10,12,0/2/3,5/6/9,15/16/19,10,14,16,0,3,2,1,0,0,0,42,43,50,4,1,0,22,24,24,12,22,15,5,12,3,161,166,117,45,63,30,9.130
2速1力1根1智1友,11849348373056288018,60051,UA6,3337,1174,2200,1222,1320,7921,2250,5400,7500,3,1,6,10,11,0/2/3,5/6/9,15/16/19,7,16,13,0,3,2,1,0,0,0,38,37,47,4,0,0,22,24,24,13,15,15,7,5,4,153,107,108,46,35,29,14.590
2速1力1根1智1友,129997291432898984,64900,US1,3258,1093,2200,1714,1771,8498,2700,6000,7500,3,1,7,11,11,0/2/3,5/6/9,15/16/19,12,17,15,0,3,2,1,0,0,1,39,44,49,1,0,0,22,24,24,13,15,15,6,4,4,143,110,122,25,36,28,9.312
2速1力1根1智1友,345911926347333246,66056,US2,3337,935,2200,1604,2074,8614,2250,6000,6750,3,1,6,11,10,0/2/3,5/6/9,15/16/19,10,18,14,0,3,2,1,0,0,1,38,48,48,3,2,4,22,24,24,8,16,18,2,5,8,169,150,148,84,62,32,14.138
2速1力1根1智1友,14337145105800270664,63521,US,3337,1011,2200,1395,1836,8346,2700,6000,7500,3,1,7,11,11,0/2/3,5/6/9,15/16/19,12,16,14,0,3,2,1,0,0,0,40,43,49,2,0,1,22,24,24,14,17,17,7,6,6,165,136,115,59,53,22,10.210
2速1力1根1智1友,8728127297501000194,63053,UA9,3337,939,2200,1904,1304,8267,2250,6000,6750,3,1,6,11,10,0/2/3,5/6/9,15/16/19,12,16,12,0,3,2,1,0,0,0,38,46,46,3,0,4,22,24,24,11,18,18,5,7,8,142,150,123,39,51,22,9.978
2速1力1根1智1友,13137884084285709548,64816,US1,3308,1032,2200,1794,1821,8338,2700,6600,6750,3,1,7,12,10,0/2/3,5/6/9,15/16/19,9,17,15,0,3,2,1,0,0,1,38,48,48,2,0,4,22,24,24,12,20,17,5,8,7,138,144,131,28,51,26,14.022
2速1力1根1智1友,4508215050350419464,63735,US,3337,1006,2200,1510,1781,8253,2700,6000,6750,3,1,7,11,10,0/2/3,5/6/9,15/16/19,11,15,13,0,3,2,1,0,0,1,40,41,49,1,0,5,22,24,24,10,16,17,3,5,7,135,121,136,51,33,38,8.605
2速1力1根1智1友,3978324781589813244,64730,US1,3337,1113,2200,1627,1683,8493,2700,6000,7500,3,1,7,11,11,0/2/3,5/6/9,15/16/19,11,16,15,0,3,2,1,0,0,0,40,45,49,1,0,1,22,24,24,14,20,15,7,9,4,145,163,110,32,62,23,9.712
2速1力1根1智1友,10535930415006903002,63296,UA9,3337,913,2200,1527,1801,8117,2700,6000,7500,3,1,7,11,11,0/2/3,5/6/9,15/16/19,9,16,14,0,3,2,1,0,0,1,39,47,47,2,0,0,22,24,24,14,19,18,7,8,7,143,125,123,45,44,25,14.342
2速1力1根1智1友,15979099535589446758,59147,UA4,3337,965,2200,921,1700,7817,2700,5400,7500,3,1,7,10,11,0/2/3,5/6/9,15/16/19,12,14,15,0,3,2,1,0,2,0,40,41,49,4,1,0,22,24,24,10,21,16,3,11,5,139,163,129,36,53,31,8.911
2速1力1根1智1友,4811606197407339545,65095,US1,3337,996,2200,1436,1964,8618,2250,6000,8250,3,1,6,11,12,0/2/3,5/6/9,15/16/19,9,16,15,0,2,3,1,0,0,0,38,47,49,3,0,0,22,24,24,10,16,15,4,5,3,158,134,103,49,34,27,8.530
2速1力1根1智1友,14209291803651517898,63850,US,3337,947,2200,1455,1853,8414,2250,6600,7500,3,1,6,12,11,0/2/3,5/6/9,15/16/19,8,17,13,0,3,2,1,0,0,0,36,47,49,2,0,0,22,24,24,11,21,17,5,9,6,143,116,119,42,34,29,8.459
2速1力1根1智1友,2471119652152316845,62905,UA9,3184,1186,2200,1502,1867,8088,2250,6000,7500,3,1,6,11,11,0/2/3,5/6/9,15/16/19,10,17,16,0,3,2,1,0,0,0,39,43,50,5,0,2,22,24,24,11,17,13,5,6,2,171,138,115,63,56,24,13.152
2速1力1根1智1友,14915232777241664952,63184,UA9,3337,925,2154,1362,2087,7951,2700,4800,7500,3,1,7,9,11,0/2/3,5/6/9,15/16/19,9,15,16,0,3,2,1,0,0,1,38,37,48,1,0,0,22,24,24,10,20,15,3,11,4,128,155,103,38,65,28,8.453
2速1力1根1智1友,9166762795422437270,63480,US,3321,1113,2200,1232,1871,8190,2700,5400,7500,3,1,7,10,11,0/2/3,5/6/9,15/16/19,8,15,16,0,3,2,1,0,0,1,39,39,49,1,0,0,22,24,24,15,14,17,8,4,6,145,112,107,24,46,35,9.094
2速1力1根1智1友,1750407017201317059,65589,US2,3337,981,2200,1699,1970,8288,2250,6000,7500,3,1,6,11,11,0/2/3,5/6/9,15/16/19,6,17,14,0,3,2,1,0,1,0,39,43,49,4,0,3,22,24,24,14,16,17,8,5,6,166,117,113,55,39,30,14.259
