plan_index,run_idx,build,seed,score,rank,speed,stamina,power,guts,wisdom,skill_pt,scenario_pt_y1,scenario_pt_y2,scenario_pt_y3,rmj_ok,free_race_ok,eat_count_y1,eat_count_y2,eat_count_y3,region_y1,region_y2,region_y3,friend_turns_y1,friend_turns_y2,friend_turns_y3,friend_out_y1,friend_out_y2,friend_out_y3,friend_out_all,friend_waste_y1,friend_waste_y2,friend_waste_y3,gauge_gain_y1,gauge_gain_y2,gauge_gain_y3,gauge_overflow_y1,gauge_overflow_y2,gauge_overflow_y3,ramen_offers_y1,ramen_offers_y2,ramen_offers_y3,ramen_cookable_y1,ramen_cookable_y2,ramen_cookable_y3,ramen_skipped_y1,ramen_skipped_y2,ramen_skipped_y3,stock_sum_y1,stock_sum_y2,stock_sum_y3,stock_skew_y1,stock_skew_y2,stock_skew_y3,elapsed_ms
16,400000,3速1耐1智1友,17973561501746850289,67686,US3,3337,2395,1467,1502,1594,8737,2700,6000,7500,3,1,7,11,11,0/1/4,5/7/9,15/17/18,9,15,15,0,3,2,1,0,0,0,38,45,49,0,0,2,22,24,24,11,13,14,4,2,3,107,131,95,19,44,26,4.670
1226,400000,3速1耐1智1友,8314082825369582027,67138,US3,3337,1922,1606,1440,1919,8840,3150,6000,7500,3,1,8,11,11,0/1/4,5/7/9,15/17/18,12,14,14,0,2,3,1,0,0,0,42,45,47,3,2,0,22,24,24,15,17,18,7,6,7,132,160,112,51,45,24,4.749
1716,400000,3速1耐1智1友,5234463424452071260,71427,US6,3337,2115,1935,1423,2041,9164,3150,5400,7500,3,1,8,10,11,0/1/4,5/7/9,15/17/18,14,13,14,0,3,2,1,0,0,0,41,40,49,0,1,1,22,24,24,14,19,15,6,9,4,107,162,111,19,56,31,4.911
2391,400000,2速2耐1智1友,2647181638324577118,67769,US4,3320,2252,1710,1785,1582,8403,2700,5400,6750,3,1,7,10,10,0/1/4,5/7/9,15/17/19,9,13,14,0,3,2,1,0,0,0,40,45,43,1,4,1,22,24,24,12,16,17,5,6,7,129,164,124,35,74,35,6.295
1716,400001,3速1耐1智1友,18404223950868388661,66948,US3,3337,2112,2080,1429,1385,8543,3150,3600,8250,3,1,8,7,12,0/1/4,5/7/9,15/17/18,13,14,13,0,1,4,1,0,0,1,42,36,47,0,6,0,22,24,24,14,13,15,6,6,3,127,195,87,28,104,22,4.177
1226,400001,3速1耐1智1友,6914370674582490778,67306,US3,3337,2114,1588,1319,1986,8877,3150,5400,8250,3,1,8,10,12,0/1/4,5/7/9,15/17/18,13,16,12,0,2,3,1,0,0,0,42,41,47,3,2,0,22,24,24,15,18,17,7,8,5,151,172,107,55,73,26,4.388
16,400001,3速1耐1智1友,4308174480453900181,68504,US4,3337,2152,2054,1464,1356,9189,2700,6000,6750,3,1,7,11,10,0/1/4,5/7/9,15/17/18,9,15,16,0,3,2,1,0,0,0,40,45,43,0,0,0,22,24,24,14,18,16,7,7,6,115,129,106,23,47,41,4.783
2391,400001,2速2耐1智1友,10410297698491682009,71438,US6,3337,2237,1498,1781,2112,8916,2700,6000,7500,3,1,7,11,11,0/1/4,5/7/9,15/17/19,9,17,16,0,3,2,1,0,0,0,40,46,45,1,1,0,22,24,24,17,15,14,10,4,3,147,161,109,63,61,28,5.181
1716,400002,3速1耐1智1友,2449645654914496631,64759,US1,3337,1819,1674,1307,1947,8276,2700,5400,6750,3,1,7,10,10,0/1/4,5/7/9,15/17/18,9,13,13,0,3,2,1,0,0,1,40,40,46,1,0,2,22,24,24,12,16,15,5,6,5,129,134,135,47,52,35,3.988
1226,400002,3速1耐1智1友,12207073882588724863,66349,US2,3337,1827,1881,1362,1771,8953,3150,6000,7500,3,1,8,11,11,0/1/4,5/7/9,15/17/18,8,13,14,0,3,2,1,0,0,0,39,40,49,0,0,0,22,24,24,9,19,16,1,8,5,89,111,109,20,33,22,4.325
16,400002,3速1耐1智1友,16687170377633461987,65655,US2,3337,1579,1688,1170,2007,9053,3150,6000,6750,3,1,8,11,10,0/1/4,5/7/9,15/17/18,13,15,14,0,3,2,1,0,0,2,40,46,44,0,1,0,22,24,24,12,16,15,4,5,5,112,178,95,31,82,31,4.333
2391,400002,2速2耐1智1友,12855962698446294108,69095,US5,3312,2400,1488,1781,1814,8459,2700,6000,6750,3,1,7,11,10,0/1/4,5/7/9,15/17/19,11,17,15,0,3,2,1,0,0,1,41,46,47,1,1,3,22,24,24,18,14,17,11,3,7,159,154,127,44,40,24,5.239
1716,400003,3速1耐1智1友,14012394679417861779,68813,US4,3337,1668,2047,1323,2206,8686,2700,6000,6750,3,1,7,11,10,0/1/4,5/7/9,15/17/18,10,15,14,0,3,2,1,0,0,2,42,40,48,2,0,3,22,24,24,12,21,13,5,10,3,130,143,120,44,70,33,4.142
1226,400003,3速1耐1智1友,2654013965472158292,66411,US3,3337,1784,1812,1194,2005,8905,3150,6000,7500,3,1,8,11,11,0/1/4,5/7/9,15/17/18,10,17,13,0,2,3,1,0,0,0,39,42,46,2,0,0,22,24,24,13,15,17,5,4,6,130,119,115,37,32,24,4.130
16,400003,3速1耐1智1友,10356598713486126971,63100,UA9,3337,2067,1646,1384,1329,8183,2700,5400,6750,3,1,7,10,10,0/1/4,5/7/9,15/17/18,9,16,15,0,3,2,1,0,0,0,40,44,49,0,1,4,22,24,24,15,16,16,8,6,6,133,136,127,58,42,31,4.142
2391,400003,2速2耐1智1友,64953299314722509,67457,US3,3337,2130,1386,1740,1906,8647,2700,6000,7500,3,1,7,11,11,0/1/4,5/7/9,15/17/19,11,15,16,0,3,2,1,0,0,0,40,41,47,0,0,0,22,24,24,11,19,16,4,8,5,107,123,131,11,51,28,4.475
1272,400000,3速1耐1智1友,440148107625168777,68804,US4,3337,2043,2071,1254,1641,9141,3150,4200,7500,3,1,8,8,11,0/1/4,5/7/9,15/17/18,8,15,15,0,3,2,1,0,0,0,40,36,49,0,2,1,22,24,24,10,20,19,2,12,8,97,136,107,25,30,24,4.007
1790,400000,2速2耐1智1友,18160696365329833445,67390,US3,3337,2282,1576,1695,1591,8437,2700,5400,6750,3,1,7,10,10,0/1/4,5/7/9,15/17/19,11,14,15,0,3,2,1,0,0,0,39,40,49,0,0,6,22,24,24,15,20,18,8,10,8,127,157,146,42,59,45,4.753
55,400000,3速1耐1智1友,10015888808664908684,64882,US1,3337,1400,2184,1110,1737,8796,3150,6000,7500,3,1,8,11,11,0/1/4,5/7/9,15/17/18,7,17,15,0,3,2,1,0,0,0,38,42,51,0,0,3,22,24,24,13,16,16,5,5,5,123,106,121,40,36,31,4.176
2436,400000,2速1耐1力1智1友,5515517632309709715,72719,US7,3337,2120,2200,1086,2083,9463,2700,6000,8250,3,1,7,11,12,0/1/2,5/8/9,15/17/18,12,18,13,0,2,3,1,0,0,1,40,48,48,3,0,0,22,24,24,11,19,20,4,8,8,134,132,136,54,31,27,4.562
1272,400001,3速1耐1智1友,9988078749148388561,67439,US3,3337,2220,1771,1309,1596,8867,3150,4200,7500,3,1,8,8,11,0/1/4,5/7/9,15/17/18,8,12,14,0,3,2,1,0,0,0,39,39,46,2,7,0,22,24,24,15,23,17,7,15,6,123,197,100,32,83,24,4.269
55,400001,3速1耐1智1友,448598196645054569,65537,US2,3337,1839,1967,1488,1472,8691,2700,6000,6750,3,1,7,11,10,0/1/4,5/7/9,15/17/18,12,13,15,0,3,2,1,0,0,0,41,40,45,2,0,1,22,24,24,19,14,16,12,3,6,137,117,89,59,29,21,4.176
1790,400001,2速2耐1智1友,11994781868868439102,67296,US3,3337,2340,1628,1698,1431,8509,2700,4800,6750,3,1,7,9,10,0/1/4,5/7/9,15/17/19,8,17,14,0,2,3,1,0,0,0,39,41,48,1,4,6,22,24,24,10,20,18,3,11,8,109,168,118,32,66,25,4.315
2436,400001,2速1耐1力1智1友,17598845667404015695,66671,US3,3337,2083,2120,1300,1435,8767,3150,5400,7500,3,1,8,10,11,0/1/2,5/8/9,15/17/18,11,14,15,0,3,2,1,0,2,0,41,46,49,0,5,2,22,24,24,11,20,18,3,10,7,119,140,137,31,51,48,4.295
1272,400002,3速1耐1智1友,16104604929118127557,71828,US7,3337,2194,1766,1453,2124,9157,2700,5400,7500,3,1,7,10,11,0/1/4,5/7/9,15/17/18,9,16,14,0,2,3,1,0,0,2,39,46,49,3,2,0,22,24,24,13,13,20,6,3,9,138,157,146,53,47,42,4.502
55,400002,3速1耐1智1友,1553742829267404945,64223,US1,3337,1420,1889,1120,1981,8833,2700,5400,7500,3,1,7,10,11,0/1/4,5/7/9,15/17/18,11,14,15,0,3,2,1,0,0,1,41,44,50,1,1,3,22,24,24,16,18,19,9,8,8,122,146,122,44,66,25,4.269
1790,400002,2速2耐1智1友,2043362709502228358,70759,US6,3337,2400,1581,1693,1892,8814,2700,6000,6750,3,1,7,11,10,0/1/4,5/7/9,15/17/19,8,15,16,0,3,2,1,0,0,1,39,45,47,1,0,3,22,24,24,11,14,13,4,3,3,128,115,173,31,26,69,4.346
55,400003,3速1耐1智1友,15740850482606421299,68871,US4,3337,1569,1560,1404,2445,9147,3150,4800,6750,3,1,8,9,10,0/1/4,5/7/9,15/17/18,7,17,16,0,2,3,1,0,0,1,38,43,45,0,4,0,22,24,24,16,15,18,8,6,8,127,176,114,38,85,30,4.125
1272,400003,3速1耐1智1友,6555031510523913060,66459,US3,3337,2316,1776,1370,1254,8702,2700,4800,6750,3,1,7,9,10,0/1/4,5/7/9,15/17/18,8,12,13,0,3,2,1,0,0,0,39,42,41,1,4,0,22,24,24,12,18,12,5,9,2,125,159,86,40,53,25,4.334
1790,400003,2速2耐1智1友,3220542981498362225,72154,US7,3337,2400,1510,1738,2050,9052,2700,4800,7500,3,1,7,9,11,0/1/4,5/7/9,15/17/19,13,16,15,0,2,3,1,0,0,0,39,43,49,0,3,4,22,24,24,12,17,16,5,8,5,112,166,180,29,59,79,4.112
2436,400002,2速1耐1力1智1友,7175518908685477929,67960,US4,3024,2255,2026,1365,1915,8923,3150,6000,7500,3,1,8,11,11,0/1/2,5/8/9,15/17/18,11,15,15,0,3,2,1,0,0,0,40,47,44,0,1,0,22,24,24,13,19,15,5,8,4,142,111,108,53,21,36,4.744
73,400000,3速1耐1智1友,9037044436781211080,63323,UA9,3337,1817,2104,1321,1117,8576,2700,4800,7500,3,1,7,9,11,0/1/4,5/7/9,15/17/18,12,12,14,0,3,2,1,0,0,0,40,36,49,1,0,0,22,24,24,17,18,19,10,9,8,137,135,110,52,46,24,4.276
1803,400000,2速2耐1智1友,3767049365633285016,67495,US3,3337,2057,1808,1462,1796,8651,3150,6000,6750,3,1,8,11,10,0/1/4,5/7/9,15/17/19,5,15,14,0,3,2,1,0,1,1,39,45,48,2,0,3,22,24,24,16,15,15,8,4,5,133,115,145,33,29,35,4.323
1283,400000,3速1耐1智1友,2329401514784269453,64695,US1,3337,1649,2099,1157,1687,8586,2250,4800,8250,3,1,6,9,12,0/1/4,5/7/9,15/17/18,7,16,11,0,1,4,1,0,0,0,38,41,47,4,2,0,22,24,24,16,19,18,10,10,6,156,187,119,45,91,23,4.648
2436,400003,2速1耐1力1智1友,4900293622744124670,63261,UA9,2816,2085,1657,1341,2127,8634,3150,6000,7500,3,1,8,11,11,0/1/2,5/8/9,15/17/18,10,14,14,0,3,2,1,0,0,0,39,47,50,0,2,2,22,24,24,14,19,16,6,8,5,111,146,95,14,51,16,5.470
1803,400001,2速2耐1智1友,14802405642237661927,65515,US2,3228,2206,1415,1747,1660,8367,2250,4800,6750,3,1,6,9,10,0/1/4,5/7/9,15/17/19,8,16,12,0,3,2,1,0,0,0,39,39,42,4,3,0,22,24,24,15,12,13,9,3,3,147,147,121,41,63,15,3.805
73,400001,3速1耐1智1友,17296689081275637523,60002,UA6,3337,1868,1587,1289,1296,7917,2700,5400,7500,3,1,7,10,11,0/1/4,5/7/9,15/17/18,8,14,15,0,3,2,1,0,0,0,36,45,48,0,2,0,22,24,24,10,23,18,3,13,7,119,193,121,41,98,31,4.365
1283,400001,3速1耐1智1友,7028839741688201841,68392,US4,3337,1993,1990,1362,1888,9019,3600,5400,7500,3,1,9,10,11,0/1/4,5/7/9,15/17/18,12,13,13,0,3,2,1,0,0,0,41,40,47,0,1,0,22,24,24,12,21,18,3,11,7,104,173,126,30,67,23,4.189
2439,400000,2速1耐1力1智1友,13633817298427186778,65765,US2,3337,1832,2200,1163,1612,8549,2700,6000,7500,3,1,7,11,11,0/1/2,5/8/9,15/17/18,7,16,16,0,3,2,1,0,0,0,38,47,49,0,0,1,22,24,24,9,19,16,2,8,5,108,123,112,34,41,27,4.892
1803,400002,2速2耐1智1友,8714044271278499303,67679,US3,3293,2400,1380,1685,1807,8325,2700,4800,6750,3,1,7,9,10,0/1/4,5/7/9,15/17/19,13,15,15,0,3,2,1,0,1,1,41,40,49,3,1,5,22,24,24,11,15,16,4,6,6,126,172,142,37,81,40,4.149
1283,400002,3速1耐1智1友,16159852474685896561,65834,US2,3337,1699,2160,1227,1686,8703,3150,4800,7500,3,1,8,9,11,0/1/4,5/7/9,15/17/18,10,12,13,0,3,2,1,0,0,0,39,42,46,0,2,0,22,24,24,15,22,19,7,13,8,120,166,120,30,77,31,4.143
73,400002,3速1耐1智1友,5710747048067026179,65047,US1,3337,1984,1757,1614,1465,8525,3150,5400,7500,3,1,8,10,11,0/1/4,5/7/9,15/17/18,10,11,15,0,3,2,1,0,0,0,39,45,50,3,2,1,22,24,24,15,18,18,7,8,7,139,159,128,45,59,32,4.487
2439,400001,2速1耐1力1智1友,14521519017085859205,66086,US2,3337,1751,2200,1170,1649,8674,2700,5400,8250,3,1,7,10,12,0/1/2,5/8/9,15/17/18,10,13,15,0,3,2,1,0,0,0,41,40,50,1,0,0,22,24,24,15,19,18,8,9,6,148,123,101,66,35,27,4.297
1803,400003,2速2耐1智1友,4566858060802757187,68105,US4,3256,2362,1456,1585,1954,8435,3150,6000,6000,3,1,8,11,9,0/1/4,5/7/9,15/17/19,9,20,14,0,1,4,1,0,0,1,39,49,47,0,0,9,22,24,24,13,14,17,5,3,8,108,143,165,45,50,39,3.956
1283,400003,3速1耐1智1友,6857380040556331631,66369,US2,3337,1859,2200,1199,1608,8654,2700,6000,7500,3,1,7,11,11,0/1/4,5/7/9,15/17/18,9,16,13,0,2,3,1,0,0,0,40,45,46,0,2,0,22,24,24,16,20,14,9,9,3,111,151,87,33,31,16,4.135
73,400003,3速1耐1智1友,5830321312254963398,67257,US3,3337,2115,1782,1379,1794,8676,2700,5400,7500,3,1,7,10,11,0/1/4,5/7/9,15/17/18,10,15,15,0,3,2,1,0,0,0,37,43,49,0,2,1,22,24,24,8,20,17,1,10,6,112,155,122,41,60,36,4.732
2439,400002,2速1耐1力1智1友,11302656640288775015,67784,US4,3337,1634,2200,1117,2080,8876,2250,5400,7500,3,1,6,10,11,0/1/2,5/8/9,15/17/18,9,16,15,0,3,2,1,0,0,0,39,42,48,8,2,2,22,24,24,13,21,15,7,11,4,172,148,110,81,55,31,3.993
1848,400000,2速1耐1力1智1友,4102611265539407732,66512,US3,3227,2400,1787,1339,1435,8592,2700,6000,7500,3,1,7,11,11,0/1/2,5/8/9,15/17/18,10,17,15,0,3,2,1,0,0,0,39,39,49,1,0,0,22,24,24,11,19,15,4,8,4,109,107,113,27,43,25,4.193
1288,400000,3速1耐1智1友,4127660543929557124,70202,US5,3337,2258,1910,1223,1860,9123,3150,4800,8250,3,1,8,9,12,0/1/4,5/7/9,15/17/18,14,14,13,0,3,2,1,0,1,0,41,37,47,0,0,0,22,24,24,12,23,18,4,14,6,96,159,107,28,79,30,4.309
81,400000,3速1耐1智1友,605525516379160204,64331,US1,3337,1768,2045,1224,1431,8740,2700,5400,7500,3,1,7,10,11,0/1/4,5/7/9,15/17/18,10,16,12,0,2,3,1,0,0,2,39,43,49,0,0,3,22,24,24,15,18,19,8,8,8,118,135,120,34,41,20,4.365
2439,400003,2速1耐1力1智1友,17880099276592399411,63988,US,3337,1822,1973,1359,1443,8506,2700,6000,7500,3,1,7,11,11,0/1/2,5/8/9,15/17/18,9,14,14,0,3,2,1,0,0,0,39,46,47,1,0,0,22,24,24,15,22,17,8,11,6,142,163,114,57,64,33,4.451
1848,400001,2速1耐1力1智1友,4668035464839366626,67858,US4,3238,2084,2149,1043,1956,8817,2250,6600,7500,3,1,6,12,11,0/1/2,5/8/9,15/17/18,10,16,14,0,3,2,1,0,1,0,39,44,49,4,0,0,22,24,24,15,18,18,9,6,7,130,117,135,31,44,36,4.316
1288,400001,3速1耐1智1友,1492298757704932576,69443,US5,3337,1925,2157,1214,1891,9257,3150,5400,8250,3,1,8,10,12,0/1/4,5/7/9,15/17/18,10,16,15,0,3,2,1,0,1,0,41,40,51,0,0,0,22,24,24,13,15,19,5,5,7,138,102,116,61,40,25,4.155
81,400001,3速1耐1智1友,16361146932948081225,64646,US1,3337,2023,1629,1343,1672,8728,2700,6000,7500,3,1,7,11,11,0/1/4,5/7/9,15/17/18,10,15,13,0,3,2,1,0,0,0,40,45,49,0,0,1,22,24,24,10,13,14,3,2,3,109,142,94,24,40,19,4.047
1848,400002,2速1耐1力1智1友,16208320046735635537,68296,US4,3313,1996,2030,935,2099,8994,3150,6600,7500,3,1,8,12,11,0/1/2,5/8/9,15/17/18,12,17,14,0,3,2,1,0,0,0,41,47,48,0,0,1,22,24,24,12,19,15,4,7,4,93,123,109,26,31,24,4.348
1288,400002,3速1耐1智1友,16405733229992110180,67718,US4,3337,2076,1955,1304,1695,9010,3150,5400,7500,3,1,8,10,11,0/1/4,5/7/9,15/17/18,12,13,14,0,3,2,1,0,0,0,41,42,44,0,0,0,22,24,24,13,18,17,5,8,6,121,128,101,36,48,35,4.358
2489,400000,2速1耐1力1智1友,18323097832242816148,70213,US5,3337,1855,1952,1284,2276,8886,3150,6600,8250,3,1,8,12,12,0/1/2,5/8/9,15/17/18,9,17,15,0,3,2,1,0,0,0,39,48,49,0,0,0,22,24,24,12,18,19,4,6,7,106,108,125,31,34,34,7.402
81,400002,3速1耐1智1友,11314745031804310741,61230,UA7,3337,1286,2094,1078,1333,8890,3150,5400,7500,3,1,8,10,11,0/1/4,5/7/9,15/17/18,12,14,13,0,3,2,1,0,0,0,41,41,45,0,1,0,22,24,24,13,19,14,5,9,3,114,175,100,35,62,33,5.537
1848,400003,2速1耐1力1智1友,10227576497249639760,68758,US4,3337,2249,2200,1226,1463,8775,2250,6600,6750,3,1,6,12,10,0/1/2,5/8/9,15/17/18,8,15,14,0,3,2,1,0,0,1,37,45,48,3,0,4,22,24,24,17,18,18,11,6,8,152,105,128,46,21,20,4.170
1288,400003,3速1耐1智1友,18015856339871845195,65364,US2,3337,2339,1825,1287,1229,8567,2700,5400,6750,3,1,7,10,10,0/1/4,5/7/9,15/17/18,8,15,12,0,3,2,1,0,0,2,39,45,45,3,4,0,22,24,24,14,14,15,7,4,5,140,172,99,38,72,26,4.504
2489,400001,2速1耐1力1智1友,5344124862435129899,68917,US4,3337,2070,2200,1310,1664,8827,2700,6000,7500,3,1,7,11,11,0/1/2,5/8/9,15/17/18,12,15,15,0,3,2,1,0,0,0,40,45,48,1,0,0,22,24,24,15,18,15,8,7,4,127,126,92,32,44,19,5.415
81,400003,3速1耐1智1友,4664335043295033120,59646,UA5,3337,1391,1800,973,1620,8541,3150,5400,6750,3,1,8,10,10,0/1/4,5/7/9,15/17/18,13,14,12,0,3,2,1,0,2,2,42,45,47,0,3,3,22,24,24,13,23,18,5,13,8,113,176,113,29,77,26,5.840
1851,400000,2速1耐1力1智1友,9131412188676257273,67693,US3,3061,2172,2002,1371,1944,8632,2700,6600,7500,3,1,7,12,11,0/1/2,5/8/9,15/17/18,7,18,15,0,3,2,1,0,0,0,37,49,49,1,0,1,22,24,24,18,14,16,11,2,5,125,93,114,31,16,33,4.303
1296,400000,3速1耐1智1友,6354153498523880453,67811,US4,3337,1850,1773,1243,2146,9085,3150,5400,7500,3,1,8,10,11,0/1/4,5/7/9,15/17/18,10,15,11,0,2,3,1,0,0,0,39,45,43,0,1,0,22,24,24,14,20,16,6,10,5,119,174,111,23,54,28,4.258
2489,400002,2速1耐1力1智1友,14852996231575454054,65835,US2,3337,1901,2200,1272,1321,8536,2700,4200,7500,3,1,7,8,11,0/1/2,5/8/9,15/17/18,12,15,12,0,3,2,1,0,0,0,41,38,48,1,1,0,22,24,24,12,18,21,5,10,10,115,150,121,32,64,27,4.674
1851,400001,2速1耐1力1智1友,14504976896878593973,66262,US2,3337,1874,2200,1066,1583,8896,3150,6000,7500,3,1,8,11,11,0/1/2,5/8/9,15/17/18,11,16,13,0,3,2,1,0,0,0,42,42,49,0,0,1,22,24,24,12,19,15,4,8,4,105,118,144,25,32,56,4.169
115,400000,3速1耐1智1友,15211952351565238616,62116,UA8,3337,1212,2068,1099,1819,8325,3150,6000,7500,3,1,8,11,11,0/1/4,5/7/9,15/17/18,9,14,12,0,3,2,1,0,1,0,40,45,46,0,0,0,22,24,24,12,20,13,4,9,2,120,136,89,29,44,33,4.705
1296,400001,3速1耐1智1友,1122563663044041126,67922,US4,3337,1920,1734,1184,2151,9047,3150,6000,7500,3,1,8,11,11,0/1/4,5/7/9,15/17/18,13,12,17,0,3,2,1,0,0,0,42,45,51,0,1,2,22,24,24,11,20,15,3,9,4,137,135,115,30,33,27,4.235
2489,400003,2速1耐1力1智1友,8752308148249138820,66886,US3,3337,2030,2200,1373,1285,8565,2700,5400,8250,3,1,7,10,12,0/1/2,5/8/9,15/17/18,8,16,14,0,3,2,1,0,0,0,39,43,47,1,0,0,22,24,24,14,19,20,7,9,8,115,120,122,28,34,43,4.419
1296,400002,3速1耐1智1友,14219712984175702860,69326,US5,3337,2160,2200,1244,1421,9164,3150,4800,7500,3,1,8,9,11,0/1/4,5/7/9,15/17/18,11,14,15,0,3,2,1,0,2,0,42,38,48,0,0,0,22,24,24,9,21,15,1,12,4,93,152,99,19,57,24,4.015
115,400001,3速1耐1智1友,2208272572073682666,67216,US3,3337,1911,2200,1582,1095,9091,2700,5400,7500,3,1,7,10,11,0/1/4,5/7/9,15/17/18,10,15,14,0,3,2,1,0,0,1,39,45,51,2,2,3,22,24,24,15,23,20,8,13,9,119,154,148,31,59,34,5.515
1851,400002,2速1耐1力1智1友,9449824802838821889,60990,UA7,3247,1654,2200,1035,1420,8045,2700,4200,7500,3,1,7,8,11,0/1/2,5/8/9,15/17/18,12,15,14,0,1,4,1,0,0,0,41,38,48,1,1,1,22,24,24,12,19,18,5,11,7,124,119,116,29,61,26,6.310
2526,400000,2速1耐1力1智1友,16680944402050311075,67901,US4,3329,1946,2141,1347,1702,8710,3150,6000,8250,3,1,8,11,12,0/1/2,5/8/9,15/17/18,8,17,14,0,2,3,1,0,0,0,39,48,49,0,0,0,22,24,24,16,21,17,8,10,5,128,127,112,26,20,17,4.942
1296,400003,3速1耐1智1友,11233236681312204607,68219,US4,3337,1982,1984,1219,1825,8961,3150,5400,7500,3,1,8,10,11,0/1/4,5/7/9,15/17/18,13,14,14,0,3,2,1,0,0,0,41,43,46,0,1,0,22,24,24,15,19,15,7,9,4,124,145,118,37,43,24,4.398
115,400002,3速1耐1智1友,6096433942075969322,66091,US2,3337,2033,1804,1489,1670,8659,3150,6000,6750,3,1,8,11,10,0/1/4,5/7/9,15/17/18,10,16,15,0,3,2,1,0,0,0,40,46,48,0,0,5,22,24,24,13,15,16,5,4,6,100,148,122,20,43,27,4.207
1851,400003,2速1耐1力1智1友,11576509002976598184,68412,US4,3337,2193,2200,1234,1448,8640,2700,6000,7500,3,1,7,11,11,0/1/2,5/8/9,15/17/18,7,17,15,0,3,2,1,0,2,0,40,42,48,1,0,0,22,24,24,15,18,17,8,7,6,132,126,118,44,48,28,4.551
2526,400001,2速1耐1力1智1友,1441273001135152637,61704,UA8,3025,1765,2200,1077,1728,8461,2250,6600,7500,3,1,6,12,11,0/1/2,5/8/9,15/17/18,8,15,16,0,3,2,1,0,0,0,38,48,48,4,0,1,22,24,24,18,18,12,12,6,1,153,107,98,36,25,29,4.312
1302,400000,3速1耐1智1友,6099973615602642658,67624,US3,3337,1858,2200,1292,1779,8747,2700,5400,7500,3,1,7,10,11,0/1/4,5/7/9,15/17/18,9,15,14,0,3,2,1,0,0,0,41,39,48,1,1,1,22,24,24,13,16,17,6,6,6,111,155,116,26,60,29,4.050
115,400003,3速1耐1智1友,6130219574915019543,67304,US3,3337,2135,1580,1671,1762,8518,3150,5400,6750,3,1,8,10,10,0/1/4,5/7/9,15/17/18,12,14,15,0,3,2,1,0,0,0,40,44,46,0,3,3,22,24,24,13,18,14,5,8,4,114,176,113,26,60,37,4.073
1901,400000,2速1耐1力1智1友,3842647775271679154,68891,US4,3173,2400,2200,1321,1524,8659,3150,6000,7500,3,1,8,11,11,0/1/2,5/8/9,15/17/18,9,17,14,0,2,3,1,0,0,0,40,44,48,1,0,0,22,24,24,12,14,17,4,3,6,124,105,122,45,33,24,4.905
2526,400002,2速1耐1力1智1友,697781251485597069,68139,US4,3337,1951,1992,1345,1853,8858,2700,6000,8250,3,1,7,11,12,0/1/2,5/8/9,15/17/18,10,17,15,0,3,2,1,0,1,0,40,47,50,1,0,0,22,24,24,15,19,17,8,8,5,136,122,113,49,30,24,4.364
1302,400001,3速1耐1智1友,12474656534408678991,62096,UA8,3337,1218,2200,899,1716,8722,3150,4800,6750,3,1,8,9,10,0/1/4,5/7/9,15/17/18,9,14,11,0,3,2,1,0,2,0,40,40,46,0,3,2,22,24,24,11,18,21,3,9,11,108,160,145,23,36,42,4.595
126,400000,3速1耐1智1友,1824976488916639030,69886,US5,3337,2325,1999,1653,1285,8764,3600,5400,6750,3,1,9,10,10,0/1/4,5/7/9,15/17/18,13,15,14,0,3,2,1,0,0,0,41,42,45,0,1,2,22,24,24,12,14,12,3,4,2,107,127,101,29,40,28,4.352
1901,400001,2速1耐1力1智1友,16999305294792258330,64882,US1,3200,2135,2200,1216,1391,8195,2700,6000,7500,3,1,7,11,11,0/1/2,5/8/9,15/17/18,10,17,14,0,3,2,1,0,0,0,39,44,48,0,0,0,22,24,24,16,17,13,9,6,2,134,108,104,39,38,29,4.370
2526,400003,2速1耐1力1智1友,13400994923714237428,66185,US2,3251,1679,2200,1194,1889,8446,2700,4800,7500,3,1,7,9,11,0/1/2,5/8/9,15/17/18,12,16,14,0,3,2,1,0,0,0,40,42,50,2,5,0,22,24,24,19,19,13,12,10,2,156,150,112,46,47,27,4.157
1302,400002,3速1耐1智1友,14512315890003741748,65074,US1,3337,1520,2200,1172,1679,8751,2700,5400,8250,3,1,7,10,12,0/1/4,5/7/9,15/17/18,12,16,13,0,3,2,1,0,1,1,41,44,48,1,0,0,22,24,24,12,20,18,5,10,6,142,141,109,44,52,30,4.563
126,400001,3速1耐1智1友,15184651421614135103,67593,US3,3337,1713,1960,1304,1962,8805,3150,5400,7500,3,1,8,10,11,0/1/4,5/7/9,15/17/18,11,14,14,0,3,2,1,0,0,0,41,39,50,0,0,2,22,24,24,11,14,14,3,4,3,114,106,136,27,32,48,4.456
1901,400002,2速1耐1力1智1友,9333765736195219903,63253,UA9,3337,2036,2200,1059,1137,8168,2250,5400,7500,3,1,6,10,11,0/1/2,5/8/9,15/17/18,8,16,14,0,3,2,1,0,0,0,37,41,49,2,0,2,22,24,24,15,18,17,9,8,6,111,120,116,31,40,30,4.089
2557,400000,2速1耐1力1智1友,10080038957103595754,66830,US3,3337,1852,2184,1169,1740,8722,2700,5400,8250,3,1,7,10,12,0/1/2,5/8/9,15/17/18,11,17,15,0,1,4,1,0,0,1,40,47,50,2,1,0,22,24,24,14,21,19,7,11,7,138,162,110,32,83,28,4.468
126,400002,3速1耐1智1友,12203765074566690812,65049,US1,3337,1594,1890,1227,1952,8406,3150,4800,8250,3,1,8,9,12,0/1/4,5/7/9,15/17/18,10,15,15,0,3,2,1,0,0,0,40,43,51,0,4,0,22,24,24,13,16,20,5,7,8,117,161,109,23,59,21,4.339
1302,400003,3速1耐1智1友,9035267875552578148,69304,US5,3337,2000,2200,1426,1701,8849,3150,4800,8250,3,1,8,9,12,0/1/4,5/7/9,15/17/18,9,13,15,0,3,2,1,0,0,1,38,39,51,0,0,0,22,24,24,8,15,19,0,6,7,77,138,108,20,46,21,5.090
1901,400003,2速1耐1力1智1友,5929698635750101427,65621,US2,3337,2140,2200,1234,1058,8453,3600,4800,7500,3,1,9,9,11,0/1/2,5/8/9,15/17/18,13,14,14,0,3,2,1,0,0,0,42,42,50,0,6,3,22,24,24,14,23,13,5,14,2,108,177,117,23,88,39,4.598
2557,400001,2速1耐1力1智1友,2349271217131251493,68132,US4,3337,2250,2200,1339,1206,8745,2700,6000,7500,3,1,7,11,11,0/1/2,5/8/9,15/17/18,11,17,14,0,3,2,1,0,0,0,39,47,48,2,0,1,22,24,24,11,20,14,4,9,3,137,122,96,58,40,17,4.716
126,400003,3速1耐1智1友,2179720612935735321,67761,US4,3337,1980,1889,1393,1793,8630,3150,6000,7500,3,1,8,11,11,0/1/4,5/7/9,15/17/18,13,12,14,0,3,2,1,0,0,0,42,44,48,0,0,1,22,24,24,13,23,19,5,12,8,119,140,121,29,48,29,4.576
1305,400000,3速1耐1智1友,7664756621628122507,67035,US3,3337,2094,2049,1228,1624,8692,3150,4800,7500,3,1,8,9,11,0/1/4,5/7/9,15/17/18,14,12,14,0,3,2,1,0,1,0,43,39,44,0,0,0,22,24,24,13,16,16,5,7,5,116,106,118,30,40,21,5.415
1938,400000,2速1耐1力1智1友,1766494226857372044,63778,US,3177,1903,2182,1097,1587,8203,2700,4800,7500,3,1,7,9,11,0/1/2,5/8/9,15/17/18,13,13,15,0,3,2,1,0,0,0,41,44,50,2,4,4,22,24,24,13,22,18,6,13,7,117,188,126,16,104,33,4.534
2557,400002,2速1耐1力1智1友,4135196995248227270,61060,UA7,2996,2105,2200,1086,1296,8119,2700,4800,6750,3,1,7,9,10,0/1/2,5/8/9,15/17/18,9,16,13,0,3,2,1,0,0,0,39,47,43,0,6,2,22,24,24,13,22,14,6,13,4,112,159,86,32,56,24,5.155
129,400000,3速1耐1智1友,3676678860147461545,64086,US,3337,1916,2030,1356,1277,8268,3150,4800,7500,3,1,8,9,11,0/1/4,5/7/9,15/17/18,13,13,12,0,3,2,1,0,0,0,42,44,48,0,8,0,22,24,24,9,19,18,1,10,7,108,169,107,25,81,20,4.028
1938,400001,2速1耐1力1智1友,17217381607911577751,64999,US1,3112,2030,2200,1256,1609,8416,2700,5400,8250,3,1,7,10,12,0/1/2,5/8/9,15/17/18,9,16,14,0,1,4,1,0,0,0,40,48,48,1,0,0,22,24,24,15,19,20,8,9,8,148,148,111,45,52,25,4.286
1305,400001,3速1耐1智1友,8848920465470673387,67776,US4,3337,1888,1834,1235,2098,9056,3150,6000,7500,3,1,8,11,11,0/1/4,5/7/9,15/17/18,11,14,14,0,3,2,1,0,0,1,40,44,48,1,0,1,22,24,24,14,18,19,6,7,8,115,142,140,36,43,33,5.481
129,400001,3速1耐1智1友,15526567123375755449,68135,US4,3337,2285,1678,1534,1737,8524,3150,6000,6750,3,1,8,11,10,0/1/4,5/7/9,15/17/18,11,18,14,0,3,2,1,0,0,0,40,47,40,0,1,2,22,24,24,13,16,16,5,5,6,124,144,124,39,40,32,4.117
2557,400003,2速1耐1力1智1友,14588682232865876894,65512,US2,3004,2306,2200,1278,1462,8590,2700,4800,7500,3,1,7,9,11,0/1/2,5/8/9,15/17/18,9,15,15,0,3,2,1,0,1,0,40,37,47,1,0,0,22,24,24,15,16,14,8,7,3,130,103,96,32,30,24,5.149
1938,400002,2速1耐1力1智1友,17555155350068825378,66490,US3,3337,1846,2200,1072,1805,8570,3150,6600,6750,3,1,8,12,10,0/1/2,5/8/9,15/17/18,11,17,13,0,3,2,1,0,1,0,41,47,45,1,0,3,22,24,24,13,19,15,5,7,5,132,114,107,32,39,26,4.179
129,400002,3速1耐1智1友,13376421679691336533,63818,US,3337,1784,2200,1206,1291,8366,2250,5400,7500,3,1,6,10,11,0/1/4,5/7/9,15/17/18,6,13,14,0,3,2,1,0,0,0,37,45,49,2,3,0,22,24,24,11,14,16,5,4,5,148,143,101,53,63,21,3.852
2558,400000,2速1耐1力1智1友,4307703606047605535,72223,US7,3329,2168,2200,1462,1845,9121,2700,5400,8250,3,1,7,10,12,0/1/2,5/8/9,15/17/18,11,16,17,0,3,2,1,0,0,0,41,39,51,5,0,0,22,24,24,17,17,17,10,7,5,138,96,110,29,32,24,4.313
1305,400002,3速1耐1智1友,4117836946372357454,73438,US8,3337,2400,2087,1544,1817,9391,2700,6600,7500,3,1,7,12,11,0/1/4,5/7/9,15/17/18,10,14,13,0,2,3,1,0,0,0,39,45,48,2,0,0,22,24,24,14,16,15,7,4,4,147,129,104,47,38,30,6.254
1938,400003,2速1耐1力1智1友,16333758374210345284,68455,US4,3297,2291,2200,1340,1370,8618,3150,6000,7500,3,1,8,11,11,0/1/2,5/8/9,15/17/18,7,16,13,0,3,2,1,0,0,1,40,47,47,0,0,0,22,24,24,11,17,17,3,6,6,93,113,107,23,24,21,4.656
129,400003,3速1耐1智1友,8570954855925024719,67085,US3,3337,2012,1682,1430,1997,8512,2700,6000,6000,3,1,7,11,9,0/1/4,5/7/9,15/17/18,8,17,16,0,3,2,1,0,0,1,39,46,42,0,2,3,22,24,24,10,14,15,3,3,6,139,166,123,53,76,38,3.897
2558,400001,2速1耐1力1智1友,9618603019213530736,64620,US1,3103,1672,2198,1153,1854,8614,3150,6000,6750,3,1,8,11,10,0/1/2,5/8/9,15/17/18,8,15,14,0,3,2,1,0,0,0,39,47,39,2,0,0,22,24,24,15,20,14,7,9,4,118,134,115,27,47,31,4.123
1305,400003,3速1耐1智1友,15294807928873932370,65084,US1,3337,1713,1983,1067,1984,8477,3150,5400,6750,3,1,8,10,10,0/1/4,5/7/9,15/17/18,9,15,13,0,3,2,1,0,0,0,42,43,41,0,0,0,22,24,24,11,15,17,3,5,7,141,157,112,62,63,24,4.569
1969,400000,2速1耐1力1智1友,5536225294138960847,66219,US2,3198,2330,1891,1318,1591,8474,3150,5400,7500,3,1,8,10,11,0/1/2,5/8/9,15/17/18,13,14,15,0,3,2,1,0,0,0,42,46,48,2,2,1,22,24,24,17,21,17,9,11,6,132,165,121,26,68,25,4.378
133,400000,3速1耐1智1友,17988593836478679310,64504,US1,3337,1638,1679,1165,2074,8516,2700,5400,7500,3,1,7,10,11,0/1/4,5/7/9,15/17/18,11,16,15,0,3,2,1,0,0,1,41,44,50,1,0,3,22,24,24,14,16,17,7,6,6,129,142,123,38,59,18,4.150
2558,400002,2速1耐1力1智1友,14072917930852644404,64326,US1,2780,2239,2200,1434,1512,8591,2700,6600,7500,3,1,7,12,11,0/1/2,5/8/9,15/17/18,10,17,15,0,3,2,1,0,0,0,38,47,48,3,0,0,22,24,24,11,19,17,4,7,6,144,113,110,49,29,26,4.182
1969,400001,2速1耐1力1智1友,7476605837936695693,66355,US2,3337,2012,2200,1031,1539,8795,2700,5400,7500,3,1,7,10,11,0/1/2,5/8/9,15/17/18,13,15,14,0,3,2,1,0,0,0,43,39,48,5,0,1,22,24,24,19,17,14,12,7,3,180,96,103,50,38,24,4.235
1309,400000,3速1耐1智1友,3991869760242077988,68962,US4,3337,2090,1917,1299,1924,9084,2700,6000,6750,3,1,7,11,10,0/1/4,5/7/9,15/17/18,11,14,13,0,3,2,1,0,1,0,40,42,47,2,0,2,22,24,24,14,21,17,7,10,7,146,143,132,38,42,34,6.612
133,400001,3速1耐1智1友,2826942495585530225,66530,US3,3337,1908,1919,1402,1816,8517,2250,6600,7500,3,1,6,12,11,0/1/4,5/7/9,15/17/18,6,14,13,0,3,2,1,0,0,0,37,46,51,2,0,3,22,24,24,15,18,17,9,6,6,127,132,125,23,38,31,4.634
2558,400003,2速1耐1力1智1友,9139444231675033648,66206,US2,3326,1945,2200,1328,1343,8504,3150,4800,8250,3,1,8,9,12,0/1/2,5/8/9,15/17/18,11,14,13,0,3,2,1,0,0,0,39,40,48,0,1,0,22,24,24,15,21,16,7,12,4,135,129,95,37,45,17,4.479
1969,400002,2速1耐1力1智1友,9109815829386084430,63847,US,3337,1764,2195,926,1534,8387,2250,6000,7500,3,1,6,11,11,0/1/2,5/8/9,15/17/18,11,16,14,0,3,2,1,0,0,0,40,44,48,6,0,1,22,24,24,16,18,14,10,7,3,141,102,107,45,32,27,4.167
133,400002,3速1耐1智1友,3215642743964700961,62707,UA9,3337,2012,1694,1288,1408,8228,3150,5400,8250,3,1,8,10,12,0/1/4,5/7/9,15/17/18,10,17,14,0,3,2,1,0,0,1,40,41,49,0,1,0,22,24,24,12,18,18,4,8,6,111,150,129,30,57,32,4.424
2583,400000,2速1耐1力1智1友,8003765304613192391,64034,US,3098,1965,2200,1304,1461,8359,2700,6000,7500,3,1,7,11,11,0/1/2,5/8/9,15/17/18,9,16,15,0,3,2,1,0,1,0,40,48,47,0,1,0,22,24,24,18,22,16,11,11,5,117,152,98,30,62,26,4.328
1309,400001,3速1耐1智1友,10330337446676540856,67051,US3,3337,1871,2113,1127,1736,9019,2700,4800,7500,3,1,7,9,11,0/1/4,5/7/9,15/17/18,10,13,15,0,3,2,1,0,0,0,39,43,49,1,6,3,22,24,24,15,23,17,8,14,6,124,183,112,31,93,28,5.840
1969,400003,2速1耐1力1智1友,1609349604346054042,65317,US2,3337,1869,2200,1049,1546,8619,2700,6000,7500,3,1,7,11,11,0/1/2,5/8/9,15/17/18,14,15,13,0,3,2,1,0,1,0,40,43,49,1,2,2,22,24,24,15,20,15,8,9,4,126,132,119,20,35,37,4.402
133,400003,3速1耐1智1友,10286886572679552208,64628,US1,3337,1822,1808,1283,1717,8355,3150,5400,6750,3,1,8,10,10,0/1/4,5/7/9,15/17/18,10,12,15,0,3,2,1,0,0,0,41,43,43,0,1,0,22,24,24,10,18,15,2,8,5,112,158,102,30,48,34,4.489
2583,400001,2速1耐1力1智1友,1585277982514682023,69154,US5,3151,2081,2200,1355,1918,8832,3150,6000,7500,3,1,8,11,11,0/1/2,5/8/9,15/17/18,9,17,14,0,3,2,1,0,0,0,39,48,48,0,2,0,22,24,24,14,21,17,6,10,6,124,153,117,27,37,30,4.230
1309,400002,3速1耐1智1友,1797348687423034362,64129,US,3337,1577,2012,1020,1843,8586,2700,6000,7500,3,1,7,11,11,0/1/4,5/7/9,15/17/18,12,15,12,0,2,3,1,0,0,3,41,46,44,1,3,0,22,24,24,16,19,17,9,8,6,137,169,114,43,70,23,4.531
1970,400000,2速1耐1力1智1友,9416916906217591826,69467,US5,3248,2313,2200,1232,1594,8834,3150,5400,8250,3,1,8,10,12,0/1/2,5/8/9,15/17/18,14,15,15,0,3,2,1,0,0,1,43,42,51,3,5,0,22,24,24,17,20,16,9,10,4,134,150,100,34,70,27,4.468
134,400000,3速1耐1智1友,6476006757721403900,65375,US2,3337,1698,1821,1413,1854,8446,2700,5400,7500,3,1,7,10,11,0/1/4,5/7/9,15/17/18,11,15,13,0,2,3,1,0,0,3,39,45,47,3,0,0,22,24,24,12,22,16,5,12,5,148,167,105,56,62,22,4.349
2583,400002,2速1耐1力1智1友,6221352612776938883,64039,US,3161,1675,2135,1248,1823,8412,2700,4800,7500,3,1,7,9,11,0/1/2,5/8/9,15/17/18,10,14,14,0,2,2,0,0,0,0,38,46,45,0,3,0,22,24,24,8,22,18,1,13,7,99,173,113,29,83,36,4.153
1309,400003,3速1耐1智1友,11621206309904996806,64432,US1,3337,1969,2046,1182,1402,8465,3600,4800,7500,3,1,9,9,11,0/1/4,5/7/9,15/17/18,9,14,14,0,3,2,1,0,2,0,41,40,47,0,4,0,22,24,24,13,17,14,4,8,3,119,155,99,25,39,23,4.433
1970,400001,2速1耐1力1智1友,12734165889975096865,70103,US5,3337,2122,2200,1116,1857,8899,2700,6600,7500,3,1,7,12,11,0/1/2,5/8/9,15/17/18,12,16,14,0,3,2,1,0,0,0,41,46,49,2,0,0,22,24,24,15,17,16,8,5,5,127,106,99,30,37,27,4.229
134,400001,3速1耐1智1友,11684020922461941920,66652,US3,3337,1627,1778,1252,2276,8634,2700,6000,7500,3,1,7,11,11,0/1/4,5/7/9,15/17/18,9,18,15,0,3,2,1,0,0,0,41,47,50,1,1,4,22,24,24,18,18,15,11,7,4,136,138,117,37,43,29,4.694
1351,400000,2速2耐1智1友,13136923680609062800,65928,US2,3337,2400,1534,1688,1322,8247,3600,6000,6750,3,1,9,11,10,0/1/4,5/7/9,15/17/19,13,13,14,0,3,2,1,0,0,0,41,44,44,0,4,0,22,24,24,15,19,19,6,8,9,108,163,106,22,64,27,4.636
2583,400003,2速1耐1力1智1友,16115438288859153314,64006,US,3254,1707,2200,1202,1556,8281,2250,5400,8250,3,1,6,10,12,0/1/2,5/8/9,15/17/18,7,16,14,0,2,3,1,0,0,0,36,40,49,1,0,0,22,24,24,12,18,17,6,8,5,114,119,107,27,53,24,5.404
1970,400002,2速1耐1力1智1友,594854993633837334,71301,US6,3337,2232,2200,1189,1726,9203,3150,5400,8250,3,1,8,10,12,0/1/2,5/8/9,15/17/18,12,16,15,0,3,2,1,0,0,0,44,45,50,0,0,0,22,24,24,14,21,18,6,11,6,133,126,123,30,36,35,4.452
134,400002,3速1耐1智1友,6566141235891151414,64749,US1,3337,1519,2077,1325,1713,8446,2250,5400,7500,3,1,6,10,11,0/1/4,5/7/9,15/17/18,10,13,14,0,3,2,1,0,0,0,41,40,49,6,1,1,22,24,24,16,18,19,10,8,8,148,161,139,56,49,33,4.427
1970,400003,2速1耐1力1智1友,16514242987457640428,62841,UA9,3183,1965,2200,1075,1429,8062,2700,4800,7500,3,1,7,9,11,0/1/2,5/8/9,15/17/18,12,14,15,0,3,2,1,0,0,0,40,41,50,1,2,4,22,24,24,10,20,14,3,11,3,137,160,133,52,75,37,3.968
1351,400001,2速2耐1智1友,10268505724194551184,64676,US1,3337,1805,1623,1509,1895,8278,2700,6000,7500,3,1,7,11,11,0/1/4,5/7/9,15/17/19,7,14,12,0,2,3,1,0,0,0,37,44,47,0,2,0,22,24,24,8,19,19,1,8,8,108,136,150,33,36,34,5.210
2584,400000,2速1耐1力1智1友,6029378729065789734,67599,US3,3053,2034,2036,1513,1950,8654,2250,6600,7500,3,1,6,12,11,0/1/2,5/8/9,15/17/18,8,16,15,0,3,2,1,0,0,0,38,45,50,8,0,2,22,24,24,18,17,15,12,5,4,160,103,106,27,18,25,6.613
134,400003,3速1耐1智1友,5636072096396336101,69464,US5,3337,1991,2094,1485,1841,8734,2700,5400,7500,3,1,7,10,11,0/1/4,5/7/9,15/17/18,6,15,16,0,3,2,1,0,0,1,36,41,49,1,0,1,22,24,24,10,18,17,3,8,6,128,109,129,41,30,27,4.085
1351,400002,2速2耐1智1友,979166068399675838,68762,US4,3337,2400,1464,1556,1860,8724,3600,5400,6750,3,1,9,10,10,0/1/4,5/7/9,15/17/19,15,12,15,0,3,2,1,0,0,0,43,42,47,0,0,3,22,24,24,15,20,13,6,10,3,125,134,132,26,32,33,4.341
1995,400000,2速1耐1力1智1友,6732939020634481707,69096,US5,3337,2400,2114,1442,1324,8527,3150,5400,7500,3,1,8,10,11,0/1/2,5/8/9,15/17/18,11,16,13,0,3,2,1,0,0,0,41,44,49,0,4,0,22,24,24,15,21,17,7,11,6,122,169,111,22,87,32,5.167
154,400000,3速1耐1智1友,9378386286202184960,66868,US3,3337,1846,1615,1442,2039,8714,2700,5400,7500,3,1,7,10,11,0/1/4,5/7/9,15/17/18,10,17,15,0,3,2,1,0,0,0,40,42,49,4,1,1,22,24,24,13,20,16,6,10,5,133,146,110,42,46,29,4.129
2584,400001,2速1耐1力1智1友,7041676513138960795,70012,US5,3337,1979,2200,1277,1911,8948,3150,6000,7500,3,1,8,11,11,0/1/2,5/8/9,15/17/18,11,15,16,0,3,2,1,0,2,0,40,44,49,0,1,0,22,24,24,19,18,18,11,7,7,129,126,117,19,38,24,7.006
1351,400003,2速2耐1智1友,5384244577853244818,65584,US2,3294,2348,1435,1635,1550,8223,2700,5400,7500,3,1,7,10,11,0/1/4,5/7/9,15/17/19,7,13,13,0,3,2,1,0,0,0,37,39,47,0,0,0,22,24,24,15,18,18,8,8,7,134,148,108,65,66,30,4.311
1995,400001,2速1耐1力1智1友,10672285904625540791,65826,US2,3337,2069,2200,1147,1396,8328,2700,6000,7500,3,1,7,11,11,0/1/2,5/8/9,15/17/18,12,14,15,0,3,2,1,0,0,0,41,46,50,1,0,3,22,24,24,13,21,17,6,10,6,122,101,115,31,28,25,5.316
154,400001,3速1耐1智1友,13890968461524469506,65355,US2,3337,1835,1628,1506,1911,8305,2700,4800,7500,3,1,7,9,11,0/1/4,5/7/9,15/17/18,8,17,15,0,3,2,1,0,0,1,40,42,48,0,4,1,22,24,24,14,12,18,7,3,7,123,167,111,33,88,21,4.019
1352,400000,2速2耐1智1友,12251328179022333464,71439,US6,3337,2400,1619,1700,1937,8942,3150,6000,7500,3,1,8,11,11,0/1/4,5/7/9,15/17/19,12,13,15,0,3,2,1,0,0,0,41,44,48,0,0,0,22,24,24,18,21,20,10,10,9,145,155,157,40,50,46,4.655
154,400002,3速1耐1智1友,13786337134729221785,63986,US,3337,1687,1660,1286,1832,8594,2700,5400,8250,3,1,7,10,12,0/1/4,5/7/9,15/17/18,10,18,14,0,2,3,1,0,0,1,41,43,50,1,0,0,22,24,24,14,16,15,7,6,3,110,132,107,21,51,26,4.690
2584,400002,2速1耐1力1智1友,17272280669747762420,68685,US4,2890,2393,1963,1733,1873,8755,2250,6600,7500,3,1,6,12,11,0/1/2,5/8/9,15/17/18,8,16,13,0,2,3,1,0,0,0,38,48,48,3,0,2,22,24,24,11,17,16,5,5,5,119,122,114,24,31,29,6.637
1995,400002,2速1耐1力1智1友,9599000679609263135,63760,US,3098,2215,2200,1142,1240,8197,2700,6000,7500,3,1,7,11,11,0/1/2,5/8/9,15/17/18,10,16,14,0,3,2,1,0,0,0,39,47,47,4,1,1,22,24,24,18,20,16,11,9,5,152,146,106,45,38,18,5.122
1352,400001,2速2耐1智1友,1656113621800724963,68840,US4,3337,2273,1463,1764,1895,8667,3150,5400,8250,3,1,8,10,12,0/1/4,5/7/9,15/17/19,12,12,14,0,2,3,1,0,0,0,40,41,47,0,0,1,22,24,24,9,17,18,1,7,6,107,111,125,26,37,31,4.086
154,400003,3速1耐1智1友,1723313833920486523,68505,US4,3337,1780,2034,1401,1866,9175,2700,5400,8250,3,1,7,10,12,0/1/4,5/7/9,15/17/18,7,15,16,0,3,2,1,0,0,0,38,40,50,4,0,0,22,24,24,14,21,15,7,11,3,125,121,94,29,42,23,4.269
1995,400003,2速1耐1力1智1友,9480115255485009564,64775,US1,3184,1908,2200,1101,1725,8218,2700,5400,7500,3,1,7,10,11,0/1/2,5/8/9,15/17/18,9,16,15,0,3,2,1,0,0,0,39,37,50,1,0,3,22,24,24,15,19,14,8,9,3,141,122,105,37,57,28,4.354
1352,400002,2速2耐1智1友,3923396113403412770,71001,US6,3337,2400,1396,1725,1979,8840,3150,5400,6750,3,1,8,10,10,0/1/4,5/7/9,15/17/19,13,15,16,0,3,2,1,0,0,0,41,41,45,0,1,3,22,24,24,11,17,13,3,7,3,123,162,111,43,66,38,3.889
2584,400003,2速1耐1力1智1友,8150812652043682827,69208,US5,3337,1915,2200,1346,1802,9037,2700,6600,8250,3,1,7,12,12,0/1/2,5/8/9,15/17/18,12,16,16,0,3,2,1,0,0,0,41,46,49,2,0,0,22,24,24,15,18,15,8,6,3,136,127,101,37,48,29,6.371
1996,400000,2速1耐1力1智1友,14884334933259691180,65151,US2,3196,1709,2200,842,2043,8387,2700,6600,7500,3,1,7,12,11,0/1/2,5/8/9,15/17/18,12,18,14,0,3,2,1,0,0,2,41,47,48,5,0,0,22,24,24,17,17,16,10,5,5,156,98,119,26,14,20,4.552
167,400000,3速1耐1智1友,6311774720018316066,66279,US2,3337,2042,1928,1605,1408,8409,3150,5400,8250,3,1,8,10,12,0/1/4,5/7/9,15/17/18,10,13,14,0,3,2,1,0,0,0,41,40,49,1,0,0,22,24,24,14,21,15,6,11,3,138,126,101,36,54,24,5.102
1352,400003,2速2耐1智1友,2111078420928874467,65276,US2,3337,2123,1317,1430,1941,8237,2700,5400,7500,3,1,7,10,11,0/1/4,5/7/9,15/17/19,10,14,15,0,3,2,1,0,0,2,42,40,47,4,3,0,22,24,24,16,16,16,9,6,5,128,166,129,35,66,26,3.992
2594,400000,2速1耐1力1智1友,6233464380300074482,66252,US2,3292,1898,2200,1168,1566,8568,2700,6600,7500,3,1,7,12,11,0/1/2,5/8/9,15/17/18,10,17,12,0,3,2,1,0,1,0,40,47,44,1,0,0,22,24,24,14,16,16,7,4,5,157,112,96,48,39,24,6.344
167,400001,3速1耐1智1友,7618091259350051226,62984,UA9,3337,1800,1758,1368,1601,8339,2250,5400,6750,3,1,6,10,10,0/1/4,5/7/9,15/17/18,10,16,13,0,3,2,1,0,0,0,41,44,45,6,1,3,22,24,24,16,18,14,10,8,4,158,139,104,52,34,27,4.031
1996,400001,2速1耐1力1智1友,4554020632432582234,66107,US2,3337,1958,2200,1103,1546,8401,3150,6000,7500,3,1,8,11,11,0/1/2,5/8/9,15/17/18,11,16,16,0,3,2,1,0,0,0,40,46,50,0,0,2,22,24,24,17,18,16,9,7,5,118,122,144,31,37,34,4.643
1394,400000,2速1耐1力1智1友,9911414144053335317,65699,US2,3337,1779,2030,1073,1814,8644,2700,5400,7500,3,1,7,10,11,0/1/2,5/8/9,15/17/18,9,15,14,0,2,3,1,0,0,1,39,40,47,0,0,0,22,24,24,12,16,19,5,6,8,103,116,131,32,28,30,4.081
2594,400001,2速1耐1力1智1友,4941379347040325593,65578,US2,2814,2315,2200,1286,1702,8477,2700,6000,7500,3,1,7,11,11,0/1/2,5/8/9,15/17/18,12,15,16,0,3,2,1,0,0,0,43,46,49,3,0,2,22,24,24,10,15,17,3,4,6,133,91,129,43,20,27,4.324
167,400002,3速1耐1智1友,17868632780962929535,66817,US3,3337,2057,1970,1454,1562,8537,2700,6000,7500,3,1,7,11,11,0/1/4,5/7/9,15/17/18,10,15,15,0,3,2,1,0,0,0,40,45,50,1,0,0,22,24,24,12,21,18,5,10,7,130,135,106,37,44,30,4.264
1996,400002,2速1耐1力1智1友,9337252986544210819,62319,UA8,3010,1927,2020,1035,1932,8257,2700,6600,7500,3,1,7,12,11,0/1/2,5/8/9,15/17/18,8,17,13,0,3,2,1,0,0,0,39,48,48,2,1,0,22,24,24,11,18,15,4,6,4,131,119,120,31,30,28,4.573
1394,400001,2速1耐1力1智1友,8688556683124149608,66995,US3,3335,1844,1980,1106,1955,8772,3150,5400,7500,3,1,8,10,11,0/1/2,5/8/9,15/17/18,12,13,16,0,3,2,1,0,0,0,43,39,46,3,0,0,22,24,24,16,23,14,8,13,3,134,127,119,34,36,45,4.454
2594,400002,2速1耐1力1智1友,14091960578346196470,69022,US5,3337,1976,2200,1135,1673,8819,2700,5400,8250,3,1,7,10,12,0/1/2,5/8/9,15/17/18,11,17,15,0,3,2,1,0,0,0,40,41,50,1,1,0,22,24,24,10,20,19,3,10,7,143,122,116,50,29,31,4.316
167,400003,3速1耐1智1友,15671206644366189028,64116,US,3337,1748,1722,1369,1869,8315,2700,6000,6750,3,1,7,11,10,0/1/4,5/7/9,15/17/18,9,16,14,0,3,2,1,0,0,0,40,45,47,0,1,2,22,24,24,17,16,13,10,5,3,122,149,115,41,62,27,4.120
1394,400002,2速1耐1力1智1友,16121860379797054444,64814,US1,3252,1935,1830,1238,1854,8517,1800,5400,8250,3,1,5,10,12,0/1/2,5/8/9,15/17/18,9,15,13,0,1,4,1,0,0,2,38,42,47,8,0,0,22,24,24,15,18,18,10,8,6,150,125,126,39,31,41,4.011
1996,400003,2速1耐1力1智1友,12305419820658698995,65653,US2,3337,1913,2200,1017,1587,8561,2700,6000,7500,3,1,7,11,11,0/1/2,5/8/9,15/17/18,11,15,14,0,3,2,1,0,0,0,41,45,49,1,0,0,22,24,24,16,21,16,9,10,5,144,144,119,35,65,22,4.279
2594,400003,2速1耐1力1智1友,9125847801906060246,64936,US1,3337,1904,2200,1142,1444,8339,3150,5400,6750,3,1,8,10,10,0/1/2,5/8/9,15/17/18,11,15,15,0,3,2,1,0,0,1,39,46,43,0,2,0,22,24,24,14,21,18,6,11,8,124,176,114,35,85,33,4.404
172,400000,3速1耐1智1友,13772483802110586953,64310,US1,3337,1677,1872,1278,1758,8608,3150,4800,7500,3,1,8,9,11,0/1/4,5/7/9,15/17/18,9,17,16,0,2,3,1,0,0,2,40,45,45,0,5,0,22,24,24,19,20,14,11,11,3,130,161,103,43,46,26,4.188
1394,400003,2速1耐1力1智1友,7293265783375110738,68553,US4,3125,2212,2200,1143,1897,8729,2700,5400,7500,3,1,7,10,11,0/1/2,5/8/9,15/17/18,12,14,14,0,3,2,1,0,0,0,41,43,50,3,0,3,22,24,24,15,18,17,8,8,6,137,125,130,42,32,33,4.376
2006,400000,2速1耐1力1智1友,5302387463831602740,65560,US2,3337,2225,2184,1115,1217,7999,2700,6000,7500,3,1,7,11,11,0/1/2,5/8/9,15/17/18,10,14,14,0,3,2,1,0,0,0,39,44,47,1,0,0,22,24,24,12,19,14,5,8,3,146,132,109,58,59,19,4.595
172,400001,3速1耐1智1友,6498649441425997630,62113,UA8,3337,1466,2200,1065,1461,8308,2700,4800,7500,3,1,7,9,11,0/1/4,5/7/9,15/17/18,6,13,13,0,3,2,1,0,0,0,36,41,48,0,3,0,22,24,24,11,22,16,4,13,5,83,156,100,22,93,23,4.006
2610,400000,2速1耐1力1智1友,3468798274282935606,64032,US,3337,1984,2200,1062,1123,8480,2700,6000,6750,3,1,7,11,10,0/1/2,5/8/9,15/17/18,9,16,15,0,3,2,1,0,0,0,38,45,38,0,0,0,22,24,24,16,19,13,9,8,3,123,118,87,29,40,26,4.341
1435,400000,2速1耐1力1智1友,946554971056627743,65431,US2,3337,1978,2091,1162,1472,8292,2700,5400,7500,3,1,7,10,11,0/1/2,5/8/9,15/17/18,8,14,16,0,3,2,1,0,0,0,40,43,48,0,3,1,22,24,24,13,20,15,6,10,4,127,138,124,46,50,33,4.137
2006,400001,2速1耐1力1智1友,1042271555672596648,64611,US1,3161,2400,2200,1150,984,8209,3150,5400,7500,3,1,8,10,11,0/1/2,5/8/9,15/17/18,12,14,15,0,3,2,1,0,0,0,41,42,49,0,0,2,22,24,24,14,18,14,6,8,3,110,109,102,34,40,20,5.865
172,400002,3速1耐1智1友,11734176072054456123,64432,US1,3337,2099,1514,1366,1715,8430,2700,5400,8250,3,1,7,10,12,0/1/4,5/7/9,15/17/18,9,14,14,0,3,2,1,0,0,0,38,41,48,0,0,0,22,24,24,13,17,16,6,7,4,126,124,108,35,47,31,4.264
2610,400001,2速1耐1力1智1友,6270030961345118206,65591,US2,3288,2047,2200,1189,1320,8561,2700,5400,7500,3,1,7,10,11,0/1/2,5/8/9,15/17/18,12,15,15,0,3,2,1,0,1,0,40,46,48,1,4,0,22,24,24,10,23,16,3,13,5,118,167,121,39,64,23,4.499
1435,400001,2速1耐1力1智1友,8978104039875527063,70356,US6,3337,1987,2200,993,2186,8795,2700,5400,7500,3,1,7,10,11,0/1/2,5/8/9,15/17/18,9,16,14,0,1,4,1,0,0,1,39,44,48,3,0,0,22,24,24,11,17,20,4,7,9,137,111,114,47,38,26,4.122
2006,400002,2速1耐1力1智1友,1591322420487071182,66668,US3,3177,2347,2159,1281,1356,8279,3150,5400,7500,3,1,8,10,11,0/1/2,5/8/9,15/17/18,13,14,13,0,3,2,1,0,0,0,42,47,47,0,4,1,22,24,24,14,24,20,6,14,9,103,163,138,19,66,32,4.357
172,400003,3速1耐1智1友,7713371919251504365,61029,UA7,3337,2030,1676,1246,1166,7996,2700,5400,7500,3,1,7,10,11,0/1/4,5/7/9,15/17/18,8,15,13,0,3,2,1,0,0,0,37,45,47,1,4,0,22,24,24,11,17,17,4,7,6,139,171,114,41,80,26,3.903
1435,400002,2速1耐1力1智1友,5387518644736708418,63625,US,3337,1828,2200,1008,1414,8371,2700,5400,7500,3,1,7,10,11,0/1/2,5/8/9,15/17/18,7,13,16,0,3,2,1,0,0,0,38,37,45,3,0,0,22,24,24,14,18,13,7,8,2,137,115,105,49,30,43,3.920
2610,400002,2速1耐1力1智1友,8665649267744152398,67309,US3,3337,2043,2200,1273,1420,8646,2700,5400,7500,3,1,7,10,11,0/1/2,5/8/9,15/17/18,9,16,14,0,3,2,1,0,0,0,39,44,48,1,1,0,22,24,24,16,20,17,9,10,6,144,161,105,38,63,18,4.684
2006,400003,2速1耐1力1智1友,8716749202724269600,64519,US1,3337,2125,2200,1062,1137,8299,2700,6000,6750,3,1,7,11,10,0/1/2,5/8/9,15/17/18,8,14,14,0,3,2,1,0,0,0,39,45,48,2,4,2,22,24,24,13,21,19,6,10,9,134,175,125,42,99,23,4.086
180,400000,3速1耐1智1友,16023226694216695626,61460,UA7,3337,1827,1619,1162,1522,8187,3150,4200,6750,3,1,8,8,10,0/1/4,5/7/9,15/17/18,9,15,13,0,2,3,1,0,0,0,38,36,43,0,1,0,22,24,24,12,14,17,4,6,7,101,166,84,25,73,24,4.076
1435,400003,2速1耐1力1智1友,17686415128779342464,62755,UA9,2911,2305,2200,1189,1336,8193,3150,5400,8250,3,1,8,10,12,0/1/2,5/8/9,15/17/18,11,13,12,0,3,2,1,0,0,0,42,41,47,2,0,0,22,24,24,19,22,21,11,12,9,155,129,113,43,47,21,4.544
2610,400003,2速1耐1力1智1友,7442111115462791219,57906,UA3,2931,1751,1855,1099,1649,8148,1800,5400,7500,3,1,5,10,11,0/1/2,5/8/9,15/17/18,8,14,13,0,3,2,1,0,0,1,35,41,48,5,1,0,22,24,24,14,19,17,9,9,6,113,137,120,22,58,20,4.572
2022,400000,2速1耐1力1智1友,1764512912095166591,62291,UA8,3337,1635,2066,875,1706,8352,2700,5400,7500,3,1,7,10,11,0/1/2,5/8/9,15/17/18,11,16,12,0,3,2,1,0,0,0,39,40,46,1,0,0,22,24,24,12,17,15,5,7,4,119,107,112,34,20,24,4.075
180,400001,3速1耐1智1友,2967225002256473105,65125,US2,3337,1975,1856,1424,1388,8623,3150,4800,8250,3,1,8,9,12,0/1/4,5/7/9,15/17/18,10,14,15,0,3,2,1,0,0,0,40,40,50,0,0,0,22,24,24,12,18,16,4,9,4,114,114,116,31,53,25,4.135
1436,400000,2速1耐1力1智1友,10126973330263178227,66728,US3,3337,1991,2200,1114,1510,8675,2700,6000,8250,3,1,7,11,12,0/1/2,5/8/9,15/17/18,9,16,14,0,1,4,1,0,0,1,39,47,49,4,0,0,22,24,24,20,16,20,13,5,8,157,105,97,62,34,18,4.313
2659,400000,2速1力1根1智1友,17016305363780355792,63309,UA9,3337,946,2200,1178,1857,8549,2700,6000,7500,3,1,7,11,11,0/2/3,5/6/9,15/16/19,7,14,16,0,3,2,1,0,0,0,39,46,45,1,0,2,22,24,24,11,20,17,4,9,6,130,145,123,25,50,22,4.526
2022,400001,2速1耐1力1智1友,16549104545893266660,66709,US3,3337,2047,2200,1171,1428,8630,2700,5400,8250,3,1,7,10,12,0/1/2,5/8/9,15/17/18,11,15,13,0,2,3,1,0,0,0,40,44,49,1,3,0,22,24,24,16,22,21,9,12,9,123,163,118,24,69,31,4.495
180,400002,3速1耐1智1友,6523990469960129846,65652,US2,3337,1763,1608,1319,2032,8875,2250,6000,8250,3,1,6,11,12,0/1/4,5/7/9,15/17/18,9,17,16,0,3,2,1,0,0,0,38,46,49,3,0,0,22,24,24,13,16,13,7,5,1,132,124,90,46,39,25,4.254
1436,400001,2速1耐1力1智1友,10481979964186605226,65238,US2,3337,1837,1856,1169,1906,8359,2700,5400,7500,3,1,7,10,11,0/1/2,5/8/9,15/17/18,10,13,14,0,3,2,1,0,0,0,38,40,47,0,1,0,22,24,24,13,20,19,6,10,8,93,128,112,21,35,24,3.984
2659,400001,2速1力1根1智1友,1295863017631977640,64665,US1,3337,798,2200,1984,1613,8356,2700,6000,7500,3,1,7,11,11,0/2/3,5/6/9,15/16/19,8,15,15,0,3,2,1,0,0,0,37,44,49,1,0,0,22,24,24,12,15,16,5,4,5,151,133,112,39,57,21,4.929
2022,400002,2速1耐1力1智1友,18412163773599920979,65802,US2,3167,2142,1963,1079,1893,8432,3150,6000,6750,3,1,8,11,10,0/1/2,5/8/9,15/17/18,14,16,15,0,3,2,1,0,2,0,42,42,47,2,0,3,22,24,24,14,17,18,6,6,8,128,111,114,26,39,17,4.138
180,400003,3速1耐1智1友,2815489594396005364,68503,US4,3337,2066,2020,1297,1784,8958,2700,6000,7500,3,1,7,11,11,0/1/4,5/7/9,15/17/18,10,17,15,0,1,2,0,0,0,0,41,46,49,1,1,0,22,24,24,13,16,17,6,5,6,123,150,118,26,60,31,4.720
1436,400002,2速1耐1力1智1友,12628340336937743942,66017,US2,3337,2028,2114,1158,1534,8461,3150,5400,7500,3,1,8,10,11,0/1/2,5/8/9,15/17/18,12,13,15,0,3,2,1,0,1,0,41,40,45,0,0,0,22,24,24,15,23,16,7,13,5,139,152,98,41,61,28,4.086
2659,400002,2速1力1根1智1友,6811153068650969221,66303,US2,3337,766,2200,2129,1672,8652,3150,5400,8250,3,1,8,10,12,0/2/3,5/6/9,15/16/19,12,16,14,0,2,3,1,0,0,0,42,46,50,2,4,0,22,24,24,14,20,18,6,10,6,160,168,113,43,72,34,4.453
2022,400003,2速1耐1力1智1友,7421806133854298300,63308,UA9,3337,1573,2200,788,1682,8246,2250,5400,7500,3,1,6,10,11,0/1/2,5/8/9,15/17/18,7,15,14,0,3,2,1,0,0,1,37,41,49,6,3,0,22,24,24,13,22,17,7,12,6,130,152,128,23,56,35,4.085
190,400000,3速1耐1智1友,16219633253128885626,69302,US5,3337,1908,2032,1442,1960,8799,3150,4800,8250,3,1,8,9,12,0/1/4,5/7/9,15/17/18,13,15,16,0,3,2,1,0,0,0,41,41,49,0,0,0,22,24,24,10,19,19,2,10,7,98,142,104,23,31,21,4.792
1436,400003,2速1耐1力1智1友,10352022197768898125,68821,US4,3337,2181,1855,1208,1907,8779,3150,5400,8250,3,1,8,10,12,0/1/2,5/8/9,15/17/18,8,15,15,0,3,2,1,0,0,0,39,46,51,0,2,0,22,24,24,11,22,19,3,12,7,106,155,127,42,56,34,4.120
2071,400000,2速1力1根1智1友,1887955205917559932,65198,US2,3337,827,2200,1910,1740,8438,2250,6600,8250,3,1,6,12,12,0/2/3,5/6/9,15/16/19,11,16,16,0,3,2,1,0,0,0,40,47,51,5,2,0,22,24,24,11,21,17,5,9,5,148,163,117,40,65,27,4.253
2659,400003,2速1力1根1智1友,13224490638713260845,61831,UA8,3337,964,2200,1549,1494,8114,3150,5400,7500,3,1,8,10,11,0/2/3,5/6/9,15/16/19,11,16,15,0,3,2,1,0,1,0,40,47,46,3,5,0,22,24,24,14,18,13,6,8,2,159,190,114,51,80,24,5.225
190,400001,3速1耐1智1友,13434946135489485411,64313,US1,3337,1559,2200,1220,1405,8841,3150,4800,7500,3,1,8,9,11,0/1/4,5/7/9,15/17/18,10,14,15,0,3,2,1,0,0,0,39,39,49,0,0,3,22,24,24,17,14,16,9,5,5,129,140,120,39,58,38,4.084
1463,400000,2速1耐1力1智1友,3599495556035244109,68353,US4,3337,2389,2049,1259,1369,8761,2700,6000,7500,3,1,7,11,11,0/1/2,5/8/9,15/17/18,11,14,13,0,2,3,1,0,0,2,41,44,45,2,0,0,22,24,24,14,21,14,7,10,3,144,139,95,49,54,16,4.216
2071,400001,2速1力1根1智1友,1248935311729794065,60728,UA6,3337,641,2141,1677,1533,8086,2700,6000,6750,3,1,7,11,10,0/2/3,5/6/9,15/16/19,8,13,14,0,3,2,1,0,1,1,35,45,48,0,2,5,22,24,24,9,23,17,2,12,7,105,152,125,21,41,20,3.939
2671,400000,2速1力1根1智1友,8193394640147216602,65399,US2,3337,926,2200,1345,2174,8536,2250,6000,7500,3,1,6,11,11,0/2/3,5/6/9,15/16/19,7,17,14,0,3,2,1,0,0,0,39,43,48,4,0,0,22,24,24,11,17,18,5,6,7,150,121,121,53,34,28,4.935
190,400002,3速1耐1智1友,305280491753717888,64581,US1,3337,1719,2042,1378,1619,8183,3150,4200,7500,3,1,8,8,11,0/1/4,5/7/9,15/17/18,11,13,16,0,3,2,1,0,0,0,41,37,49,1,3,0,22,24,24,14,15,17,6,7,6,113,138,114,29,77,22,3.956
1463,400001,2速1耐1力1智1友,16934000619961919811,59835,UA5,3337,1495,2089,944,1425,7968,2700,3000,6750,3,1,7,6,10,0/1/2,5/8/9,15/17/18,10,12,13,0,1,4,1,0,0,1,41,29,44,3,1,0,22,24,24,18,22,16,11,16,6,137,162,88,31,91,24,3.938
2071,400002,2速1力1根1智1友,8776907957187315474,62861,UA9,3337,1030,2200,1549,1616,8281,2700,5400,8250,3,1,7,10,12,0/2/3,5/6/9,15/16/19,8,16,15,0,3,2,1,0,0,0,39,46,51,4,3,0,22,24,24,10,19,18,3,9,6,163,154,134,60,49,37,4.110
2671,400001,2速1力1根1智1友,3250849229650108558,65651,US2,3337,883,2200,1476,2145,8541,2700,5400,7500,3,1,7,10,11,0/2/3,5/6/9,15/16/19,13,15,16,0,3,2,1,0,0,0,41,37,50,6,0,2,22,24,24,15,15,15,8,5,4,165,115,123,39,42,30,4.576
1463,400002,2速1耐1力1智1友,15093387851396292029,66917,US3,3337,2250,2044,1136,1583,8520,2700,6000,7500,3,1,7,11,11,0/1/2,5/8/9,15/17/18,10,15,14,0,1,4,1,0,0,1,39,46,44,0,1,0,22,24,24,11,21,17,4,10,6,121,169,106,33,74,30,4.090
190,400003,3速1耐1智1友,8246493977875486440,66559,US3,3337,1819,1939,1550,1662,8602,2700,6600,7500,3,1,7,12,11,0/1/4,5/7/9,15/17/18,10,12,12,0,3,2,1,0,0,0,38,46,49,1,0,0,22,24,24,18,18,19,11,6,8,138,134,134,42,52,36,4.653
2071,400003,2速1力1根1智1友,8824789364803315751,64623,US1,3337,884,2200,1340,2096,8341,2700,6000,7500,3,1,7,11,11,0/2/3,5/6/9,15/16/19,11,16,16,0,3,2,1,0,0,0,40,42,51,3,0,3,22,24,24,12,18,13,5,7,2,139,132,116,28,53,30,3.987
1463,400003,2速1耐1力1智1友,10338131172139316354,68537,US4,3337,1960,2200,931,2003,8847,3150,4800,8250,3,1,8,9,12,0/1/2,5/8/9,15/17/18,8,15,15,0,3,2,1,0,0,0,39,37,49,1,0,0,22,24,24,17,16,18,9,7,6,148,103,110,36,33,22,4.254
264,400000,2速2耐1智1友,7665209409958235918,67810,US4,3337,2122,1486,1590,1873,8687,2700,5400,7500,3,1,7,10,11,0/1/4,5/7/9,15/17/19,12,16,14,0,3,2,1,0,0,0,42,42,46,3,2,0,22,24,24,17,16,13,10,6,2,154,137,112,49,41,25,4.360
2671,400002,2速1力1根1智1友,12632645139046459421,66810,US3,3337,914,2200,1955,1863,8765,2700,6600,7500,3,1,7,12,11,0/2/3,5/6/9,15/16/19,10,17,14,0,3,2,1,0,0,0,40,47,46,4,0,0,22,24,24,12,20,14,5,8,3,158,139,116,53,45,32,5.638
2083,400000,2速1力1根1智1友,17301537330434616864,62262,UA8,3337,878,2200,1800,1438,8269,2700,5400,8250,3,1,7,10,12,0/2/3,5/6/9,15/16/19,12,15,13,0,2,3,1,0,0,0,40,41,48,4,3,0,22,24,24,14,20,16,7,10,4,160,152,96,36,74,27,4.174
1464,400000,2速1耐1力1智1友,13845730938497665862,67834,US4,3337,1903,2200,977,1894,8955,3150,4800,8250,3,1,8,9,12,0/1/2,5/8/9,15/17/18,12,15,16,0,3,2,1,0,0,0,40,40,48,1,3,0,22,24,24,17,20,16,9,11,4,143,146,104,48,53,17,4.198
264,400001,2速2耐1智1友,13344525452357757842,71519,US6,3337,2184,1203,1610,2439,9054,2700,6000,6750,3,1,7,11,10,0/1/4,5/7/9,15/17/19,9,17,17,0,3,2,1,0,0,0,39,46,40,0,0,0,22,24,24,17,17,13,10,6,3,120,143,94,28,57,29,4.131
2671,400003,2速1力1根1智1友,3459970768176149941,63888,US,3337,932,2200,1625,1765,8337,2250,6000,7500,3,1,6,11,11,0/2/3,5/6/9,15/16/19,8,13,13,0,3,2,1,0,1,0,38,46,49,4,2,0,22,24,24,10,18,19,4,7,8,150,143,115,57,44,32,4.749
2083,400001,2速1力1根1智1友,14345144015881166686,64528,US1,3337,1057,2200,1512,1709,8591,2700,5400,7500,3,1,7,10,11,0/2/3,5/6/9,15/16/19,11,15,15,0,3,2,1,0,0,0,42,38,51,3,0,1,22,24,24,12,19,15,5,9,4,137,145,108,38,70,28,4.109
1464,400001,2速1耐1力1智1友,14604065470559052824,66083,US2,3337,2212,2200,995,1286,8706,2250,5400,7500,3,1,6,10,11,0/1/2,5/8/9,15/17/18,10,14,14,0,3,2,1,0,2,0,41,45,49,7,0,1,22,24,24,13,20,17,7,10,6,151,161,140,44,65,27,4.338
264,400002,2速2耐1智1友,7409246696979212506,65254,US2,3337,2156,1443,1673,1581,8220,3150,5400,6750,3,1,8,10,10,0/1/4,5/7/9,15/17/19,11,13,15,0,3,2,1,0,0,0,41,41,48,0,1,6,22,24,24,17,19,13,9,9,3,144,163,128,28,56,43,4.089
2083,400002,2速1力1根1智1友,4873891731844695838,62726,UA9,3337,1175,2200,1339,1569,8268,2250,6000,6750,3,1,6,11,10,0/2/3,5/6/9,15/16/19,11,16,15,0,3,2,1,0,0,1,40,41,47,5,0,3,22,24,24,13,19,14,7,8,4,165,119,119,39,41,30,3.974
2672,400000,2速1力1根1智1友,3684210156085819154,64832,US1,3337,957,2200,1369,2103,8320,2700,6000,8250,3,1,7,11,12,0/2/3,5/6/9,15/16/19,12,15,16,0,3,2,1,0,0,0,40,44,49,3,0,0,22,24,24,13,20,16,6,9,4,148,151,111,35,40,22,5.951
1464,400002,2速1耐1力1智1友,4249026709845161017,65914,US2,3253,2352,2200,1067,1184,8484,3150,5400,7500,3,1,8,10,11,0/1/2,5/8/9,15/17/18,10,15,13,0,2,3,1,0,0,2,39,42,47,0,0,0,22,24,24,16,19,18,8,9,7,128,128,111,47,32,23,4.172
264,400003,2速2耐1智1友,16472945241056103143,70622,US6,3337,2366,1307,1765,2038,8820,2700,6000,7500,3,1,7,11,11,0/1/4,5/7/9,15/17/19,10,13,17,0,3,2,1,0,0,0,39,43,49,0,0,1,22,24,24,15,16,15,8,5,4,130,134,129,29,41,38,4.154
2083,400003,2速1力1根1智1友,14820804501381066930,64099,US,3337,1171,2200,1557,1444,8498,2700,6600,7500,3,1,7,12,11,0/2/3,5/6/9,15/16/19,9,15,14,0,3,2,1,0,0,0,39,48,48,4,0,0,22,24,24,14,17,14,7,5,3,159,135,107,32,42,23,4.407
2672,400001,2速1力1根1智1友,3110434431095550927,66791,US3,3337,699,1986,1865,2297,8497,2700,6000,6750,3,1,7,11,10,0/2/3,5/6/9,15/16/19,10,18,15,0,2,3,1,0,0,2,38,44,45,3,1,0,22,24,24,11,21,20,4,10,10,151,166,117,53,59,36,4.292
1464,400003,2速1耐1力1智1友,7800930802499416562,65827,US2,3045,2400,2066,1206,1501,8612,3150,5400,8250,3,1,8,10,12,0/1/2,5/8/9,15/17/18,14,14,14,0,1,4,1,0,0,0,42,42,47,0,0,0,22,24,24,10,19,18,2,9,6,123,110,101,45,41,29,4.125
277,400000,2速2耐1智1友,11992465414069664273,70992,US6,3337,2400,1852,2035,1232,8681,3150,4800,7500,3,1,8,9,11,0/1/4,5/7/9,15/17/19,11,15,14,0,3,2,1,0,0,0,42,41,48,0,2,2,22,24,24,11,18,14,3,9,3,105,146,113,31,64,35,4.036
2084,400000,2速1力1根1智1友,7268378056989981437,61116,UA7,3337,987,2200,1644,1153,8151,2700,5400,6750,3,1,7,10,10,0/2/3,5/6/9,15/16/19,10,16,11,0,3,2,1,0,0,2,39,40,47,0,1,1,22,24,24,10,17,18,3,7,8,140,116,136,39,31,43,4.020
2672,400002,2速1力1根1智1友,3790343330816808620,61836,UA8,3337,956,2200,1151,1747,8271,2250,4800,6750,3,1,6,9,10,0/2/3,5/6/9,15/16/19,7,17,13,0,2,2,0,0,0,0,38,44,45,3,5,2,22,24,24,10,22,14,4,13,4,139,175,122,40,76,26,4.246
1490,400000,2速1耐1力1智1友,17608638309325615776,65506,US2,3272,2030,2187,1139,1571,8451,2700,4800,7500,3,1,7,9,11,0/1/2,5/8/9,15/17/18,10,14,12,0,1,4,1,0,0,2,39,38,48,3,0,1,22,24,24,15,20,19,8,11,8,148,154,140,40,46,36,3.922
277,400001,2速2耐1智1友,16010829330481080906,67341,US3,3337,2265,1332,1659,1853,8491,3150,6000,7500,3,1,8,11,11,0/1/4,5/7/9,15/17/19,11,15,16,0,3,2,1,0,0,0,41,41,49,1,0,1,22,24,24,14,16,17,6,5,6,151,133,129,49,44,26,4.492
2084,400001,2速1力1根1智1友,6593542196026015070,58513,UA4,2985,1074,2200,1903,1154,7596,2250,6000,6750,3,1,6,11,10,0/2/3,5/6/9,15/16/19,9,15,12,0,3,2,1,0,0,0,39,46,47,4,1,4,22,24,24,12,17,18,6,6,8,156,171,134,50,76,33,4.144
2672,400003,2速1力1根1智1友,5355898174063912218,63674,US,3337,1017,2200,1669,1532,8473,2700,4800,7500,3,1,7,9,11,0/2/3,5/6/9,15/16/19,9,16,15,0,3,2,1,0,1,0,39,41,49,2,2,1,22,24,24,11,23,16,4,14,5,153,173,117,52,65,27,4.283
1490,400001,2速1耐1力1智1友,10394069053041966155,66558,US3,3337,1768,2200,948,1853,8643,3150,6000,7500,3,1,8,11,11,0/1/2,5/8/9,15/17/18,12,14,14,0,3,2,1,0,0,1,40,42,48,2,0,0,22,24,24,16,18,19,8,7,8,135,106,134,43,33,43,4.252
277,400002,2速2耐1智1友,12569665862446395704,67482,US3,3337,2066,1358,1701,2026,8474,2700,5400,7500,3,1,7,10,11,0/1/4,5/7/9,15/17/19,11,17,15,0,3,2,1,0,0,0,41,41,50,1,0,2,22,24,24,14,12,14,7,2,3,107,124,116,30,44,26,4.002
2084,400002,2速1力1根1智1友,14829404431794412517,63534,US,3333,1081,2200,1617,1619,8333,2250,6000,7500,3,1,6,11,11,0/2/3,5/6/9,15/16/19,7,16,15,0,3,2,1,0,0,0,40,43,50,7,2,2,22,24,24,15,22,17,9,11,6,172,154,132,35,57,36,4.602
1490,400002,2速1耐1力1智1友,9505798510517617013,66661,US3,3337,2232,2200,1235,1271,8313,2250,4800,8250,3,1,6,9,12,0/1/2,5/8/9,15/17/18,5,14,15,0,3,2,1,0,2,0,38,43,49,3,4,0,22,24,24,12,23,20,6,14,8,145,178,119,62,68,22,3.994
2697,400000,2速1力1根1智1友,16731205067977826611,69288,US5,3337,861,2170,1816,2384,8785,2250,6000,8250,3,1,6,11,12,0/2/3,5/6/9,15/16/19,10,19,15,0,2,3,1,0,0,1,40,47,50,6,0,0,22,24,24,15,16,17,9,5,5,162,140,104,52,31,27,4.118
277,400003,2速2耐1智1友,9742195100284191146,65262,US2,3337,2241,1490,1822,1312,8266,3150,6000,7500,3,1,8,11,11,0/1/4,5/7/9,15/17/19,10,14,14,0,3,2,1,0,1,0,39,45,46,0,0,0,22,24,24,14,18,14,6,7,3,118,144,116,21,48,32,4.122
2084,400003,2速1力1根1智1友,11264545268048509852,62911,UA9,3337,945,2200,1645,1441,8587,2700,6000,7500,3,1,7,11,11,0/2/3,5/6/9,15/16/19,11,19,13,0,3,2,1,0,0,0,39,44,48,2,0,0,22,24,24,13,16,13,6,5,2,154,126,104,41,49,26,4.068
1490,400003,2速1耐1力1智1友,5258860545691885857,65023,US1,3337,1901,2200,1183,1427,8473,2700,4800,7500,3,1,7,9,11,0/1/2,5/8/9,15/17/18,6,16,14,0,1,3,0,0,0,0,37,38,48,0,0,0,22,24,24,13,13,15,6,4,4,113,114,94,27,56,25,3.792
2697,400001,2速1力1根1智1友,3139075895869727907,61934,UA8,3337,1234,2200,1193,1607,8203,2700,6000,7500,3,1,7,11,11,0/2/3,5/6/9,15/16/19,9,15,14,0,3,2,1,0,0,0,38,43,49,3,0,2,22,24,24,14,12,15,7,1,4,150,113,106,31,38,21,4.557
322,400000,2速1耐1力1智1友,8674711203096160046,65116,US2,3337,1959,2200,1076,1413,8487,2700,6600,7500,3,1,7,12,11,0/1/2,5/8/9,15/17/18,9,13,13,0,3,2,1,0,0,0,37,46,49,0,0,0,22,24,24,13,21,18,6,9,7,136,109,132,43,36,35,4.785
2109,400000,2速1力1根1智1友,8315726557846651283,63507,US,3337,1045,2200,1572,1800,8206,2700,6000,8250,3,1,7,11,12,0/2/3,5/6/9,15/16/19,10,15,14,0,3,2,1,0,0,0,39,45,51,2,0,0,22,24,24,12,15,17,5,4,5,145,114,121,40,46,24,4.455
1497,400000,2速1耐1力1智1友,13077537494221533723,67795,US4,3337,2339,2200,1091,1436,8489,2700,6000,7500,3,1,7,11,11,0/1/2,5/8/9,15/17/18,12,14,14,0,3,2,1,0,0,0,41,45,47,1,0,0,22,24,24,17,18,15,10,7,4,125,112,119,31,25,32,4.177
2697,400002,2速1力1根1智1友,9227578673958741841,61919,UA8,3337,976,2200,1504,1599,8084,2700,5400,7500,3,1,7,10,11,0/2/3,5/6/9,15/16/19,13,13,11,0,3,2,1,0,1,1,41,45,48,1,2,0,22,24,24,11,22,19,4,12,8,146,168,134,48,52,38,4.385
322,400001,2速1耐1力1智1友,8150142525672506949,66779,US3,3319,2072,2200,947,1703,8724,3150,6000,8250,3,1,8,11,12,0/1/2,5/8/9,15/17/18,11,16,15,0,3,2,1,0,0,0,39,44,50,0,0,0,22,24,24,13,22,14,5,11,2,103,143,103,22,60,26,4.455
2109,400001,2速1力1根1智1友,12908180765882583474,62976,UA9,3337,1271,2200,1470,1464,8168,2250,4800,7500,3,1,6,9,11,0/2/3,5/6/9,15/16/19,7,15,15,0,3,2,1,0,0,0,38,41,47,6,1,1,22,24,24,13,19,16,7,10,5,170,137,123,53,56,36,3.935
1497,400001,2速1耐1力1智1友,2236228088840252968,66688,US3,3312,2339,2153,1176,1388,8289,3150,6000,7500,3,1,8,11,11,0/1/2,5/8/9,15/17/18,12,13,13,0,3,2,1,0,0,0,43,43,47,2,0,0,22,24,24,18,21,13,10,10,2,143,110,98,47,13,30,4.398
322,400002,2速1耐1力1智1友,11935162175062181135,62347,UA8,2939,2022,2128,1011,1762,8451,2700,6000,7500,3,1,7,11,11,0/1/2,5/8/9,15/17/18,12,17,16,0,3,2,1,0,0,0,41,47,50,1,0,4,22,24,24,15,15,17,8,4,6,140,115,135,39,35,31,4.094
2697,400003,2速1力1根1智1友,16812396015232704891,62929,UA9,3337,926,2200,1882,1470,8251,2250,6000,6750,3,1,6,11,10,0/2/3,5/6/9,15/16/19,9,15,13,0,3,2,1,0,0,0,38,46,42,4,3,0,22,24,24,9,21,17,3,10,7,163,159,119,57,53,37,5.617
2109,400002,2速1力1根1智1友,8310499727929412920,63161,UA9,3337,956,2200,1617,1619,8443,2700,6000,7500,3,1,7,11,11,0/2/3,5/6/9,15/16/19,12,16,15,0,3,2,1,0,0,1,41,46,48,4,0,1,22,24,24,13,24,14,6,13,3,156,175,118,34,74,33,4.252
1497,400002,2速1耐1力1智1友,14701787775658071800,66944,US3,3337,2001,2100,1085,1807,8707,2700,5400,8250,3,1,7,10,12,0/1/2,5/8/9,15/17/18,7,17,15,0,1,4,1,0,0,0,40,46,48,3,2,0,22,24,24,15,20,19,8,10,7,159,155,101,54,59,28,4.245
322,400003,2速1耐1力1智1友,17023660632087333600,68741,US4,3337,2100,1823,1136,2099,8733,3150,6000,7500,3,1,8,11,11,0/1/2,5/8/9,15/17/18,11,17,16,0,3,2,1,0,1,0,40,46,48,0,1,1,22,24,24,17,20,16,9,9,5,135,122,118,38,27,28,4.292
2109,400003,2速1力1根1智1友,15491526336319889765,66334,US2,3337,1093,2200,1673,1944,8459,2700,6000,7500,3,1,7,11,11,0/2/3,5/6/9,15/16/19,9,18,12,0,2,3,1,0,0,0,39,48,45,0,1,0,22,24,24,13,16,17,6,5,6,134,139,107,44,46,23,4.245
2718,400000,3速1耐1智1友,4294940749338295531,69388,US5,3337,1897,1994,1314,1809,9491,2700,6000,8250,3,1,7,11,12,0/1/4,5/7/9,15/17/18,8,16,16,0,3,2,1,0,0,0,39,41,52,0,0,0,22,24,24,13,18,17,6,7,5,103,119,119,28,34,29,5.231
1497,400003,2速1耐1力1智1友,2650418865368636329,70739,US6,3224,2400,1993,1261,2003,8834,2700,5400,7500,3,1,7,10,11,0/1/2,5/8/9,15/17/18,9,15,15,0,3,2,1,0,0,0,39,41,47,0,0,1,22,24,24,16,23,14,9,13,3,125,148,106,35,59,28,4.136
325,400000,2速1耐1力1智1友,671988606228766786,67024,US3,3176,2037,2200,1337,1654,8623,2250,6600,8250,3,1,6,12,12,0/1/2,5/8/9,15/17/18,6,17,13,0,3,2,1,0,0,0,38,47,50,3,0,0,22,24,24,14,19,13,8,7,1,145,107,103,45,24,33,4.287
2130,400000,3速1耐1智1友,10271635990662262212,66571,US3,3337,2187,1751,1555,1296,8985,3150,5400,8250,3,1,8,10,12,0/1/4,5/7/9,15/17/18,10,14,14,0,3,2,1,0,0,0,39,43,50,0,1,0,22,24,24,12,17,18,4,7,6,117,152,112,34,52,19,4.305
2718,400001,3速1耐1智1友,5139575304778474235,65374,US2,3337,2037,1673,1319,1727,8739,3150,5400,8250,3,1,8,10,12,0/1/4,5/7/9,15/17/18,10,15,14,0,3,2,1,0,0,0,39,39,49,0,0,0,22,24,24,12,18,17,4,8,5,113,144,96,31,66,23,4.623
1509,400000,2速1耐1力1智1友,5394707022862222476,63230,UA9,3337,1746,2200,962,1579,8324,2700,5400,8250,3,1,7,10,12,0/1/2,5/8/9,15/17/18,6,10,15,0,2,3,1,0,0,2,38,40,48,3,2,0,22,24,24,15,23,18,8,13,6,135,170,120,40,66,20,4.567
325,400001,2速1耐1力1智1友,7112456039924941900,64085,US,3207,2206,1706,1547,1388,8299,3150,4800,6750,3,1,8,9,10,0/1/2,5/8/9,15/17/18,9,14,14,0,3,2,1,0,1,0,37,39,43,1,1,0,22,24,24,15,17,16,7,8,6,125,135,99,32,50,30,3.878
2130,400001,3速1耐1智1友,2026206995363763075,64579,US1,3337,1532,2034,1510,1371,8707,2700,5400,8250,3,1,7,10,12,0/1/4,5/7/9,15/17/18,8,12,12,0,3,2,1,0,0,0,38,42,47,0,0,0,22,24,24,13,17,22,6,7,10,114,153,127,24,62,26,4.314
2718,400002,3速1耐1智1友,14697895167967426060,63980,US,3337,1799,1907,1286,1415,8650,3150,4800,7500,3,1,8,9,11,0/1/4,5/7/9,15/17/18,9,15,13,0,3,2,1,0,0,1,38,41,45,0,2,0,22,24,24,17,19,16,9,10,5,131,170,103,45,87,31,4.580
1509,400001,2速1耐1力1智1友,3868737481083764226,67632,US3,3292,2120,2200,1192,1763,8458,2700,6000,7500,3,1,7,11,11,0/1/2,5/8/9,15/17/18,10,16,13,0,1,4,1,0,0,0,39,42,46,0,0,0,22,24,24,13,20,17,6,9,6,99,108,120,21,33,28,4.566
325,400002,2速1耐1力1智1友,8478950168853713364,68024,US4,3337,1919,2089,1131,1985,8714,2700,6000,7500,3,1,7,11,11,0/1/2,5/8/9,15/17/18,11,17,17,0,2,3,1,0,0,1,39,43,48,1,0,1,22,24,24,15,21,16,8,10,5,133,134,120,35,60,32,4.265
2130,400002,3速1耐1智1友,2076183027484911266,65536,US2,3337,2088,1633,1597,1456,8669,3150,4800,7500,3,1,8,9,11,0/1/4,5/7/9,15/17/18,11,14,13,0,3,2,1,0,0,2,40,41,46,0,0,0,22,24,24,14,20,15,6,11,4,123,123,118,28,54,28,4.392
2718,400003,3速1耐1智1友,18304101703802738930,70735,US6,3337,2154,1877,1460,1893,9439,3150,5400,9000,3,1,8,10,13,0/1/4,5/7/9,15/17/18,9,16,17,0,2,3,1,0,0,1,39,47,52,1,5,0,22,24,24,15,17,16,7,7,3,120,168,116,33,64,34,4.494
1509,400002,2速1耐1力1智1友,13180395818489680497,67461,US3,3337,1977,2129,1064,1922,8542,2700,6000,7500,3,1,7,11,11,0/1/2,5/8/9,15/17/18,10,15,13,0,2,3,1,0,0,1,39,44,46,2,1,0,22,24,24,13,19,20,6,8,9,141,123,152,43,36,52,4.550
325,400003,2速1耐1力1智1友,13251538846966919983,70316,US6,3337,2026,2200,1305,1877,8931,2700,4200,8250,3,1,7,8,12,0/1/2,5/8/9,15/17/18,9,18,14,0,2,3,1,0,0,0,39,37,50,1,1,0,22,24,24,13,16,15,6,8,3,132,123,107,33,32,23,3.956
2130,400003,3速1耐1智1友,14916097405359284508,66966,US3,3337,2048,1495,1594,1847,8794,3150,5400,7500,3,1,8,10,11,0/1/4,5/7/9,15/17/18,7,13,16,0,3,2,1,0,0,0,41,41,50,1,0,1,22,24,24,13,18,15,5,8,4,101,123,118,20,51,28,4.205
375,400000,2速1耐1力1智1友,15929813973596997102,65197,US2,3189,1853,2200,1157,1816,8373,2250,4800,7500,3,1,6,9,11,0/1/2,5/8/9,15/17/18,9,16,15,0,2,3,1,0,0,4,39,42,45,5,1,0,22,24,24,17,20,16,11,11,5,165,129,120,45,49,30,4.119
2757,400000,3速1耐1智1友,7905366239302801667,68429,US4,3337,1878,2033,1474,1782,9013,3150,6600,7500,3,1,8,12,11,0/1/4,5/7/9,15/17/18,10,16,16,0,3,2,1,0,0,0,40,45,48,1,0,0,22,24,24,16,16,14,8,4,3,138,121,108,38,31,29,5.095
1509,400003,2速1耐1力1智1友,1859815189727739615,64633,US1,3083,2216,2136,1074,1747,8183,3150,5400,6750,3,1,8,10,10,0/1/2,5/8/9,15/17/18,12,11,13,0,2,3,1,0,0,2,41,39,46,1,0,2,22,24,24,16,15,16,8,5,6,126,92,123,31,21,31,4.740
2169,400000,3速1耐1智1友,7083399838436377628,66415,US3,3337,1721,1840,1532,1774,9015,2700,5400,8250,3,1,7,10,12,0/1/4,5/7/9,15/17/18,9,16,13,0,2,3,1,0,0,1,39,45,48,1,1,0,22,24,24,17,20,17,10,10,5,138,168,104,37,80,26,4.167
375,400001,2速1耐1力1智1友,9498078497244430162,67700,US4,3337,1912,2200,1204,1730,8642,2700,6600,6750,3,1,7,12,10,0/1/2,5/8/9,15/17/18,7,17,13,0,3,2,1,0,0,0,38,48,45,2,1,2,22,24,24,14,21,14,7,9,4,127,147,93,36,59,34,4.137
2757,400001,3速1耐1智1友,6498391836459014376,62004,UA8,3337,1638,1715,1307,1594,8435,3150,4800,8250,3,1,8,9,12,0/1/4,5/7/9,15/17/18,13,14,16,0,3,2,1,0,0,0,41,40,50,0,3,0,22,24,24,9,20,16,1,11,4,123,172,99,40,77,27,4.833
1542,400000,3速1耐1智1友,8907572125518866713,66389,US2,3337,1535,1793,1034,2214,9076,3150,6000,7500,3,1,8,11,11,0/1/4,5/7/9,15/17/18,12,15,16,0,3,2,1,0,0,0,39,45,49,0,0,0,22,24,24,12,17,13,4,6,2,92,126,111,14,35,29,5.241
2169,400001,3速1耐1智1友,8778939345737654580,69187,US5,3337,1894,2012,1670,1717,9101,3150,6000,7500,3,1,8,11,11,0/1/4,5/7/9,15/17/18,10,15,15,0,3,2,1,0,0,0,40,45,49,0,0,1,22,24,24,13,18,14,5,7,3,127,113,118,35,38,29,4.155
375,400002,2速1耐1力1智1友,2636015420892656027,63924,US,3337,1679,1901,1173,1858,8297,2700,6600,7500,3,1,7,12,11,0/1/2,5/8/9,15/17/18,9,15,15,0,3,2,1,0,0,2,38,46,49,0,0,0,22,24,24,14,18,13,7,6,2,121,110,111,30,39,38,4.106
2169,400002,3速1耐1智1友,7240720201802797836,68919,US4,3337,1843,1933,1567,1897,9172,3150,6600,7500,3,1,8,12,11,0/1/4,5/7/9,15/17/18,8,17,12,0,3,2,1,0,0,0,38,46,47,0,0,0,22,24,24,13,14,19,5,2,8,102,132,135,24,48,31,4.045
2757,400002,3速1耐1智1友,5346246030748491639,61472,UA7,3337,1493,1978,1344,1331,8215,3150,4800,7500,3,1,8,9,11,0/1/4,5/7/9,15/17/18,9,13,15,0,3,2,1,0,2,0,39,40,48,0,1,0,22,24,24,15,21,16,7,12,5,135,173,97,26,79,20,5.508
1542,400001,3速1耐1智1友,83619048217422812,66137,US2,3337,2290,1639,1390,1412,8641,2700,6000,7500,3,1,7,11,11,0/1/4,5/7/9,15/17/18,11,16,15,0,3,2,1,0,0,1,40,45,47,3,1,0,22,24,24,15,14,12,8,3,1,128,174,105,30,83,33,5.580
375,400003,2速1耐1力1智1友,5148511831574099991,62761,UA9,3288,1898,2200,1072,1359,8013,2250,4800,6750,3,1,6,9,10,0/1/2,5/8/9,15/17/18,8,12,15,0,3,2,1,0,2,2,39,39,44,5,1,0,22,24,24,16,22,14,10,13,4,172,140,115,61,45,27,4.050
2169,400003,3速1耐1智1友,1984770621703434194,66734,US3,3337,1822,2200,1432,1325,9109,3150,4800,8250,3,1,8,9,12,0/1/4,5/7/9,15/17/18,11,16,13,0,3,2,1,0,0,0,41,41,47,1,0,0,22,24,24,13,21,16,5,12,4,115,155,106,24,62,27,4.015
2757,400003,3速1耐1智1友,15510246406177961989,66078,US2,3337,1593,2200,1324,1578,8881,2700,5400,7500,3,1,7,10,11,0/1/4,5/7/9,15/17/18,7,16,15,0,2,3,1,0,0,0,35,43,48,0,0,4,22,24,24,13,21,12,6,11,1,94,162,111,24,57,42,4.950
412,400000,2速1耐1力1智1友,9198720590104465180,63987,US,3070,2123,1931,1332,1634,8302,3150,5400,7500,3,1,8,10,11,0/1/2,5/8/9,15/17/18,8,18,15,0,2,3,1,0,0,0,39,42,46,0,0,0,22,24,24,19,14,17,11,4,6,115,117,102,33,36,22,4.239
1542,400002,3速1耐1智1友,3744853860351348949,64137,US,3337,2079,1630,1276,1583,8478,2700,4800,7500,3,1,7,9,11,0/1/4,5/7/9,15/17/18,9,16,14,0,3,2,1,0,0,0,41,37,48,1,0,0,22,24,24,14,16,17,7,7,6,117,100,127,36,31,22,5.656
2187,400000,3速1耐1智1友,1266304103919697255,65608,US2,3337,2121,1536,1560,1598,8569,2700,6000,7500,3,1,7,11,11,0/1/4,5/7/9,15/17/18,7,15,13,0,3,2,1,0,1,0,38,42,47,2,0,0,22,24,24,12,19,14,5,8,3,146,131,105,52,37,24,3.879
2775,400000,3速1耐1智1友,6437967077725817952,63571,US,3337,1093,1654,1025,2445,8653,2700,6000,6750,3,1,7,11,10,0/1/4,5/7/9,15/17/18,7,17,16,0,2,3,1,0,0,2,38,48,45,2,3,2,22,24,24,16,17,17,9,6,7,154,146,140,40,48,50,4.672
412,400001,2速1耐1力1智1友,6603784874343183629,66373,US2,3337,1594,2200,919,1923,8768,2700,6000,8250,3,1,7,11,12,0/1/2,5/8/9,15/17/18,9,17,17,0,3,2,1,0,0,0,40,46,50,2,3,0,22,24,24,14,22,17,7,11,5,123,174,110,33,100,32,4.385
2187,400001,3速1耐1智1友,4810517070849792692,66097,US2,3337,1436,2200,1163,1788,9093,2700,5400,7500,3,1,7,10,11,0/1/4,5/7/9,15/17/18,10,19,13,0,1,4,1,0,0,2,41,44,41,5,0,0,22,24,24,18,17,18,11,7,7,143,140,110,44,52,27,4.275
1542,400003,3速1耐1智1友,12822520637611681898,64064,US,3337,1648,2016,1064,1617,8937,3150,5400,8250,3,1,8,10,12,0/1/4,5/7/9,15/17/18,11,14,13,0,3,2,1,0,0,0,40,44,49,0,2,0,22,24,24,10,22,16,2,12,4,90,147,113,20,55,31,6.041
412,400002,2速1耐1力1智1友,550620692859006697,64477,US1,3337,1852,2200,1275,1328,8068,2700,6000,5250,3,1,7,11,8,0/1/2,5/8/9,15/17/18,9,16,14,0,3,2,1,0,0,0,40,42,36,1,0,0,22,24,24,15,17,15,8,6,7,114,98,94,23,25,29,3.888
2775,400001,3速1耐1智1友,6798044295153459754,65840,US2,3337,2150,1908,1402,1263,8505,2700,5400,7500,3,1,7,10,11,0/1/4,5/7/9,15/17/18,9,13,13,0,3,2,1,0,0,0,38,36,45,0,0,0,22,24,24,13,22,17,6,12,6,125,160,104,45,90,34,4.856
2187,400002,3速1耐1智1友,1183046900845004697,65465,US2,3337,1930,1735,1426,1791,8738,3150,4800,8250,3,1,8,9,12,0/1/4,5/7/9,15/17/18,10,16,15,0,3,2,1,0,0,0,42,41,50,0,1,0,22,24,24,11,16,19,3,7,7,111,117,115,22,39,29,3.971
1581,400000,3速1耐1智1友,17674833888936542936,72401,US7,3337,2400,2194,1565,1408,9387,3150,6000,8250,3,1,8,11,12,0/1/4,5/7/9,15/17/18,11,15,15,0,3,2,1,0,0,0,40,45,50,1,0,0,22,24,24,16,21,18,8,10,6,131,143,108,27,49,26,5.690
412,400003,2速1耐1力1智1友,10023056863887027757,65194,US2,3311,1883,1904,1301,1719,8356,3150,5400,7500,3,1,8,10,11,0/1/2,5/8/9,15/17/18,9,16,15,0,3,2,1,0,1,0,40,48,48,0,5,0,22,24,24,15,22,20,7,12,9,129,164,132,33,65,24,4.254
2187,400003,3速1耐1智1友,7219952853181434194,62363,UA8,3337,1342,1964,1040,1814,8511,3150,4200,8250,3,1,8,8,12,0/1/4,5/7/9,15/17/18,10,14,12,0,3,2,1,0,0,0,39,37,48,0,2,0,22,24,24,12,14,17,4,6,5,100,138,127,22,46,30,3.761
2775,400002,3速1耐1智1友,16738121805459098851,69666,US5,3337,1856,1865,1345,2207,9086,2700,6600,7500,3,1,7,12,11,0/1/4,5/7/9,15/17/18,10,14,16,0,3,2,1,0,0,0,40,46,50,5,0,3,22,24,24,15,20,16,8,8,5,157,136,118,57,46,31,5.865
443,400000,2速1耐1力1智1友,11838815789866390695,64953,US1,3337,1800,1796,1006,2090,8398,2700,4800,7500,3,1,7,9,11,0/1/2,5/8/9,15/17/18,11,17,13,0,3,2,1,0,0,1,39,40,46,5,1,0,22,24,24,14,18,18,7,9,7,141,122,113,33,28,28,3.733
1581,400001,3速1耐1智1友,13169306746012909259,65026,US1,3337,1796,1916,1461,1506,8670,2700,4800,7500,3,1,7,9,11,0/1/4,5/7/9,15/17/18,8,15,13,0,1,3,0,0,0,0,40,45,47,2,3,0,22,24,24,14,17,20,7,8,9,143,183,125,33,70,36,4.834
2195,400000,3速1耐1智1友,11956873438373411422,64923,US1,3337,1975,1600,1541,1538,8800,2700,4800,7500,3,1,7,9,11,0/1/4,5/7/9,15/17/18,9,15,15,0,3,2,1,0,0,0,40,40,43,1,3,0,22,24,24,12,20,18,5,11,7,134,169,105,44,93,28,3.746
2775,400003,3速1耐1智1友,12717798328741367955,68301,US4,3337,2388,1566,1566,1670,8706,2700,6000,7500,3,1,7,11,11,0/1/4,5/7/9,15/17/18,5,16,17,0,3,2,1,0,0,0,34,45,52,0,1,4,22,24,24,15,19,13,8,8,2,124,137,104,34,42,25,5.164
443,400001,2速1耐1力1智1友,5504891773559473069,65704,US2,3137,2380,2200,1244,1228,8405,3150,4800,6750,3,1,8,9,10,0/1/2,5/8/9,15/17/18,7,16,14,0,2,3,1,0,0,1,37,38,46,0,0,3,22,24,24,14,22,15,6,13,5,132,115,96,35,51,32,4.224
2195,400001,3速1耐1智1友,7973190016188941621,66513,US3,3337,2077,2093,1565,1169,8757,3150,5400,6000,3,1,8,10,9,0/1/4,5/7/9,15/17/18,12,14,14,0,3,2,1,0,0,0,41,45,43,1,3,3,22,24,24,18,21,17,10,11,8,156,163,134,70,48,25,4.043
1581,400002,3速1耐1智1友,14172525348406495166,65968,US2,3337,2160,1709,1404,1459,8802,2700,6000,6750,3,1,7,11,10,0/1/4,5/7/9,15/17/18,12,15,10,0,3,2,1,0,0,1,40,44,45,1,0,0,22,24,24,14,18,19,7,7,9,130,120,119,55,51,21,6.605
2783,400000,3速1耐1智1友,15244392997582471791,68947,US4,3337,2140,1808,1363,1847,9073,3150,5400,7500,3,1,8,10,11,0/1/4,5/7/9,15/17/18,11,15,17,0,3,2,1,0,0,0,40,45,46,0,5,0,22,24,24,15,18,13,7,8,2,138,197,116,37,85,41,4.846
2195,400002,3速1耐1智1友,2793886600109319390,65369,US2,3337,1765,1808,1204,1872,8823,2700,4800,8250,3,1,7,9,12,0/1/4,5/7/9,15/17/18,9,14,12,0,3,2,1,0,0,0,39,41,48,0,3,0,22,24,24,13,16,20,6,7,8,115,179,122,26,97,25,3.897
443,400002,2速1耐1力1智1友,1344537334672020448,65073,US1,3249,2025,2200,1078,1597,8360,2700,4800,8250,3,1,7,9,12,0/1/2,5/8/9,15/17/18,10,15,14,0,3,2,1,0,0,0,40,39,49,0,0,0,22,24,24,15,18,16,8,9,4,115,111,115,27,50,37,4.952
2783,400001,3速1耐1智1友,16357352740085468069,69465,US5,3337,2165,1964,1338,1757,9189,2700,5400,8250,3,1,7,10,12,0/1/4,5/7/9,15/17/18,10,15,18,0,3,2,1,0,0,0,38,40,50,2,0,0,22,24,24,12,15,15,5,5,3,128,140,116,28,52,21,4.437
2195,400003,3速1耐1智1友,3120497733132279744,67742,US4,3337,2158,1685,1562,1655,9222,3150,5400,7500,3,1,8,10,11,0/1/4,5/7/9,15/17/18,13,14,13,0,3,2,1,0,0,1,43,40,48,0,0,0,22,24,24,12,17,17,4,7,6,98,154,98,28,59,23,4.097
1581,400003,3速1耐1智1友,5265586003086961122,67116,US3,3337,2158,1728,1504,1606,8851,2700,5400,7500,3,1,7,10,11,0/1/4,5/7/9,15/17/18,9,15,13,0,3,2,1,0,0,0,39,41,49,0,3,1,22,24,24,16,21,16,9,11,5,126,162,123,37,79,37,6.430
443,400003,2速1耐1力1智1友,8300458746827633640,61971,UA8,3118,1945,1991,1019,1790,8004,3150,6000,6750,3,1,8,11,10,0/1/2,5/8/9,15/17/18,8,16,13,0,3,2,1,0,0,2,38,45,45,0,0,0,22,24,24,11,17,17,3,6,7,100,114,121,20,25,23,6.457
2229,400000,3速1耐1智1友,7184324823439640857,66764,US3,3337,1651,2200,1447,1558,8867,2700,4800,8250,3,1,7,9,12,0/1/4,5/7/9,15/17/18,10,11,14,0,3,2,1,0,0,0,41,39,48,1,0,0,22,24,24,11,22,17,4,13,5,104,138,114,24,57,25,4.450
2783,400002,3速1耐1智1友,16200751468126363089,61432,UA7,3337,1479,1942,1282,1330,8645,2250,4800,8250,3,1,6,9,12,0/1/4,5/7/9,15/17/18,8,13,15,0,3,2,1,0,0,0,38,38,51,6,3,0,22,24,24,17,22,16,11,13,4,142,178,102,48,84,25,5.557
1599,400000,3速1耐1智1友,7049684649873088196,68962,US4,3337,2054,1842,1399,1892,9078,3150,5400,7500,3,1,8,10,11,0/1/4,5/7/9,15/17/18,10,15,15,0,3,2,1,0,0,0,42,45,50,5,4,2,22,24,24,16,14,17,8,4,6,144,185,109,51,73,38,5.639
2229,400001,3速1耐1智1友,9410277068719183226,65297,US2,3337,1671,2003,1362,1648,8604,2700,4800,8250,3,1,7,9,12,0/1/4,5/7/9,15/17/18,10,13,15,0,3,2,1,0,0,0,36,32,49,0,0,0,22,24,24,8,20,18,1,11,6,102,131,117,18,50,33,4.216
444,400000,2速1耐1力1智1友,9999430264400600414,60931,UA7,2858,2044,2200,1131,1390,8149,2700,6000,7500,3,1,7,11,11,0/1/2,5/8/9,15/17/18,11,14,15,0,3,2,1,0,0,0,41,42,50,3,0,2,22,24,24,14,15,16,7,4,5,129,93,104,21,35,30,6.397
2783,400003,3速1耐1智1友,8052780856167138222,68188,US4,3337,1935,1867,1421,1922,8989,2700,4800,8250,3,1,7,9,12,0/1/4,5/7/9,15/17/18,7,10,17,0,3,2,1,0,0,0,39,43,51,0,2,0,22,24,24,14,21,14,7,12,2,111,153,105,25,61,26,5.493
1599,400001,3速1耐1智1友,12211227856973240230,71860,US7,3337,2400,1901,1412,1823,9306,3150,4800,7500,3,1,8,9,11,0/1/4,5/7/9,15/17/18,14,15,15,0,3,2,1,0,0,0,42,42,49,1,4,2,22,24,24,12,22,15,4,13,4,122,166,122,26,55,34,5.094
2229,400002,3速1耐1智1友,2914106005870446428,65577,US2,3337,1842,2012,1590,1337,8494,3150,5400,7500,3,1,8,10,11,0/1/4,5/7/9,15/17/18,10,12,13,0,3,2,1,0,0,0,41,44,47,0,4,0,22,24,24,15,16,16,7,6,5,115,173,107,34,64,23,4.038
2817,400000,3速1耐1智1友,18330046145586546279,61623,UA7,3337,1618,1913,1359,1331,7961,2250,6000,7500,3,1,6,11,11,0/1/4,5/7/9,15/17/18,6,15,13,0,3,2,1,0,0,0,36,45,46,2,1,0,22,24,24,18,19,12,12,8,1,137,163,91,52,60,26,4.575
444,400001,2速1耐1力1智1友,1209364292602374867,66578,US3,3096,2122,2113,1403,1674,8552,2700,6000,7500,3,1,7,11,11,0/1/2,5/8/9,15/17/18,13,16,14,0,3,2,1,0,0,0,41,45,46,5,1,0,22,24,24,18,21,13,11,10,2,140,125,100,23,33,24,7.109
1599,400002,3速1耐1智1友,3576291035042216848,65469,US2,3337,1839,1699,1238,1983,8578,2700,6000,7500,3,1,7,11,11,0/1/4,5/7/9,15/17/18,9,16,14,0,3,2,1,0,0,0,36,46,47,1,2,0,22,24,24,12,13,18,5,2,7,115,134,120,27,40,29,4.807
2229,400003,3速1耐1智1友,2803372627901289886,70667,US6,3337,2119,1940,1637,1804,8991,3150,6600,7500,3,1,8,12,11,0/1/4,5/7/9,15/17/18,6,18,15,0,2,3,1,0,0,0,37,47,46,0,0,0,22,24,24,16,19,18,8,7,7,110,140,99,29,42,28,4.387
2817,400001,3速1耐1智1友,16721057932763439115,67779,US4,3337,2039,1950,1610,1522,8815,3150,4800,8250,3,1,8,9,12,0/1/4,5/7/9,15/17/18,8,13,18,0,3,2,1,0,1,0,39,40,47,0,3,0,22,24,24,19,21,16,11,12,4,152,145,97,49,62,22,5.872
2240,400000,3速1耐1智1友,11717015719310013116,65270,US2,3337,1746,1785,1556,1649,8591,3150,5400,7500,3,1,8,10,11,0/1/4,5/7/9,15/17/18,8,14,14,0,2,3,1,0,0,1,39,42,48,0,0,0,22,24,24,16,18,19,8,8,8,117,137,104,40,36,19,4.190
1599,400003,3速1耐1智1友,515810923281619394,66298,US2,3337,2357,1494,1479,1546,8609,2700,5400,7500,3,1,7,10,11,0/1/4,5/7/9,15/17/18,10,16,13,0,3,2,1,0,0,0,41,41,46,5,2,0,22,24,24,19,17,15,12,7,4,162,182,111,51,96,26,5.318
444,400002,2速1耐1力1智1友,17539139202012500631,68417,US4,3276,1959,2200,1146,1836,8537,2250,6000,7500,3,1,6,11,11,0/1/2,5/8/9,15/17/18,7,17,15,0,3,2,1,0,0,0,39,49,48,4,1,0,22,24,24,18,16,12,12,5,1,145,114,122,34,38,44,6.590
2240,400001,3速1耐1智1友,10113965893627368265,65149,US2,3337,1678,2200,1377,1287,8611,3150,3600,8250,3,1,8,7,12,0/1/4,5/7/9,15/17/18,11,12,15,0,3,2,1,0,1,0,40,36,50,0,3,0,22,24,24,14,13,16,6,6,4,137,170,96,39,87,23,3.962
2817,400002,3速1耐1智1友,12534573332152490413,69347,US5,3337,1486,1882,1233,2445,9081,2700,5400,8250,3,1,7,10,12,0/1/4,5/7/9,15/17/18,12,20,16,0,1,4,1,0,0,1,41,44,47,1,0,0,22,24,24,10,14,16,3,4,4,103,125,99,29,42,21,5.740
1607,400000,3速1耐1智1友,9953595440683540417,69737,US5,3337,1994,1951,1270,1940,9270,3150,6000,7500,3,1,8,11,11,0/1/4,5/7/9,15/17/18,13,15,14,0,3,2,1,0,0,0,42,46,48,1,3,0,22,24,24,12,19,16,4,8,5,108,143,114,25,50,36,5.846
444,400003,2速1耐1力1智1友,4079921205799619187,68433,US4,3337,1843,2200,1248,1841,8548,2700,6000,7500,3,1,7,11,11,0/1/2,5/8/9,15/17/18,8,17,15,0,3,2,1,0,0,1,40,44,48,0,0,0,22,24,24,15,19,16,8,8,5,140,131,129,34,52,32,6.596
2240,400002,3速1耐1智1友,11218750937452056815,66204,US2,3337,1727,2200,1452,1547,8452,2700,6000,7500,3,1,7,11,11,0/1/4,5/7/9,15/17/18,6,12,14,0,3,2,1,0,1,1,37,45,48,0,0,0,22,24,24,8,13,17,1,2,6,84,106,128,29,23,36,3.946
2817,400003,3速1耐1智1友,80834985865936982,64009,US,3337,1884,1599,1398,1762,8116,2700,5400,7500,3,1,7,10,11,0/1/4,5/7/9,15/17/18,6,15,15,0,3,2,1,0,2,1,36,43,50,0,1,1,22,24,24,14,18,16,7,8,5,129,143,108,20,61,25,5.654
1607,400001,3速1耐1智1友,1931356726478086385,68137,US4,3337,1774,2018,1058,2152,9220,3150,6600,7500,3,1,8,12,11,0/1/4,5/7/9,15/17/18,10,15,14,0,3,2,1,0,1,0,39,45,47,1,0,0,22,24,24,12,22,16,4,10,5,126,115,113,33,38,35,5.544
2240,400003,3速1耐1智1友,5655323481143012040,67775,US4,3337,1610,2200,1341,1742,9270,3150,6000,7500,3,1,8,11,11,0/1/4,5/7/9,15/17/18,12,16,14,0,3,2,1,0,0,0,41,44,45,0,3,0,22,24,24,16,19,17,8,8,6,134,154,101,35,57,32,4.222
469,400000,2速1耐1力1智1友,15285708583199667107,64478,US1,2956,2212,2052,1507,1506,8257,2700,5400,8250,3,1,7,10,12,0/1/2,5/8/9,15/17/18,9,15,14,0,1,4,1,0,0,2,40,45,49,0,0,0,22,24,24,16,20,19,9,10,7,156,130,105,37,45,27,5.702
2243,400000,3速1耐1智1友,5092058918502234818,68723,US4,3337,1775,2200,1369,1773,9008,2700,4800,7500,3,1,7,9,11,0/1/4,5/7/9,15/17/18,8,15,13,0,3,2,1,0,0,0,39,40,49,1,3,3,22,24,24,14,18,16,7,9,5,147,135,120,44,43,29,3.916
2828,400000,3速1耐1智1友,2501688067992621628,64331,US1,3337,1948,1981,1557,1133,8112,2700,4800,7500,3,1,7,9,11,0/1/4,5/7/9,15/17/18,9,14,14,0,3,2,1,0,0,0,39,37,49,0,4,1,22,24,24,16,17,15,9,8,4,120,146,94,25,40,26,6.212
1607,400002,3速1耐1智1友,9736307318139917645,66302,US2,3337,1867,1695,1301,1977,8934,3150,5400,7500,3,1,8,10,11,0/1/4,5/7/9,15/17/18,11,14,13,0,3,2,1,0,1,0,40,44,49,0,1,2,22,24,24,13,21,16,5,11,5,104,156,104,27,45,24,6.454
2243,400001,3速1耐1智1友,17888684206574041938,65284,US2,3337,2114,1944,1732,1031,8303,2250,5400,6000,3,1,6,10,9,0/1/4,5/7/9,15/17/18,8,14,13,0,3,2,1,0,0,0,39,44,36,4,0,0,22,24,24,14,19,15,8,9,6,142,157,93,45,44,35,3.828
469,400001,2速1耐1力1智1友,1529476042560495448,66552,US3,3144,2031,1984,1342,1877,8522,2700,6000,6750,3,1,7,11,10,0/1/2,5/8/9,15/17/18,10,17,13,0,3,2,1,0,1,0,38,48,44,0,0,0,22,24,24,15,20,15,8,9,5,109,128,131,20,32,39,6.753
1607,400003,3速1耐1智1友,9734153768616598651,68923,US4,3337,2400,2078,1372,1254,8767,3150,4800,6750,3,1,8,9,10,0/1/4,5/7/9,15/17/18,14,15,10,0,3,2,1,0,2,0,42,42,44,0,4,1,22,24,24,11,13,12,3,4,2,98,158,96,30,67,22,4.808
2828,400001,3速1耐1智1友,17654391099951900892,71010,US6,3337,2051,1979,1612,1929,9037,2700,6600,7500,3,1,7,12,11,0/1/4,5/7/9,15/17/18,9,16,15,0,3,2,1,0,0,0,39,44,49,0,0,1,22,24,24,14,15,13,7,3,2,111,105,105,27,41,28,5.985
2243,400002,3速1耐1智1友,5265290373040769199,67662,US3,3337,1937,2200,1481,1435,8915,3150,6000,6750,3,1,8,11,10,0/1/4,5/7/9,15/17/18,10,16,13,0,3,2,1,0,0,0,40,44,41,0,0,0,22,24,24,13,17,16,5,6,6,109,144,100,23,48,22,4.017
469,400002,2速1耐1力1智1友,15208510067013976171,65686,US2,3337,1974,2200,1380,1241,8312,2700,6000,8250,3,1,7,11,12,0/1/2,5/8/9,15/17/18,9,15,15,0,3,2,1,0,0,0,38,47,49,2,0,0,22,24,24,19,19,15,12,8,3,146,112,99,40,38,29,4.823
2243,400003,3速1耐1智1友,10931123543298086754,61647,UA7,3337,1608,1909,1292,1477,8282,2700,5400,8250,3,1,7,10,12,0/1/4,5/7/9,15/17/18,8,14,12,0,2,3,1,0,0,2,39,42,47,0,0,0,22,24,24,16,20,20,9,10,8,136,123,97,44,38,21,4.007
2828,400002,3速1耐1智1友,9592528747293470464,63639,US,3337,1437,2079,1122,1889,8465,2700,4200,8250,3,1,7,8,12,0/1/4,5/7/9,15/17/18,9,16,16,0,2,3,1,0,0,0,38,35,50,3,4,0,22,24,24,12,22,17,5,14,5,146,173,118,55,105,25,6.122
1641,400000,3速1耐1智1友,6291682538680070305,70849,US6,3337,2315,1907,1679,1579,8944,3150,6000,8250,3,1,8,11,12,0/1/4,5/7/9,15/17/18,11,14,15,0,3,2,1,0,0,0,40,43,52,0,0,0,22,24,24,12,20,18,4,9,6,120,130,122,32,51,35,6.256
469,400003,2速1耐1力1智1友,10562928033015354896,66975,US3,3337,1697,2200,1242,1892,8490,3150,5400,8250,3,1,8,10,12,0/1/2,5/8/9,15/17/18,12,14,14,0,2,3,1,0,0,0,40,45,48,1,0,0,22,24,24,17,18,16,9,8,4,145,124,108,32,43,26,6.073
2247,400000,3速1耐1智1友,16520200898942609645,66951,US3,3337,1770,1905,1368,1989,8624,3150,5400,7500,3,1,8,10,11,0/1/4,5/7/9,15/17/18,9,15,16,0,3,2,1,0,0,0,40,45,45,0,4,0,22,24,24,10,19,14,2,9,3,108,180,108,32,65,28,4.036
2828,400003,3速1耐1智1友,3560247110292039972,67237,US3,3337,1886,1803,1639,1669,8736,2700,6000,7500,3,1,7,11,11,0/1/4,5/7/9,15/17/18,9,16,12,0,1,4,1,0,0,0,38,48,46,3,0,0,22,24,24,11,12,15,4,1,4,136,122,86,39,27,21,5.764
2247,400001,3速1耐1智1友,9012555752082202216,62672,UA9,3337,1677,1995,1187,1466,8561,3150,4800,7500,3,1,8,9,11,0/1/4,5/7/9,15/17/18,9,17,13,0,3,2,1,0,0,0,41,37,48,0,2,0,22,24,24,12,11,17,4,2,6,106,181,104,21,101,23,3.766
1641,400001,3速1耐1智1友,13916300024552100977,66235,US2,3337,2209,1952,1403,1329,8479,3150,6000,7500,3,1,8,11,11,0/1/4,5/7/9,15/17/18,10,16,15,0,3,2,1,0,0,0,40,43,49,1,2,0,22,24,24,14,19,17,6,8,6,154,139,120,40,46,27,6.595
470,400000,2速1耐1力1智1友,11367043744708602150,64676,US1,3193,1900,2200,1165,1549,8250,2700,5400,7500,3,1,7,10,11,0/1/2,5/8/9,15/17/18,12,14,14,0,3,2,1,0,0,1,40,42,49,2,0,2,22,24,24,18,22,19,11,12,8,147,121,122,29,46,25,6.804
2247,400002,3速1耐1智1友,16936114280996448507,66887,US3,3337,2008,1719,1523,1807,8622,2700,5400,7500,3,1,7,10,11,0/1/4,5/7/9,15/17/18,12,15,14,0,3,2,1,0,0,0,40,41,44,1,0,0,22,24,24,13,18,16,6,8,5,136,122,110,36,44,31,4.008
2831,400000,3速1耐1智1友,15251326972995591371,69543,US5,3337,2137,1915,1523,1769,9080,3150,6000,7500,3,1,8,11,11,0/1/4,5/7/9,15/17/18,10,17,15,0,2,3,1,0,0,0,41,46,45,0,0,0,22,24,24,15,17,16,7,6,5,157,150,108,51,46,31,5.121
1641,400002,3速1耐1智1友,8398446635577526421,64915,US1,3337,1757,2200,1276,1251,8781,3150,5400,7500,3,1,8,10,11,0/1/4,5/7/9,15/17/18,10,12,13,0,3,2,1,0,0,0,41,39,47,0,0,0,22,24,24,14,16,14,6,6,3,118,124,102,38,38,20,4.728
470,400001,2速1耐1力1智1友,9568652574917310454,65224,US2,3150,2005,1996,1256,1866,8470,3150,6000,6750,3,1,8,11,10,0/1/2,5/8/9,15/17/18,12,14,14,0,3,2,1,0,0,0,41,47,47,1,0,4,22,24,24,16,18,17,8,7,7,125,123,116,33,43,38,4.426
2831,400001,3速1耐1智1友,13771387301815450891,60481,UA6,3337,1733,1940,1133,1234,7922,2700,4200,7500,3,1,7,8,11,0/1/4,5/7/9,15/17/18,7,12,15,0,2,3,1,0,0,0,40,42,45,5,6,1,22,24,24,16,20,16,9,12,5,156,169,104,58,65,29,4.038
2247,400003,3速1耐1智1友,17719899403408523061,64338,US1,3337,1735,1835,1355,1739,8730,2700,5400,6000,3,1,7,10,9,0/1/4,5/7/9,15/17/18,11,16,12,0,3,2,1,0,0,2,40,42,40,2,0,2,22,24,24,15,17,16,8,7,7,142,124,107,45,41,34,4.491
1641,400003,3速1耐1智1友,13638799358497596951,64543,US1,3337,1466,2200,1167,1612,8869,2700,5400,7500,3,1,7,10,11,0/1/4,5/7/9,15/17/18,8,15,12,0,3,2,1,0,0,0,40,43,48,0,2,0,22,24,24,16,13,19,9,3,8,131,154,112,30,58,25,4.125
470,400002,2速1耐1力1智1友,993450056277645193,63910,US,3337,1606,1982,1123,1832,8092,1800,5400,7500,3,1,5,10,11,0/1/2,5/8/9,15/17/18,9,16,13,0,2,3,1,0,0,0,36,42,48,8,0,2,22,24,24,18,16,17,13,6,6,162,109,123,39,34,37,6.145
2831,400002,3速1耐1智1友,9113508662707963404,64980,US1,3337,1828,1840,1337,1710,8501,3150,5400,7500,3,1,8,10,11,0/1/4,5/7/9,15/17/18,11,18,14,0,2,3,1,0,0,2,40,40,48,0,0,1,22,24,24,16,18,16,8,8,5,109,115,129,26,46,34,4.551
1652,400000,3速1耐1智1友,508954896499855249,67178,US3,3337,1905,1764,1396,1965,8652,3150,5400,7500,3,1,8,10,11,0/1/4,5/7/9,15/17/18,10,16,14,0,2,3,1,0,0,0,40,42,49,0,0,4,22,24,24,14,18,15,6,8,4,108,120,107,27,46,28,4.310
2248,400000,3速1耐1智1友,4001932700249456009,66463,US3,3337,1892,2085,1457,1433,8485,2700,4800,7500,3,1,7,9,11,0/1/4,5/7/9,15/17/18,7,15,11,0,1,4,1,0,0,1,36,40,48,0,0,0,22,24,24,11,16,22,4,7,11,105,142,123,19,50,34,6.242
2831,400003,3速1耐1智1友,4421705505934944892,66556,US3,3337,1859,2200,1304,1515,8713,2700,5400,6750,3,1,7,10,10,0/1/4,5/7/9,15/17/18,11,15,15,0,3,2,1,0,0,0,39,39,41,3,0,0,22,24,24,13,17,13,6,7,3,137,137,88,42,42,25,4.423
1652,400001,3速1耐1智1友,13766497671602639763,67237,US3,3337,2211,1936,1591,1372,8351,3150,6000,6750,3,1,8,11,10,0/1/4,5/7/9,15/17/18,12,14,16,0,3,2,1,0,0,0,39,45,49,1,1,4,22,24,24,16,19,13,8,8,3,140,174,109,42,56,21,4.532
470,400003,2速1耐1力1智1友,7401715400789094634,65860,US2,3156,2273,2085,1393,1481,8225,2700,6000,6750,3,1,7,11,10,0/1/2,5/8/9,15/17/18,10,15,16,0,3,2,1,0,0,0,40,42,45,3,0,1,22,24,24,16,17,16,9,6,6,153,100,120,64,32,41,6.506
2248,400001,3速1耐1智1友,2702744028593991977,67667,US3,3337,1969,1765,1640,1800,8472,2250,6000,7500,3,1,6,11,11,0/1/4,5/7/9,15/17/18,5,16,14,0,3,2,1,0,0,0,39,45,49,4,1,0,22,24,24,13,17,20,7,6,9,125,134,129,30,40,25,5.099
1652,400002,3速1耐1智1友,8640184769083883397,69982,US5,3337,2135,1982,1455,1882,8792,3150,6600,7500,3,1,8,12,11,0/1/4,5/7/9,15/17/18,12,15,15,0,3,2,1,0,0,0,39,47,49,0,0,1,22,24,24,16,17,16,8,5,5,117,117,119,40,34,30,4.381
2835,400000,3速1耐1智1友,10302741581714801169,62755,UA9,3337,1524,1786,1143,1938,8246,2250,6000,7500,3,1,6,11,11,0/1/4,5/7/9,15/17/18,8,13,16,0,3,2,1,0,0,0,37,42,51,2,1,3,22,24,24,10,16,16,4,5,5,128,152,115,34,59,26,5.918
480,400000,2速1耐1力1智1友,5471860238413361529,66752,US3,3061,2157,2178,1242,1867,8438,3150,6000,7500,3,1,8,11,11,0/1/2,5/8/9,15/17/18,9,17,14,0,2,3,1,0,0,0,39,48,48,0,0,4,22,24,24,9,19,17,1,8,6,99,126,118,28,30,23,4.383
2248,400002,3速1耐1智1友,14336052973726775667,68196,US4,3337,2103,2056,1583,1513,8571,2700,5400,7500,3,1,7,10,11,0/1/4,5/7/9,15/17/18,7,16,15,0,3,2,1,0,0,0,36,47,48,0,4,0,22,24,24,11,14,17,4,4,6,112,203,116,32,94,20,3.965
1652,400003,3速1耐1智1友,12475173743765002814,69252,US5,3337,1735,1907,1219,2353,8788,3150,6000,7500,3,1,8,11,11,0/1/4,5/7/9,15/17/18,13,16,15,0,3,2,1,0,1,0,43,45,49,0,0,1,22,24,24,11,17,13,3,6,2,102,110,107,25,30,33,4.285
2248,400003,3速1耐1智1友,17460438554258472780,64814,US1,3337,1456,2119,1134,1960,8408,2700,5400,7500,3,1,7,10,11,0/1/4,5/7/9,15/17/18,11,14,14,0,3,2,1,0,0,1,41,42,46,1,0,0,22,24,24,13,17,17,6,7,6,114,136,115,17,50,27,4.027
2835,400001,3速1耐1智1友,6306820642850014581,66357,US2,3337,2074,1984,1387,1432,8747,2700,4200,8250,3,1,7,8,12,0/1/4,5/7/9,15/17/18,9,16,14,0,2,3,1,0,0,0,41,43,48,1,8,0,22,24,24,15,20,18,8,12,6,134,185,119,33,86,26,4.496
480,400001,2速1耐1力1智1友,16513966565476891370,67802,US4,3334,1833,2200,966,2045,8584,2700,6600,7500,3,1,7,12,11,0/1/2,5/8/9,15/17/18,6,17,17,0,3,2,1,0,0,0,34,48,44,0,0,0,22,24,24,9,19,15,2,7,4,79,117,115,14,41,35,6.610
1655,400000,3速1耐1智1友,16472020904581149368,67947,US4,3337,2157,2200,1322,1297,8893,3150,6000,7500,3,1,8,11,11,0/1/4,5/7/9,15/17/18,14,14,15,0,3,2,1,0,0,1,42,45,50,0,1,0,22,24,24,17,18,16,9,7,5,128,133,106,36,60,25,4.451
2268,400000,3速1耐1智1友,5780785005543720156,65203,US2,3337,1724,1851,1417,1782,8435,2700,6000,6750,3,1,7,11,10,0/1/4,5/7/9,15/17/18,9,16,14,0,3,2,1,0,2,0,41,45,45,1,1,1,22,24,24,14,18,16,7,7,6,159,135,106,52,38,19,3.979
2835,400002,3速1耐1智1友,15724643194134369964,66876,US3,3337,1840,2010,1204,1843,8841,2700,5400,7500,3,1,7,10,11,0/1/4,5/7/9,15/17/18,8,17,16,0,3,2,1,0,0,0,37,46,46,1,3,0,22,24,24,15,20,14,8,10,3,123,150,107,43,46,39,4.381
2268,400001,3速1耐1智1友,14726725438042161054,63672,US,3337,1726,1786,1620,1504,8340,2700,5400,7500,3,1,7,10,11,0/1/4,5/7/9,15/17/18,7,14,13,0,3,2,1,0,1,0,39,41,48,3,0,2,22,24,24,18,17,14,11,7,3,146,121,109,29,44,26,4.052
1655,400001,3速1耐1智1友,6328851424515459478,67503,US3,3337,2371,1828,1342,1486,8578,3150,5400,7500,3,1,8,10,11,0/1/4,5/7/9,15/17/18,7,16,13,0,3,2,1,0,0,0,39,41,49,0,2,2,22,24,24,9,19,16,1,9,5,92,161,96,22,64,22,5.073
2835,400003,3速1耐1智1友,3813560878145830563,64602,US1,3337,1832,2200,1303,1223,8358,3150,4800,7500,3,1,8,9,11,0/1/4,5/7/9,15/17/18,10,14,15,0,3,2,1,0,0,0,39,41,47,0,6,1,22,24,24,13,19,16,5,10,5,104,144,147,18,56,51,4.220
480,400002,2速1耐1力1智1友,16456441201688241292,65768,US2,2884,2400,2200,1257,1560,8589,2700,5400,7500,3,1,7,10,11,0/1/2,5/8/9,15/17/18,11,16,15,0,3,2,1,0,0,0,41,43,47,4,1,1,22,24,24,9,20,16,2,10,5,148,163,138,58,80,31,6.180
2268,400002,3速1耐1智1友,2927834286720148322,65476,US2,3337,1851,1711,1464,1724,8514,2700,5400,8250,3,1,7,10,12,0/1/4,5/7/9,15/17/18,12,16,14,0,3,2,1,0,0,0,40,44,47,4,3,0,22,24,24,15,22,19,8,12,7,148,143,97,38,43,26,4.341
480,400003,2速1耐1力1智1友,11959600323032655473,65618,US2,3209,1950,2200,1107,1782,8275,2700,6000,7500,3,1,7,11,11,0/1/2,5/8/9,15/17/18,10,17,15,0,3,2,1,0,0,0,41,43,47,1,0,0,22,24,24,12,20,15,5,9,4,131,119,96,43,53,20,4.530
1655,400002,3速1耐1智1友,5851287521937197702,64970,US1,3337,1805,1884,1122,1884,8623,3150,6000,7500,3,1,8,11,11,0/1/4,5/7/9,15/17/18,13,15,13,0,3,2,1,0,0,0,42,45,47,1,1,0,22,24,24,18,23,16,10,12,5,149,170,102,41,70,22,5.449
2836,400000,3速1耐1智1友,11550089788960911599,66021,US2,3337,1684,1866,1579,1844,8373,2700,5400,8250,3,1,7,10,12,0/1/4,5/7/9,15/17/18,10,13,16,0,3,2,1,0,2,1,41,44,50,1,1,0,22,24,24,16,17,15,9,7,3,132,151,107,40,40,25,5.117
2268,400003,3速1耐1智1友,1767241412563473568,61587,UA7,3337,1628,1797,1327,1425,8289,2700,4200,7500,3,1,7,8,11,0/1/4,5/7/9,15/17/18,10,15,14,0,3,2,1,0,3,0,39,36,47,0,3,0,22,24,24,12,15,15,5,7,4,107,129,134,26,33,42,3.704
496,400000,2速1耐1力1智1友,3210214389276070636,74416,US9,3337,2396,2200,1503,1802,9188,2700,6600,7500,3,1,7,12,11,0/1/2,5/8/9,15/17/18,9,15,17,0,3,2,1,0,0,0,38,48,46,2,0,0,22,24,24,17,21,14,10,9,3,150,130,96,40,33,36,4.567
1655,400003,3速1耐1智1友,11298524560522871206,66039,US2,3337,1711,2200,1065,1709,9078,3150,5400,7500,3,1,8,10,11,0/1/4,5/7/9,15/17/18,12,16,15,0,3,2,1,0,1,0,42,42,48,1,1,1,22,24,24,14,21,15,6,11,4,122,162,98,38,83,21,4.583
2836,400001,3速1耐1智1友,8447349918165821613,64669,US1,3337,1862,2200,1430,1087,8314,2700,5400,7500,3,1,7,10,11,0/1/4,5/7/9,15/17/18,7,14,14,0,3,2,1,0,0,0,37,44,50,0,5,2,22,24,24,13,21,15,6,11,4,125,183,127,34,105,32,6.393
2281,400000,3速1耐1智1友,13001036828562543509,67661,US3,3337,1833,2007,1627,1678,8808,3150,5400,8250,3,1,8,10,12,0/1/4,5/7/9,15/17/18,11,15,15,0,3,2,1,0,0,0,41,41,50,0,0,0,22,24,24,13,14,18,5,4,6,109,117,115,30,41,34,4.365
496,400001,2速1耐1力1智1友,1481457135838115342,65947,US2,3337,1681,2136,1072,1789,8600,2700,5400,7500,3,1,7,10,11,0/1/2,5/8/9,15/17/18,10,15,14,0,3,2,1,0,2,0,40,41,49,1,0,0,22,24,24,11,16,16,4,6,5,131,105,103,42,33,30,4.332
1659,400000,3速1耐1智1友,16512390768308028470,64364,US1,3337,1379,2071,1042,1951,8746,2700,5400,8250,3,1,7,10,12,0/1/4,5/7/9,15/17/18,11,14,15,0,3,2,1,0,0,0,40,41,50,2,1,0,22,24,24,12,22,18,5,12,6,132,144,113,35,59,27,4.650
2281,400001,3速1耐1智1友,17290718145117158747,64826,US1,3337,1529,2129,1267,1835,8466,3150,5400,6750,3,1,8,10,10,0/1/4,5/7/9,15/17/18,12,15,12,0,2,3,1,0,0,2,40,46,41,0,0,0,22,24,24,12,19,14,4,9,4,99,154,109,22,50,31,3.849
496,400002,2速1耐1力1智1友,8217903684714740466,59443,UA5,3172,1582,1801,1082,1669,7987,2250,4200,7500,3,1,6,8,11,0/1/2,5/8/9,15/17/18,10,12,15,0,3,2,1,0,0,0,38,42,49,3,5,3,22,24,24,10,21,18,4,13,7,130,157,107,44,47,22,4.030
2836,400002,3速1耐1智1友,7259181211982773885,67556,US3,3337,1907,2179,1454,1497,8397,2700,6000,7500,3,1,7,11,11,0/1/4,5/7/9,15/17/18,9,17,12,0,3,2,1,0,1,0,39,42,50,0,0,2,22,24,24,13,17,16,6,6,5,147,139,105,50,56,23,6.935
1659,400001,3速1耐1智1友,17444393449880508178,69451,US5,3337,2363,2159,1586,1143,8669,3150,6000,7500,3,1,8,11,11,0/1/4,5/7/9,15/17/18,10,15,15,0,3,2,1,0,0,0,40,44,50,0,3,2,22,24,24,12,21,13,4,10,2,126,162,102,32,73,26,4.730
2281,400002,3速1耐1智1友,8580699302548032145,67324,US3,3337,1902,1833,1496,1915,8649,2700,5400,7500,3,1,7,10,11,0/1/4,5/7/9,15/17/18,8,15,15,0,3,2,1,0,0,0,38,45,49,5,3,2,22,24,24,11,24,14,4,14,3,149,189,104,60,89,27,4.074
496,400003,2速1耐1力1智1友,1908942700185860332,69807,US5,3337,2226,2200,1212,1645,8778,2700,6600,7500,3,1,7,12,11,0/1/2,5/8/9,15/17/18,12,16,14,0,3,2,1,0,0,0,42,45,50,3,0,1,22,24,24,11,18,16,4,6,5,145,130,114,47,55,25,4.311
2281,400003,3速1耐1智1友,15543531327872005035,67865,US4,3337,1545,1790,1336,2313,9046,2700,5400,8250,3,1,7,10,12,0/1/4,5/7/9,15/17/18,8,17,15,0,3,2,1,0,0,0,39,44,47,2,1,0,22,24,24,16,17,17,9,7,5,145,167,105,34,67,20,4.003
1659,400002,3速1耐1智1友,18024419673054008031,69289,US5,3337,2256,1901,1530,1690,8708,2700,6000,7500,3,1,7,11,11,0/1/4,5/7/9,15/17/18,9,14,16,0,3,2,1,0,0,0,39,45,49,0,0,0,22,24,24,10,17,14,3,6,3,128,143,97,33,41,30,4.888
2836,400003,3速1耐1智1友,6886629698905996555,67856,US4,3337,1912,1914,1514,1776,8492,2700,5400,8250,3,1,7,10,12,0/1/4,5/7/9,15/17/18,9,16,17,0,3,2,1,0,0,0,39,41,51,0,0,0,22,24,24,15,11,13,8,1,1,122,145,102,38,71,23,6.561
545,400000,2速1力1根1智1友,11326762469714653587,61509,UA7,3337,1004,2200,1373,1578,8014,2700,6600,7500,3,1,7,12,11,0/2/3,5/6/9,15/16/19,9,15,13,0,3,2,1,0,0,0,39,47,48,2,0,0,22,24,24,10,17,16,3,5,5,126,120,112,30,43,30,4.248
2286,400000,3速1耐1智1友,10140862302073678318,69195,US5,3337,2173,1809,1456,1834,8873,3150,6000,8250,3,1,8,11,12,0/1/4,5/7/9,15/17/18,9,13,15,0,3,2,1,0,0,0,40,45,50,0,0,0,22,24,24,13,16,16,5,5,4,135,150,115,39,46,23,4.460
1659,400003,3速1耐1智1友,14575274098485554368,61334,UA7,3337,1332,2175,1018,1560,8306,3150,6000,6750,3,1,8,11,10,0/1/4,5/7/9,15/17/18,11,13,12,0,3,2,1,0,0,0,43,40,46,0,0,3,22,24,24,15,18,17,7,7,7,122,119,106,37,43,25,4.994
2856,400000,3速1耐1智1友,2929829349742514684,64488,US1,3337,2019,2000,1485,1110,8316,2700,4800,7500,3,1,7,9,11,0/1/4,5/7/9,15/17/18,8,15,14,0,1,4,1,0,0,3,36,44,48,0,4,0,22,24,24,13,22,15,6,13,4,103,174,93,25,72,23,4.755
545,400001,2速1力1根1智1友,6811585711019423014,65440,US2,3337,960,2200,1911,1701,8384,2250,6000,7500,3,1,6,11,11,0/2/3,5/6/9,15/16/19,10,14,14,0,3,2,1,0,0,1,40,45,50,5,0,0,22,24,24,11,23,16,5,12,5,159,155,117,54,67,31,4.806
2286,400001,3速1耐1智1友,14076226324946435596,66308,US2,3337,1716,2160,1316,1567,8911,2700,4800,8250,3,1,7,9,12,0/1/4,5/7/9,15/17/18,10,13,13,0,3,2,1,0,0,0,39,40,49,1,0,0,22,24,24,12,16,17,5,7,5,129,122,119,41,39,34,4.040
2856,400001,3速1耐1智1友,4276544649979031422,66374,US2,3337,1572,1596,1204,2409,8506,3150,5400,7500,3,1,8,10,11,0/1/4,5/7/9,15/17/18,10,17,16,0,1,4,1,0,0,0,39,45,46,0,0,2,22,24,24,8,13,12,0,3,1,101,151,114,25,48,41,3.859
1660,400000,3速1耐1智1友,412379854876416095,70090,US5,3337,2211,1962,1480,1711,8719,3150,6000,7500,3,1,8,11,11,0/1/4,5/7/9,15/17/18,11,15,13,0,3,2,1,0,0,0,41,44,49,3,0,0,22,24,24,15,14,15,7,3,4,148,105,114,44,31,27,5.952
545,400002,2速1力1根1智1友,2464807553972074962,64363,US1,3337,898,2200,2058,1259,8498,2250,5400,7500,3,1,6,10,11,0/2/3,5/6/9,15/16/19,9,14,15,0,3,2,1,0,0,0,38,43,48,4,2,0,22,24,24,13,21,13,7,11,2,139,149,103,23,69,20,4.365
2286,400002,3速1耐1智1友,7963419135009507152,71232,US6,3337,2271,2136,1585,1514,9108,2700,5400,7500,3,1,7,10,11,0/1/4,5/7/9,15/17/18,11,13,14,0,3,2,1,0,0,0,41,44,49,1,1,1,22,24,24,13,15,16,6,5,5,126,159,129,36,52,37,5.409
2856,400002,3速1耐1智1友,6157480393129864447,67921,US4,3337,1666,1900,1457,2026,8872,3150,6000,7500,3,1,8,11,11,0/1/4,5/7/9,15/17/18,8,16,17,0,3,2,1,0,0,0,39,46,46,0,0,0,22,24,24,12,17,15,4,6,4,111,131,110,19,42,33,4.803
545,400003,2速1力1根1智1友,9844167196163356492,64384,US1,3337,884,2200,1829,1632,8463,2700,5400,8250,3,1,7,10,12,0/2/3,5/6/9,15/16/19,10,15,16,0,3,2,1,0,0,0,38,42,50,2,1,0,22,24,24,12,22,17,5,12,5,138,159,125,36,58,28,4.561
1660,400001,3速1耐1智1友,17561182151688775318,69547,US5,3337,1946,1968,1389,1967,8882,2700,6000,6750,3,1,7,11,10,0/1/4,5/7/9,15/17/18,7,16,13,0,3,2,1,0,0,0,39,43,49,3,0,5,22,24,24,17,16,18,10,5,8,141,123,141,27,46,27,6.245
2286,400003,3速1耐1智1友,13378449257864063531,68072,US4,3337,1502,2096,1177,2154,9226,3150,6000,7500,3,1,8,11,11,0/1/4,5/7/9,15/17/18,11,18,14,0,2,3,1,0,0,1,40,47,43,0,0,0,22,24,24,13,21,17,5,10,6,109,160,102,36,71,28,4.507
2856,400003,3速1耐1智1友,15460786586320298340,65099,US1,3337,1678,1636,1342,2123,8481,2700,5400,7500,3,1,7,10,11,0/1/4,5/7/9,15/17/18,12,16,16,0,2,3,1,0,0,2,41,44,49,1,5,2,22,24,24,9,16,14,2,6,3,125,165,113,46,49,26,3.909
557,400000,2速1力1根1智1友,8980134063177055374,62145,UA8,3295,950,2200,1694,1512,7869,2700,5400,7500,3,1,7,10,11,0/2/3,5/6/9,15/16/19,8,16,15,0,3,2,1,0,0,0,38,39,46,5,0,0,22,24,24,14,18,17,7,8,6,158,104,132,41,40,43,4.279
1660,400002,3速1耐1智1友,13269887754954257778,67822,US4,3337,2055,1706,1373,2022,8324,2700,6600,7500,3,1,7,12,11,0/1/4,5/7/9,15/17/18,10,14,14,0,3,2,1,0,1,0,37,45,47,0,0,0,22,24,24,10,16,14,3,4,3,104,138,102,30,25,22,5.101
2869,400000,3速1耐1智1友,15056141437817318231,67364,US3,3337,1571,1910,1383,2202,8665,2250,5400,8250,3,1,6,10,12,0/1/4,5/7/9,15/17/18,4,15,19,0,3,2,1,0,0,0,35,43,48,1,2,0,22,24,24,11,17,16,5,7,4,136,174,124,47,67,40,4.298
2294,400000,3速1耐1智1友,2010035215765505054,67190,US3,3337,2288,1943,1503,1181,8890,3150,4800,7500,3,1,8,9,11,0/1/4,5/7/9,15/17/18,10,14,13,0,3,2,1,0,0,0,40,41,49,0,5,3,22,24,24,11,17,17,3,8,6,131,140,136,39,48,44,5.849
557,400001,2速1力1根1智1友,18285413516395379107,68810,US4,3337,976,2200,2150,1843,8804,2700,5400,8250,3,1,7,10,12,0/2/3,5/6/9,15/16/19,12,13,16,0,3,2,1,0,0,0,41,44,50,2,0,0,22,24,24,12,20,15,5,10,3,165,124,120,54,28,25,4.191
2869,400001,3速1耐1智1友,5825938625949824570,66015,US2,3337,1712,1851,1281,2091,8538,3150,6000,7500,3,1,8,11,11,0/1/4,5/7/9,15/17/18,10,14,17,0,3,2,1,0,0,0,38,45,47,0,1,0,22,24,24,12,21,13,4,10,2,113,160,121,29,33,37,4.210
1660,400003,3速1耐1智1友,16033479968829593125,67807,US4,3337,2067,1796,1376,1919,8553,2700,5400,8250,3,1,7,10,12,0/1/4,5/7/9,15/17/18,9,15,16,0,3,2,1,0,0,0,41,39,51,2,0,0,22,24,24,14,19,16,7,9,4,134,149,96,49,48,20,4.883
557,400002,2速1力1根1智1友,8256967179919972977,62422,UA8,3337,804,2143,1816,1636,7911,2250,6000,7500,3,1,6,11,11,0/2/3,5/6/9,15/16/19,11,18,13,0,3,2,1,0,0,0,39,48,47,4,2,0,22,24,24,10,18,15,4,7,4,160,139,115,45,43,26,4.000
2294,400001,3速1耐1智1友,14180816710049835277,63592,US,3337,1454,1582,1207,2136,8524,3150,4800,8250,3,1,8,9,12,0/1/4,5/7/9,15/17/18,10,14,13,0,3,2,1,0,0,0,41,42,47,0,2,0,22,24,24,11,20,19,3,11,7,106,155,140,26,66,32,4.563
2869,400002,3速1耐1智1友,15962456138953454796,65834,US2,3337,1446,2072,1394,1903,8565,3150,4800,7500,3,1,8,9,11,0/1/4,5/7/9,15/17/18,11,14,17,0,2,3,1,0,0,0,40,38,50,2,1,1,22,24,24,15,17,15,7,8,4,131,145,142,29,65,49,3.995
1680,400000,3速1耐1智1友,8299364394213579750,65028,US1,3337,1654,1762,1149,2100,8595,2700,5400,7500,3,1,7,10,11,0/1/4,5/7/9,15/17/18,7,19,15,0,2,3,1,0,0,0,37,44,47,2,2,0,22,24,24,12,11,18,5,1,7,131,162,100,32,60,22,4.978
557,400003,2速1力1根1智1友,6887077576697736342,64469,US1,3337,906,2200,2090,1411,8023,2250,6000,6750,3,1,6,11,10,0/2/3,5/6/9,15/16/19,7,16,15,0,3,2,1,0,0,0,38,42,45,3,0,2,22,24,24,12,18,16,6,7,6,140,119,100,56,34,31,4.089
2294,400002,3速1耐1智1友,14714682613339693320,66251,US2,3337,1805,2200,1249,1459,8948,2700,5400,7500,3,1,7,10,11,0/1/4,5/7/9,15/17/18,11,14,15,0,3,2,1,0,0,1,38,41,49,1,0,0,22,24,24,16,17,15,9,7,4,133,106,113,42,46,20,4.322
2869,400003,3速1耐1智1友,5909748317499556062,68214,US4,3337,1844,1857,1460,1970,8914,2700,6000,8250,3,1,7,11,12,0/1/4,5/7/9,15/17/18,9,15,17,0,3,2,1,0,0,0,38,42,51,1,1,0,22,24,24,11,15,15,4,4,3,129,125,113,46,44,29,4.017
558,400000,2速1力1根1智1友,14755065498383508013,67852,US4,3337,909,2200,2009,1894,8686,2250,6600,7500,3,1,6,12,11,0/2/3,5/6/9,15/16/19,8,17,15,0,3,2,1,0,0,1,39,49,50,5,0,1,22,24,24,16,18,15,10,6,4,161,144,131,30,51,29,4.135
1680,400001,3速1耐1智1友,16668308382705516671,62778,UA9,3337,1498,2200,1134,1321,8795,3150,5400,7500,3,1,8,10,11,0/1/4,5/7/9,15/17/18,8,14,13,0,3,2,1,0,0,0,41,43,48,0,2,0,22,24,24,15,20,17,7,10,6,133,152,122,33,59,34,4.533
2294,400003,3速1耐1智1友,7605875645551735986,66881,US3,3337,1662,2172,1176,1672,9259,2700,6600,7500,3,1,7,12,11,0/1/4,5/7/9,15/17/18,7,17,14,0,3,2,1,0,0,0,38,46,50,1,0,2,22,24,24,13,19,14,6,7,3,133,134,94,29,35,24,4.304
2874,400000,3速1耐1智1友,4845181786318882575,68053,US4,3337,2069,1617,1457,2037,8625,2700,6000,6750,3,1,7,11,10,0/1/4,5/7/9,15/17/18,10,18,15,0,3,2,1,0,0,0,39,43,42,0,0,1,22,24,24,12,14,15,5,3,5,104,122,119,22,35,43,3.867
558,400001,2速1力1根1智1友,13544683435662312397,64349,US1,3337,912,2200,1704,1708,8414,2250,6000,7500,3,1,6,11,11,0/2/3,5/6/9,15/16/19,10,17,16,0,3,2,1,0,0,0,39,46,51,5,0,2,22,24,24,13,16,16,7,5,5,147,114,148,41,29,31,4.040
2304,400000,3速1耐1智1友,573921492460556097,70916,US6,3337,1925,2040,1572,1938,9026,3150,5400,8250,3,1,8,10,12,0/1/4,5/7/9,15/17/18,9,12,15,0,3,2,1,0,0,0,40,40,50,0,0,0,22,24,24,17,21,15,9,11,3,125,161,111,29,62,29,4.469
1680,400002,3速1耐1智1友,12373807751219858769,67441,US3,3337,1847,1813,1280,2028,8943,3150,6600,7500,3,1,8,12,11,0/1/4,5/7/9,15/17/18,9,16,14,0,3,2,1,0,0,0,41,45,49,0,0,2,22,24,24,12,18,16,4,6,5,129,113,119,41,37,36,5.316
2874,400001,3速1耐1智1友,14949778751787704535,64670,US1,3337,1889,2009,1396,1275,8374,2700,5400,7500,3,1,7,10,11,0/1/4,5/7/9,15/17/18,10,10,17,0,3,2,1,0,0,1,39,45,50,1,2,2,22,24,24,13,20,14,6,10,3,105,179,100,13,82,21,4.128
558,400002,2速1力1根1智1友,15920638885077350851,61542,UA7,3337,907,2200,1557,1385,8360,2700,5400,6750,3,1,7,10,10,0/2/3,5/6/9,15/16/19,12,16,15,0,3,2,1,0,2,0,41,46,44,2,2,0,22,24,24,14,21,16,7,11,6,149,174,109,33,66,32,4.181
2304,400001,3速1耐1智1友,15988494639978055982,71231,US6,3337,1915,2023,1548,2096,8958,2700,6000,7500,3,1,7,11,11,0/1/4,5/7/9,15/17/18,11,16,15,0,3,2,1,0,2,0,40,45,48,4,0,0,22,24,24,16,18,16,9,7,5,149,138,115,38,51,29,4.984
2874,400002,3速1耐1智1友,10920049661541601304,68093,US4,3337,2153,1927,1356,1640,8707,2700,6600,7500,3,1,7,12,11,0/1/4,5/7/9,15/17/18,9,14,16,0,3,2,1,0,0,0,39,45,46,1,0,0,22,24,24,16,18,15,9,6,4,138,119,98,41,40,29,4.084
558,400003,2速1力1根1智1友,12442385645152605416,64681,US1,3337,968,2200,1490,1855,8425,2250,6000,6750,3,1,6,11,10,0/2/3,5/6/9,15/16/19,8,16,17,0,3,2,1,0,0,0,39,42,43,4,0,0,22,24,24,15,16,13,9,5,3,155,120,97,57,26,31,3.910
1680,400003,3速1耐1智1友,666819520433119429,68065,US4,3337,1702,1977,1238,2105,9034,3150,5400,7500,3,1,8,10,11,0/1/4,5/7/9,15/17/18,12,16,13,0,3,2,1,0,0,0,41,46,46,2,3,0,22,24,24,15,18,13,7,8,2,147,136,105,42,41,29,7.137
2874,400003,3速1耐1智1友,5180282748491621039,70231,US5,3337,2104,1733,1426,2119,8943,2700,4800,7500,3,1,7,9,11,0/1/4,5/7/9,15/17/18,8,15,17,0,3,2,1,0,2,0,39,36,46,0,2,0,22,24,24,14,18,14,7,9,3,123,137,124,33,52,44,3.965
2304,400002,3速1耐1智1友,15682719230703110853,68875,US4,3337,2136,2200,1582,1218,8751,2700,6000,7500,3,1,7,11,11,0/1/4,5/7/9,15/17/18,9,15,13,0,3,2,1,0,0,0,40,44,48,3,0,1,22,24,24,18,18,18,11,7,7,157,149,108,48,57,24,5.602
583,400000,2速1力1根1智1友,13636632859002082019,65988,US2,3337,830,2200,1852,2025,8407,2700,6600,7500,3,1,7,12,11,0/2/3,5/6/9,15/16/19,11,16,15,0,3,2,1,0,0,0,39,47,48,2,0,0,22,24,24,12,19,16,5,7,5,129,154,118,30,58,27,4.246
2882,400000,3速1耐1智1友,17866908312636293008,67876,US4,3337,1916,1833,1282,1968,8922,3150,6000,7500,3,1,8,11,11,0/1/4,5/7/9,15/17/18,9,14,16,0,3,2,1,0,0,0,38,45,46,1,0,0,22,24,24,14,17,13,6,6,2,115,121,91,28,35,36,4.149
1693,400000,3速1耐1智1友,17356584386839724401,69308,US5,3337,2254,1793,1518,1861,8822,2700,5400,7500,3,1,7,10,11,0/1/4,5/7/9,15/17/18,11,15,17,0,3,2,1,0,0,0,40,44,51,4,1,3,22,24,24,12,19,14,5,9,3,151,152,124,59,50,33,6.567
583,400001,2速1力1根1智1友,16916887217943384197,62818,UA9,3337,959,2200,1900,1453,8029,2250,5400,6750,3,1,6,10,10,0/2/3,5/6/9,15/16/19,11,16,13,0,3,2,1,0,0,1,40,43,44,5,2,0,22,24,24,14,17,16,8,7,6,165,130,123,67,40,31,3.924
2304,400003,3速1耐1智1友,4320613902752462631,68126,US4,3337,1510,2200,1305,1953,8956,3150,4800,8250,3,1,8,9,12,0/1/4,5/7/9,15/17/18,8,16,15,0,3,2,1,0,0,0,40,44,49,0,3,0,22,24,24,15,22,15,7,13,3,116,173,111,31,71,28,6.782
2882,400001,3速1耐1智1友,14884874851844481639,63622,US,3337,1932,1833,1349,1368,8520,3150,6000,6750,3,1,8,11,10,0/1/4,5/7/9,15/17/18,6,15,15,0,3,2,1,0,0,1,38,45,44,0,0,0,22,24,24,16,16,13,8,5,3,114,140,96,22,39,24,3.977
583,400002,2速1力1根1智1友,1718519919253566914,62032,UA8,3337,997,2200,1434,1651,8164,2700,5400,7500,3,1,7,10,11,0/2/3,5/6/9,15/16/19,13,18,14,0,1,4,1,0,0,0,40,45,44,3,0,0,22,24,24,12,14,18,5,4,7,151,96,123,44,33,29,3.963
1693,400001,3速1耐1智1友,6746023543926400478,68596,US4,3337,1462,2200,1061,2274,9144,2700,6000,8250,3,1,7,11,12,0/1/4,5/7/9,15/17/18,10,17,15,0,3,2,1,0,0,0,40,46,50,0,1,0,22,24,24,11,18,19,4,7,7,134,132,110,35,45,30,6.995
2882,400002,3速1耐1智1友,17316422418724718905,70729,US6,3337,2093,1865,1378,2022,9397,3150,6600,8250,3,1,8,12,12,0/1/4,5/7/9,15/17/18,10,16,14,0,2,3,1,0,0,0,41,47,51,0,0,0,22,24,24,10,18,14,2,6,2,106,143,114,21,53,23,4.323
583,400003,2速1力1根1智1友,9477966000344520914,61448,UA7,3337,824,2101,1608,1806,7738,2700,4200,6750,3,1,7,8,10,0/2/3,5/6/9,15/16/19,11,16,16,0,3,2,1,0,0,0,41,34,43,3,0,2,22,24,24,14,16,15,7,8,5,156,108,132,43,44,29,3.739
2378,400000,2速2耐1智1友,3863406832935757103,73041,US8,3337,2400,1567,2071,1739,9236,2250,6000,8250,3,1,6,11,12,0/1/4,5/7/9,15/17/19,10,17,15,0,3,2,1,0,0,0,39,42,48,5,0,0,22,24,24,17,16,18,11,5,6,164,141,124,42,50,28,6.844
2882,400003,3速1耐1智1友,2008667953356348058,68917,US4,3337,2004,1983,1342,1804,9130,2250,4800,8250,3,1,6,9,12,0/1/4,5/7/9,15/17/18,7,16,16,0,3,2,1,0,0,0,38,38,50,3,1,0,22,24,24,12,15,13,6,6,1,129,165,104,39,75,30,3.833
604,400000,3速1耐1智1友,18294810980148767977,65608,US2,3337,2042,1695,1303,1634,8938,3150,6000,6750,3,1,8,11,10,0/1/4,5/7/9,15/17/18,11,14,14,0,3,2,1,0,0,0,41,46,46,0,1,3,22,24,24,13,18,17,5,7,7,132,145,128,37,42,26,4.208
1693,400002,3速1耐1智1友,14424983218843018468,70477,US6,3337,1910,2139,1455,1993,8979,2700,6000,7500,3,1,7,11,11,0/1/4,5/7/9,15/17/18,8,16,14,0,3,2,1,0,0,0,40,42,47,0,0,0,22,24,24,10,19,13,3,8,2,93,112,105,18,45,31,6.656
2892,400000,3速1耐1智1友,2657262410504491592,65046,US1,3337,1837,1919,1419,1621,8273,3150,5400,7500,3,1,8,10,11,0/1/4,5/7/9,15/17/18,8,16,15,0,3,2,1,0,2,0,38,44,50,0,4,2,22,24,24,12,23,14,4,13,3,111,169,118,21,67,30,4.208
2378,400001,2速2耐1智1友,338394352131572186,72804,US7,3337,2400,1659,2126,1507,9018,2250,5400,7500,3,1,6,10,11,0/1/4,5/7/9,15/17/19,10,17,13,0,3,2,1,0,1,0,39,46,44,8,0,0,22,24,24,19,17,17,13,7,6,160,148,114,53,54,37,6.814
604,400001,3速1耐1智1友,17340265605103734777,64609,US1,3337,2131,1437,1179,1737,8607,3150,4800,7500,3,1,8,9,11,0/1/4,5/7/9,15/17/18,11,14,16,0,3,2,1,0,0,0,40,37,48,1,1,0,22,24,24,15,15,17,7,6,6,133,134,118,31,53,31,4.102
2892,400001,3速1耐1智1友,2378747629310166250,65152,US2,3337,1854,2072,1511,1332,8315,3150,5400,7500,3,1,8,10,11,0/1/4,5/7/9,15/17/18,8,12,16,0,3,2,1,0,0,0,39,45,48,0,2,0,22,24,24,8,20,17,0,10,6,80,155,110,21,56,24,4.104
1693,400003,3速1耐1智1友,5437933206907195191,68425,US4,3337,2149,1953,1487,1616,8828,2700,6000,8250,3,1,7,11,12,0/1/4,5/7/9,15/17/18,7,17,15,0,3,2,1,0,0,1,38,46,51,0,2,0,22,24,24,15,18,16,8,7,4,134,151,117,32,39,29,7.088
2378,400002,2速2耐1智1友,5459626197518449700,70267,US5,3167,2400,1384,2000,1798,8861,3150,6000,7500,3,1,8,11,11,0/1/4,5/7/9,15/17/19,12,17,15,0,3,2,1,0,0,0,41,44,50,1,0,2,22,24,24,14,15,17,6,4,6,130,124,131,45,35,30,4.321
604,400002,3速1耐1智1友,13456845877101579504,62749,UA9,3337,1857,1676,1160,1557,8500,2250,6000,6750,3,1,6,11,10,0/1/4,5/7/9,15/17/18,9,15,12,0,3,2,1,0,0,1,38,48,45,3,0,0,22,24,24,14,20,17,8,9,7,145,148,100,44,47,24,4.884
2892,400002,3速1耐1智1友,18387617760424919808,65974,US2,3337,1564,2200,1395,1491,9005,2250,6000,8250,3,1,6,11,12,0/1/4,5/7/9,15/17/18,7,14,17,0,3,2,1,0,0,0,40,43,50,5,0,0,22,24,24,14,21,15,8,10,3,149,138,89,42,55,25,4.188
2378,400003,2速2耐1智1友,8895869908052454512,69946,US5,3337,2400,1705,1993,1275,8769,3150,4800,7500,3,1,8,9,11,0/1/4,5/7/9,15/17/19,10,16,14,0,3,2,1,0,0,0,39,42,49,0,4,1,22,24,24,13,18,15,5,9,4,121,175,122,31,75,31,4.086
604,400003,3速1耐1智1友,16801046783785587428,68771,US4,3337,2317,1710,1277,1802,8864,3150,6600,6750,3,1,8,12,10,0/1/4,5/7/9,15/17/18,14,17,15,0,3,2,1,0,0,0,41,47,48,0,0,1,22,24,24,13,13,15,5,1,5,119,128,117,31,49,14,4.137
1698,400000,3速1耐1智1友,3068968866812337905,66281,US2,3337,2043,1840,1216,1699,8642,3150,6000,6750,3,1,8,11,10,0/1/4,5/7/9,15/17/18,14,13,13,0,3,2,1,0,0,1,43,43,47,0,0,3,22,24,24,9,21,16,1,10,6,134,138,122,51,43,31,7.031
2892,400003,3速1耐1智1友,9734671446796369956,64305,US1,3337,1924,2200,1454,974,8544,2700,6000,7500,3,1,7,11,11,0/1/4,5/7/9,15/17/18,8,12,16,0,3,2,1,0,0,1,39,44,46,0,1,0,22,24,24,12,20,15,5,9,4,107,136,120,27,43,29,4.074
643,400000,3速1耐1智1友,12942464840474362234,73157,US8,3337,2287,1534,1509,2408,9405,3150,5400,7500,3,1,8,10,11,0/1/4,5/7/9,15/17/18,13,16,16,0,3,2,1,0,1,0,42,45,49,0,0,1,22,24,24,14,20,13,6,10,2,117,153,122,36,57,37,4.613
3604,400000,2速1耐1力1智1友,11312186236519282152,68473,US4,3337,2270,2200,1207,1455,8552,3150,4800,7500,3,1,8,9,11,0/1/2,5/8/9,15/17/18,13,17,15,0,3,2,1,0,0,0,42,38,51,0,0,4,22,24,24,15,18,16,7,9,5,118,99,104,29,34,22,4.167
2966,400000,2速2耐1智1友,3922466380943365996,68661,US4,3337,2303,1525,1713,1822,8434,2250,5400,6750,3,1,6,10,10,0/1/4,5/7/9,15/17/19,5,15,18,0,3,2,1,0,0,0,39,44,43,5,1,1,22,24,24,18,16,15,12,6,5,157,149,129,56,41,52,3.913
643,400001,3速1耐1智1友,10718083972355583571,69335,US5,3337,2174,1521,1374,2192,8918,2700,6000,7500,3,1,7,11,11,0/1/4,5/7/9,15/17/18,9,16,15,0,3,2,1,0,0,0,40,44,50,1,1,1,22,24,24,12,15,16,5,4,5,126,127,117,53,57,26,4.369
3604,400001,2速1耐1力1智1友,6508952195607185635,67074,US3,3337,2180,1923,1254,1657,8259,2700,6000,7500,3,1,7,11,11,0/1/2,5/8/9,15/17/18,9,14,13,0,3,2,1,0,1,0,40,42,48,0,0,1,22,24,24,11,18,19,4,7,8,127,120,150,39,43,55,4.234
1698,400001,3速1耐1智1友,11589864569621262675,67313,US3,3337,2209,1583,1366,1889,8424,2700,6600,7500,3,1,7,12,11,0/1/4,5/7/9,15/17/18,10,15,14,0,3,2,1,0,0,0,40,46,48,1,0,0,22,24,24,10,22,15,3,10,4,124,143,116,37,51,24,7.421
2966,400001,2速2耐1智1友,1417467685255734689,69274,US5,3337,2044,1552,1544,2156,8985,3150,6000,8250,3,1,8,11,12,0/1/4,5/7/9,15/17/19,8,16,16,0,3,2,1,0,0,0,39,42,50,0,0,1,22,24,24,11,17,16,3,6,4,111,126,125,20,43,39,4.210
643,400002,3速1耐1智1友,5136979907046107870,70334,US6,3337,1991,1882,1283,2132,9436,3150,6000,7500,3,1,8,11,11,0/1/4,5/7/9,15/17/18,10,16,15,0,3,2,1,0,0,0,41,47,49,0,2,2,22,24,24,12,21,15,4,10,4,110,145,111,36,39,36,4.465
3604,400002,2速1耐1力1智1友,14371377634513379727,67463,US3,3337,2274,2200,1095,1435,8154,3150,5400,7500,3,1,8,10,11,0/1/2,5/8/9,15/17/18,10,15,17,0,2,3,1,0,0,1,40,39,46,0,0,0,22,24,24,15,15,14,7,5,3,109,107,81,32,56,18,4.711
2966,400002,2速2耐1智1友,8077272635715085863,70294,US5,3337,2178,1719,1690,1879,8947,2700,6000,8250,3,1,7,11,12,0/1/4,5/7/9,15/17/19,9,14,16,0,3,2,1,0,0,0,38,41,51,0,0,0,22,24,24,11,17,17,4,6,5,122,134,107,32,52,26,4.246
1698,400002,3速1耐1智1友,290091397462104506,67037,US3,3337,2206,1759,1302,1756,8535,2700,6000,7500,3,1,7,11,11,0/1/4,5/7/9,15/17/18,7,15,14,0,3,2,1,0,0,0,38,40,50,1,0,2,22,24,24,16,17,16,9,6,5,155,126,136,48,40,33,7.205
3604,400003,2速1耐1力1智1友,11816732897288611687,64084,US,3314,1922,2200,988,1528,7862,3150,5400,6750,3,1,8,10,10,0/1/2,5/8/9,15/17/18,13,16,14,0,3,2,1,0,1,0,43,39,45,3,0,4,22,24,24,14,17,15,6,7,5,130,100,129,24,40,37,4.740
643,400003,3速1耐1智1友,5705678829376208106,67624,US3,3337,1880,2200,1248,1479,9176,3150,5400,7500,3,1,8,10,11,0/1/4,5/7/9,15/17/18,11,13,15,0,3,2,1,0,0,0,41,44,49,0,1,1,22,24,24,16,19,19,8,9,8,119,162,138,41,78,31,5.452
2966,400003,2速2耐1智1友,16066393212008952125,73994,US8,3337,2400,1463,1949,2206,9143,3150,6000,7500,3,1,8,11,11,0/1/4,5/7/9,15/17/19,9,15,18,0,3,2,1,0,0,0,39,45,49,0,2,1,22,24,24,15,19,15,7,8,4,98,179,102,24,65,24,4.178
2979,400000,2速2耐1智1友,8443914800814418601,65749,US2,3337,2154,1413,1663,1755,8307,2250,6000,7500,3,1,6,11,11,0/1/4,5/7/9,15/17/19,10,17,17,0,3,2,1,0,0,0,40,42,48,5,0,2,22,24,24,19,14,12,13,3,1,162,105,96,40,33,26,4.035
1698,400003,3速1耐1智1友,10902744325531170335,64369,US1,3337,1904,2008,1118,1557,8422,2700,6000,6750,3,1,7,11,10,0/1/4,5/7/9,15/17/18,9,16,11,0,3,2,1,0,0,2,41,44,47,1,0,2,22,24,24,13,19,16,6,8,6,134,124,139,41,32,26,6.977
3611,400000,2速1耐1力1智1友,12648071098488139094,68570,US4,3337,2400,2074,1224,1578,8573,2700,5400,6750,3,1,7,10,10,0/1/2,5/8/9,15/17/18,6,14,15,0,3,2,1,0,0,0,36,37,46,0,0,3,22,24,24,16,16,13,9,6,3,122,100,106,37,41,38,5.318
661,400000,3速1耐1智1友,17018580834558249591,70882,US6,3337,2292,1655,1342,2086,9447,3150,6000,7500,3,1,8,11,11,0/1/4,5/7/9,15/17/18,8,14,16,0,3,2,1,0,0,0,40,45,49,0,0,0,22,24,24,14,16,16,6,5,5,116,137,102,32,44,17,5.863
2979,400001,2速2耐1智1友,1365172817541655136,69606,US5,3337,2400,1479,1834,1819,8633,3150,5400,6750,3,1,8,10,10,0/1/4,5/7/9,15/17/19,12,15,18,0,3,2,1,0,2,1,40,44,47,0,4,3,22,24,24,13,16,15,5,6,5,112,180,176,27,65,66,3.975
3611,400001,2速1耐1力1智1友,10280924060891364404,66333,US2,3337,2230,2200,1133,1403,8410,2700,5400,7500,3,1,7,10,11,0/1/2,5/8/9,15/17/18,7,14,15,0,3,2,1,0,0,2,39,39,49,0,0,0,22,24,24,11,16,18,4,6,7,120,99,106,38,41,27,4.238
1706,400000,3速1耐1智1友,9190319121933734310,61525,UA7,3337,1315,2059,862,1746,8782,3150,5400,7500,3,1,8,10,11,0/1/4,5/7/9,15/17/18,9,16,12,0,3,2,1,0,0,0,43,43,49,0,2,1,22,24,24,11,22,14,3,12,3,104,173,123,25,93,36,6.561
2979,400002,2速2耐1智1友,13245666227613244507,66494,US3,3337,2190,1393,1623,1896,8263,2700,5400,7500,3,1,7,10,11,0/1/4,5/7/9,15/17/19,11,17,17,0,3,2,1,0,0,1,39,42,49,0,0,2,22,24,24,13,16,15,6,6,4,112,145,113,36,54,26,3.848
661,400001,3速1耐1智1友,17390044373306492298,71756,US7,3337,2339,1647,1412,2158,9255,3150,6000,7500,3,1,8,11,11,0/1/4,5/7/9,15/17/18,13,16,15,0,3,2,1,0,0,0,42,46,49,1,0,1,22,24,24,13,16,14,5,5,3,134,142,126,40,36,35,6.348
3611,400002,2速1耐1力1智1友,2364977401008843795,63687,US,3337,2230,2093,1053,1135,7935,3150,5400,7500,3,1,8,10,11,0/1/2,5/8/9,15/17/18,12,14,15,0,3,2,1,0,0,1,42,40,45,1,0,0,22,24,24,14,17,13,6,7,2,136,107,96,44,31,25,4.299
2979,400003,2速2耐1智1友,14201444035210538976,67406,US3,3337,2265,1397,1775,1745,8342,2250,6000,7500,3,1,6,11,11,0/1/4,5/7/9,15/17/19,10,12,18,0,3,2,1,0,0,0,37,45,46,6,0,0,22,24,24,12,13,14,6,2,3,146,116,125,43,32,33,3.797
661,400002,3速1耐1智1友,3569361776344877242,65130,US2,3337,1828,1781,1206,1852,8766,2250,6000,7500,3,1,6,11,11,0/1/4,5/7/9,15/17/18,7,17,13,0,3,2,1,0,0,1,33,45,48,1,0,0,22,24,24,14,17,18,8,6,7,113,139,99,28,40,23,5.448
1706,400001,3速1耐1智1友,6064885867156690965,60674,UA6,3337,1585,2042,1040,1283,8424,2700,4200,7500,3,1,7,8,11,0/1/4,5/7/9,15/17/18,10,13,10,0,2,3,1,0,0,1,41,36,47,1,1,0,22,24,24,15,14,21,8,6,10,156,135,103,57,55,23,6.478
3611,400003,2速1耐1力1智1友,7586819555734973613,64674,US1,3337,1758,2189,846,1941,8310,2700,6000,7500,3,1,7,11,11,0/1/2,5/8/9,15/17/18,13,14,16,0,3,2,1,0,2,0,41,43,50,3,0,3,22,24,24,13,22,15,6,11,4,141,164,119,48,71,35,4.967
3024,400000,2速1耐1力1智1友,17952819872564283596,69279,US5,3337,2105,1953,1135,2030,8905,3150,6000,8250,3,1,8,11,12,0/1/2,5/8/9,15/17/18,12,18,16,0,2,3,1,0,0,0,41,45,49,0,0,0,22,24,24,12,21,15,4,10,3,132,118,97,34,36,15,4.322
661,400003,3速1耐1智1友,2347541689483839044,63198,UA9,3337,1686,1488,1121,2010,8549,3150,6600,7500,3,1,8,12,11,0/1/4,5/7/9,15/17/18,8,13,14,0,3,2,1,0,0,0,39,45,48,0,0,0,22,24,24,14,16,17,6,4,6,122,111,106,43,36,27,5.182
3024,400001,2速1耐1力1智1友,4012394544412402780,71059,US6,3337,2400,2200,1197,1561,8922,2700,5400,8250,3,1,7,10,12,0/1/2,5/8/9,15/17/18,8,17,17,0,3,2,1,0,2,0,37,43,50,0,2,0,22,24,24,16,16,14,9,6,2,137,133,104,41,36,25,4.216
3623,400000,2速1耐1力1智1友,16695966051289604922,63046,UA9,3012,2193,2200,1034,1586,7891,2700,6000,7500,3,1,7,11,11,0/1/2,5/8/9,15/17/18,13,15,14,0,3,2,1,0,1,0,41,46,49,5,0,2,22,24,24,14,17,15,7,6,4,156,94,100,60,17,29,6.065
1706,400002,3速1耐1智1友,6217405479310528959,67397,US3,3337,2060,1787,1285,1834,9029,3600,5400,8250,3,1,9,10,12,0/1/4,5/7/9,15/17/18,12,15,16,0,3,2,1,0,1,0,41,45,49,0,1,0,22,24,24,12,19,15,3,9,3,111,146,97,18,55,20,6.857
669,400000,3速1耐1智1友,13846160770496761542,63681,US,3337,1962,1972,1208,1214,8616,2700,6000,7500,3,1,7,11,11,0/1/4,5/7/9,15/17/18,8,15,14,0,3,2,1,0,0,0,37,45,49,2,0,1,22,24,24,17,16,15,10,5,4,153,156,108,31,70,22,4.359
3024,400002,2速1耐1力1智1友,9194012038440952412,63218,UA9,3337,1439,2010,853,1925,8424,2700,6000,8250,3,1,7,11,12,0/1/2,5/8/9,15/17/18,8,14,18,0,3,2,1,0,0,0,39,45,51,2,1,1,22,24,24,10,23,17,3,12,5,128,165,135,36,61,35,4.254
3623,400001,2速1耐1力1智1友,4486937952607968369,63719,US,3337,1921,2200,949,1440,8207,3600,4800,7500,3,1,9,9,11,0/1/2,5/8/9,15/17/18,14,15,15,0,3,2,1,0,0,0,44,37,47,0,4,0,22,24,24,10,21,17,1,12,6,116,145,110,30,43,28,6.281
669,400001,3速1耐1智1友,13679233557927875816,65937,US2,3337,1862,1903,1086,1883,9229,3150,5400,7500,3,1,8,10,11,0/1/4,5/7/9,15/17/18,13,15,15,0,3,2,1,0,0,1,42,45,50,2,6,1,22,24,24,11,18,16,3,8,5,135,196,128,45,71,28,4.071
1706,400003,3速1耐1智1友,10465138572439338571,65476,US2,3337,1997,1622,1228,1838,8761,3150,6000,7500,3,1,8,11,11,0/1/4,5/7/9,15/17/18,10,14,15,0,3,2,1,0,0,0,41,42,51,0,0,2,22,24,24,15,18,18,7,7,7,132,143,139,28,47,35,6.928
3024,400003,2速1耐1力1智1友,1158804880482860990,66418,US3,3153,2195,2081,1082,1794,8569,2700,5400,7500,3,1,7,10,11,0/1/2,5/8/9,15/17/18,10,13,19,0,3,2,1,0,0,0,38,44,48,0,0,2,22,24,24,10,22,13,3,12,2,117,141,135,27,48,44,4.314
669,400002,3速1耐1智1友,8127771330706833465,66542,US3,3337,1901,1673,1178,2037,9138,3150,5400,7500,3,1,8,10,11,0/1/4,5/7/9,15/17/18,11,16,14,0,3,2,1,0,1,1,41,45,49,0,3,0,22,24,24,17,22,17,9,12,6,125,155,121,30,63,26,4.818
3623,400002,2速1耐1力1智1友,5846772204497965412,68251,US4,3337,2135,2057,1079,1967,8348,2700,6600,7500,3,1,7,12,11,0/1/2,5/8/9,15/17/18,11,17,14,0,2,3,1,0,0,2,40,47,46,2,0,0,22,24,24,13,19,15,6,7,4,144,103,96,42,22,31,6.046
3027,400000,2速1耐1力1智1友,5229978428530249106,67762,US4,3337,2022,2200,1374,1410,8567,2700,6600,7500,3,1,7,12,11,0/1/2,5/8/9,15/17/18,8,16,16,0,3,2,1,0,1,1,37,47,52,5,0,2,22,24,24,16,16,13,9,4,2,149,106,128,34,29,39,4.130
910,400000,2速1耐1力1智1友,14939455744427311888,69487,US5,3337,2400,2115,1003,1633,8863,3150,6600,7500,3,1,8,12,11,0/1/2,5/8/9,15/17/18,12,16,14,0,3,2,1,0,0,0,41,49,49,0,0,0,22,24,24,12,19,19,4,7,8,112,120,108,35,33,25,6.859
669,400003,3速1耐1智1友,638110932597051421,66953,US3,3337,2096,1803,1275,1774,8914,3150,6000,7500,3,1,8,11,11,0/1/4,5/7/9,15/17/18,11,15,13,0,3,2,1,0,1,0,42,44,49,0,0,1,22,24,24,13,14,17,5,3,6,117,135,121,27,35,37,4.229
3027,400001,2速1耐1力1智1友,5795216748132270072,72671,US7,3337,2287,2141,1468,1856,9039,3150,6000,8250,3,1,8,11,12,0/1/2,5/8/9,15/17/18,10,16,18,0,3,2,1,0,0,0,40,43,52,0,0,1,22,24,24,13,18,14,5,7,2,149,127,112,45,53,30,4.226
3623,400003,2速1耐1力1智1友,16775488382970343281,67886,US4,3337,2116,2200,1027,1856,8283,2700,6000,8250,3,1,7,11,12,0/1/2,5/8/9,15/17/18,9,15,14,0,3,2,1,0,0,0,39,47,49,1,5,0,22,24,24,17,21,13,10,10,1,148,143,85,38,25,19,6.513
703,400000,3速1耐1智1友,10150379536109627663,66606,US3,3337,1525,1991,1003,2232,9024,2700,6000,7500,3,1,7,11,11,0/1/4,5/7/9,15/17/18,10,16,15,0,3,2,1,0,0,0,40,45,48,0,2,2,22,24,24,13,19,17,6,8,6,129,149,131,37,51,33,4.236
910,400001,2速1耐1力1智1友,15621075381817343632,69942,US5,3337,2085,2199,886,2041,8954,2700,6600,7500,3,1,7,12,11,0/1/2,5/8/9,15/17/18,7,19,14,0,3,2,1,0,0,0,36,48,49,0,0,0,22,24,24,12,15,15,5,3,4,106,100,106,23,28,25,6.191
3027,400002,2速1耐1力1智1友,5119782493956875776,67264,US3,3337,2084,2200,1222,1415,8540,2700,6000,8250,3,1,7,11,12,0/1/2,5/8/9,15/17/18,7,16,15,0,2,3,1,0,0,0,37,40,48,1,0,0,22,24,24,17,19,17,10,8,5,118,123,123,45,45,22,4.247
703,400001,3速1耐1智1友,3629670942114742072,68964,US4,3337,1916,1966,1257,2037,9085,3150,5400,7500,3,1,8,10,11,0/1/4,5/7/9,15/17/18,10,15,16,0,3,2,1,0,0,1,40,46,49,1,4,2,22,24,24,14,18,18,6,8,7,118,157,125,27,59,29,4.701
3668,400000,2速1力1根1智1友,12812635565791071832,62738,UA9,3337,1133,2200,1657,1367,8012,2700,4800,7500,3,1,7,9,11,0/2/3,5/6/9,15/16/19,10,12,17,0,3,2,1,0,0,0,40,35,51,1,1,3,22,24,24,12,21,16,5,12,5,126,144,119,27,64,30,6.396
910,400002,2速1耐1力1智1友,534624238842695463,63816,US,3271,1938,2126,865,1673,8359,3150,5400,7500,3,1,8,10,11,0/1/2,5/8/9,15/17/18,11,15,14,0,3,2,1,0,0,0,42,46,50,3,0,4,22,24,24,15,19,16,7,9,5,127,128,148,26,41,48,5.379
3027,400003,2速1耐1力1智1友,15205528247481560765,65947,US2,3337,1683,2200,1176,1706,8739,2700,4800,8250,3,1,7,9,12,0/1/2,5/8/9,15/17/18,10,14,16,0,3,2,1,0,0,0,38,41,47,2,2,0,22,24,24,17,20,18,10,11,6,144,153,105,35,67,27,4.581
703,400002,3速1耐1智1友,12356786732095275031,61804,UA8,3337,1628,1661,1157,1790,8234,2250,5400,7500,3,1,6,10,11,0/1/4,5/7/9,15/17/18,8,10,15,0,3,2,1,0,0,0,39,44,48,6,1,1,22,24,24,17,19,17,11,9,6,154,146,137,50,50,35,4.649
3077,400000,2速1耐1力1智1友,1816199032128977169,67012,US3,3337,1827,2159,1177,1791,8526,2700,6000,7500,3,1,7,11,11,0/1/2,5/8/9,15/17/18,10,15,14,0,3,2,1,0,0,1,39,44,50,3,1,2,22,24,24,15,22,17,8,11,6,139,153,116,31,70,30,4.421
910,400003,2速1耐1力1智1友,879092696598517943,65315,US2,3337,2321,2146,1004,1093,8556,3600,6000,7500,3,1,9,11,11,0/1/2,5/8/9,15/17/18,12,16,14,0,3,2,1,0,0,0,41,48,47,0,0,0,22,24,24,10,20,16,1,9,5,88,142,105,19,58,24,5.351
3668,400001,2速1力1根1智1友,8320987297425522515,64818,US1,3337,1160,2200,1440,1881,8140,2700,5400,6750,3,1,7,10,10,0/2/3,5/6/9,15/16/19,11,16,15,0,3,2,1,0,1,0,40,38,46,4,0,5,22,24,24,10,16,16,3,6,6,166,124,121,48,58,32,6.210
703,400003,3速1耐1智1友,16067135630988276928,69485,US5,3337,2351,1995,1472,1345,8969,3150,5400,7500,3,1,8,10,11,0/1/4,5/7/9,15/17/18,11,14,15,0,3,2,1,0,0,0,41,45,48,0,3,1,22,24,24,14,19,16,6,9,5,120,158,102,35,57,24,4.852
3077,400001,2速1耐1力1智1友,6415955663872425952,66490,US3,3216,1983,2200,1216,1764,8482,2700,6000,7500,3,1,7,11,11,0/1/2,5/8/9,15/17/18,8,16,18,0,3,2,1,0,0,1,36,46,50,0,0,2,22,24,24,13,20,15,6,9,4,120,126,121,41,32,20,4.185
913,400000,2速1耐1力1智1友,10113202049924599829,65089,US1,3337,2163,1831,1083,1642,8386,2700,4800,7500,3,1,7,9,11,0/1/2,5/8/9,15/17/18,11,15,13,0,1,4,1,0,0,0,41,44,48,1,3,1,22,24,24,13,21,17,6,12,6,128,170,93,36,73,27,4.213
3668,400002,2速1力1根1智1友,9738526767599985254,64595,US1,3337,775,2200,1978,1638,8383,2700,6000,7500,3,1,7,11,11,0/2/3,5/6/9,15/16/19,11,17,15,0,2,3,1,0,0,0,39,44,47,0,2,1,22,24,24,8,21,15,1,10,4,121,142,133,40,53,33,6.418
714,400000,3速1耐1智1友,12041167325603005736,66077,US2,3337,1817,2064,1362,1621,8403,3150,5400,6750,3,1,8,10,10,0/1/4,5/7/9,15/17/18,9,16,13,0,3,2,1,0,0,0,40,46,47,1,2,3,22,24,24,15,15,20,7,5,10,127,139,127,33,39,29,4.147
3077,400002,2速1耐1力1智1友,17046804125514506421,70920,US6,3328,2190,2148,1202,1994,8746,3150,6000,7500,3,1,8,11,11,0/1/2,5/8/9,15/17/18,11,15,16,0,3,2,1,0,1,1,41,43,47,1,0,0,22,24,24,16,18,16,8,7,5,128,94,115,21,20,35,4.305
913,400001,2速1耐1力1智1友,2182801891750421291,65128,US2,3172,2019,1688,1221,1975,8354,2700,6000,7500,3,1,7,11,11,0/1/2,5/8/9,15/17/18,9,16,13,0,3,2,1,0,0,0,40,46,47,1,0,0,22,24,24,12,20,14,5,9,3,116,131,112,24,48,31,4.248
3077,400003,2速1耐1力1智1友,18423775050743180279,67278,US3,3337,2063,2200,1235,1611,8420,2250,6600,7500,3,1,6,12,11,0/1/2,5/8/9,15/17/18,6,15,17,0,3,2,1,0,0,0,36,46,49,2,0,0,22,24,24,16,18,13,10,6,2,138,110,102,26,23,27,4.056
714,400001,3速1耐1智1友,3276032423791078683,66976,US3,3337,2002,2139,1282,1427,8692,2700,5400,7500,3,1,7,10,11,0/1/4,5/7/9,15/17/18,11,13,14,0,3,2,1,0,0,0,41,44,48,2,3,0,22,24,24,16,17,17,9,7,6,133,174,117,47,71,24,4.983
3668,400003,2速1力1根1智1友,8356820234712210658,64475,US1,3337,1091,2200,1815,1474,8162,2250,5400,7500,3,1,6,10,11,0/2/3,5/6/9,15/16/19,7,16,15,0,3,2,1,0,0,0,39,46,47,7,5,0,22,24,24,12,15,16,6,5,5,147,158,101,41,47,32,6.255
913,400002,2速1耐1力1智1友,2507063085452038258,69116,US5,3337,2106,1768,1235,2092,8846,2700,6000,7500,3,1,7,11,11,0/1/2,5/8/9,15/17/18,10,17,15,0,3,2,1,0,0,1,41,48,47,2,0,0,22,24,24,20,19,16,13,8,5,161,130,110,57,35,18,4.968
3114,400000,2速1耐1力1智1友,2491254669393353151,70736,US6,3313,2252,2200,1406,1649,8617,3150,6000,7500,3,1,8,11,11,0/1/2,5/8/9,15/17/18,10,15,16,0,3,2,1,0,0,0,41,44,44,0,0,0,22,24,24,13,22,16,5,11,5,96,161,92,25,77,26,4.227
714,400002,3速1耐1智1友,15727606568955356186,66394,US2,3337,1766,1854,1209,2020,8754,3150,5400,8250,3,1,8,10,12,0/1/4,5/7/9,15/17/18,13,14,14,0,3,2,1,0,0,0,43,43,50,0,0,0,22,24,24,12,16,17,4,6,5,117,135,116,33,45,35,4.490
913,400003,2速1耐1力1智1友,2964516356811137824,67878,US4,3337,2252,2200,934,1658,8840,2700,6000,7500,3,1,7,11,11,0/1/2,5/8/9,15/17/18,10,15,16,0,3,2,1,0,1,0,40,46,49,1,0,2,22,24,24,17,22,13,10,11,2,149,153,109,42,57,36,4.710
3682,400000,2速1力1根1智1友,18044621808784604562,63698,US,3337,1108,2195,1353,1924,7994,2700,5400,7500,3,1,7,10,11,0/2/3,5/6/9,15/16/19,12,15,17,0,3,2,1,0,0,0,39,42,50,4,2,2,22,24,24,14,21,15,7,11,4,162,183,108,44,72,23,5.960
3114,400001,2速1耐1力1智1友,3653249079301815702,68481,US4,3337,2077,2200,1252,1529,8835,2250,6600,8250,3,1,6,12,12,0/1/2,5/8/9,15/17/18,9,16,17,0,3,2,1,0,0,0,39,47,50,4,0,0,22,24,24,14,20,14,8,8,2,153,143,100,52,52,21,4.155
714,400003,3速1耐1智1友,7872365926350281988,70301,US6,3337,2039,1914,1296,2074,8963,3150,6000,7500,3,1,8,11,11,0/1/4,5/7/9,15/17/18,15,16,14,0,3,2,1,0,0,0,42,47,49,2,3,0,22,24,24,14,20,18,6,9,7,133,151,126,49,49,46,6.032
963,400000,2速1耐1力1智1友,1767138092977690303,62042,UA8,3032,2105,2200,982,1519,8073,2700,5400,7500,3,1,7,10,11,0/1/2,5/8/9,15/17/18,9,13,16,0,3,2,1,0,2,0,39,45,47,0,0,1,22,24,24,15,19,14,8,9,3,119,131,112,30,53,26,6.087
3114,400002,2速1耐1力1智1友,14271578279524412336,62791,UA9,3255,1622,2200,1051,1677,8036,2250,6000,7500,3,1,6,11,11,0/1/2,5/8/9,15/17/18,7,14,16,0,2,3,1,0,0,3,38,47,47,3,0,0,22,24,24,18,19,17,12,8,6,149,124,121,43,29,25,4.403
3682,400001,2速1力1根1智1友,17028817843979426203,63264,UA9,3337,1027,2200,1618,1585,8166,2700,5400,8250,3,1,7,10,12,0/2/3,5/6/9,15/16/19,9,15,15,0,2,3,1,0,0,0,39,42,46,2,0,0,22,24,24,11,19,17,4,9,5,153,122,114,43,33,35,5.272
717,400000,3速1耐1智1友,6605314369505056811,68250,US4,3337,2327,1729,1307,1759,8626,3150,6000,7500,3,1,8,11,11,0/1/4,5/7/9,15/17/18,14,13,15,0,3,2,1,0,0,0,42,44,47,0,0,1,22,24,24,13,19,14,5,8,3,105,150,118,22,56,20,4.577
3682,400002,2速1力1根1智1友,14898260960194173848,64994,US1,3337,1167,2200,1537,1827,8285,2250,5400,8250,3,1,6,10,12,0/2/3,5/6/9,15/16/19,10,16,16,0,2,3,1,0,0,0,39,43,49,4,0,2,22,24,24,11,12,16,5,2,4,153,113,132,50,48,27,4.073
3114,400003,2速1耐1力1智1友,11541169054506445805,66849,US3,3337,1936,2200,1186,1609,8580,2250,6000,8250,3,1,6,11,12,0/1/2,5/8/9,15/17/18,5,18,15,0,1,4,1,0,0,0,36,47,50,3,1,2,22,24,24,15,17,13,9,6,1,145,139,103,48,40,24,4.219
963,400001,2速1耐1力1智1友,5153583064513504858,66254,US2,3337,2310,2200,1191,1018,8363,3150,6000,7500,3,1,8,11,11,0/1/2,5/8/9,15/17/18,10,15,13,0,3,2,1,0,0,0,40,46,45,0,0,0,22,24,24,15,18,15,7,7,4,127,115,113,33,40,30,6.468
717,400001,3速1耐1智1友,467431589926532787,66187,US2,3337,1773,1871,1039,2122,8913,3150,6000,7500,3,1,8,11,11,0/1/4,5/7/9,15/17/18,13,16,13,0,3,2,1,0,0,0,41,45,49,0,0,1,22,24,24,12,17,16,4,6,5,106,148,107,28,44,24,4.235
3145,400000,2速1耐1力1智1友,1294665674987976547,55824,UA,2643,2180,2023,1034,1337,7555,2700,4800,6750,3,1,7,9,10,0/1/2,5/8/9,15/17/18,9,15,14,0,3,2,1,0,0,2,40,42,48,1,2,3,22,24,24,13,22,15,6,13,5,124,142,127,39,67,24,3.784
3682,400003,2速1力1根1智1友,18115397903700826049,63819,US,3337,1126,2200,956,2064,8331,2700,5400,7500,3,1,7,10,11,0/2/3,5/6/9,15/16/19,10,15,16,0,3,2,1,0,0,1,40,47,46,1,3,0,22,24,24,13,19,13,6,9,2,136,155,93,34,45,26,4.087
717,400002,3速1耐1智1友,9298599513506139084,62094,UA8,3337,1915,1703,1184,1566,8173,2700,6000,6750,3,1,7,11,10,0/1/4,5/7/9,15/17/18,11,15,14,0,3,2,1,0,0,2,41,45,47,1,3,1,22,24,24,14,22,15,7,11,5,128,165,120,30,67,25,4.149
3693,400000,2速1力1根1智1友,8388676875442984862,60642,UA6,3337,870,2045,1073,2143,7777,2700,6000,6750,3,1,7,11,10,0/2/3,5/6/9,15/16/19,10,17,13,0,3,2,1,0,0,0,40,42,48,0,0,7,22,24,24,12,17,16,5,6,6,155,138,130,40,47,16,4.109
3145,400001,2速1耐1力1智1友,6912658344376518061,69899,US5,3264,2400,2169,1352,1503,8764,3150,6600,7500,3,1,8,12,11,0/1/2,5/8/9,15/17/18,12,14,16,0,3,2,1,0,1,0,41,45,47,0,0,0,22,24,24,11,22,16,3,10,5,131,122,113,43,42,15,4.339
963,400002,2速1耐1力1智1友,3690326310992351813,66584,US3,3337,2157,2200,1069,1566,8319,2700,5400,7500,3,1,7,10,11,0/1/2,5/8/9,15/17/18,11,15,14,0,3,2,1,0,0,0,41,39,47,2,0,0,22,24,24,14,15,18,7,5,7,142,97,112,45,26,28,6.895
717,400003,3速1耐1智1友,4855764515458570836,68221,US4,3337,2277,1967,1251,1641,8739,2700,6000,7500,3,1,7,11,11,0/1/4,5/7/9,15/17/18,14,16,14,0,3,2,1,0,0,0,42,46,48,3,0,2,22,24,24,17,16,18,10,5,7,157,130,116,53,39,25,4.957
3693,400001,2速1力1根1智1友,5477371205367301551,66570,US3,3337,975,2200,2200,1540,8120,2700,6000,7500,3,1,7,11,11,0/2/3,5/6/9,15/16/19,9,17,13,0,2,3,1,0,0,1,39,43,48,5,0,2,22,24,24,12,16,17,5,5,6,143,122,109,34,36,30,4.126
3145,400002,2速1耐1力1智1友,2420087399911596950,70926,US6,3278,2265,1826,1344,2124,9038,1800,6600,7500,3,1,5,12,11,0/1/2,5/8/9,15/17/18,6,16,16,0,3,2,1,0,0,0,35,44,51,6,0,3,22,24,24,18,18,15,13,6,4,158,103,123,45,30,20,4.175
963,400003,2速1耐1力1智1友,1494732780575325500,66625,US3,3337,1996,2035,986,1960,8711,2700,6000,7500,3,1,7,11,11,0/1/2,5/8/9,15/17/18,13,16,14,0,3,2,1,0,0,0,41,45,47,2,0,0,22,24,24,12,19,17,5,8,6,140,143,122,53,57,27,6.789
3693,400002,2速1力1根1智1友,1762820910784174971,61501,UA7,3337,889,2082,1585,1804,7769,2700,5400,6750,3,1,7,10,10,0/2/3,5/6/9,15/16/19,11,13,17,0,3,2,1,0,0,1,40,37,43,2,0,0,22,24,24,12,15,12,5,5,2,116,117,105,22,50,30,3.873
3145,400003,2速1耐1力1智1友,12507542186968997439,68194,US4,3337,1915,2127,1171,1908,8592,3150,6000,8250,3,1,8,11,12,0/1/2,5/8/9,15/17/18,10,16,16,0,3,2,1,0,0,0,41,48,49,1,2,0,22,24,24,18,20,17,10,9,5,138,149,112,31,50,22,4.249
721,400000,3速1耐1智1友,10590504171153832330,66190,US2,3337,2088,1935,1227,1617,8529,2700,5400,6750,3,1,7,10,10,0/1/4,5/7/9,15/17/18,9,15,16,0,3,2,1,0,0,0,39,44,49,0,5,5,22,24,24,17,20,16,10,10,6,107,180,128,35,64,24,4.484
3693,400003,2速1力1根1智1友,18360942466363691363,68130,US4,3337,923,2200,1842,2108,8417,2250,6600,8250,3,1,6,12,12,0/2/3,5/6/9,15/16/19,9,16,18,0,3,2,1,0,0,0,40,47,51,6,0,0,22,24,24,13,18,16,7,6,4,155,124,115,34,36,28,4.373
3146,400000,2速1耐1力1智1友,10450092930148043241,65843,US2,3337,1726,2200,1091,1727,8670,2700,6600,7500,3,1,7,12,11,0/1/2,5/8/9,15/17/18,7,16,15,0,3,2,1,0,0,0,38,47,48,1,0,0,22,24,24,14,14,14,7,2,3,134,99,127,35,27,42,4.070
721,400001,3速1耐1智1友,8935797748845847010,69748,US5,3337,2362,1833,1423,1716,8868,3150,6000,6000,3,1,8,11,9,0/1/4,5/7/9,15/17/18,10,16,15,0,3,2,1,0,0,0,40,43,50,0,1,7,22,24,24,13,18,14,5,7,5,119,141,160,36,54,36,4.455
1000,400000,2速1耐1力1智1友,2639426749742518601,64144,US,3337,1914,1863,1098,1773,8174,3150,5400,7500,3,1,8,10,11,0/1/2,5/8/9,15/17/18,12,14,14,0,3,2,1,0,0,0,40,44,49,0,4,1,22,24,24,15,20,16,7,10,5,121,158,129,35,64,25,6.976
3146,400001,2速1耐1力1智1友,15636864325804638905,65765,US2,3337,1656,2200,1110,1796,8312,2700,6000,6750,3,1,7,11,10,0/1/2,5/8/9,15/17/18,9,15,16,0,3,2,1,0,0,0,40,40,43,0,0,0,22,24,24,14,21,12,7,10,2,117,125,110,20,56,46,4.011
3742,400000,3速1耐1智1友,5904023325640752546,68549,US4,3337,1937,1674,1270,2160,9136,2700,6000,8250,3,1,7,11,12,0/1/4,5/7/9,15/17/18,8,14,17,0,3,2,1,0,0,0,38,44,52,0,0,0,22,24,24,12,15,16,5,4,4,128,172,114,28,68,25,4.570
721,400002,3速1耐1智1友,8832593940654586677,71115,US6,3337,2038,1961,1239,2226,8994,2700,6000,8250,3,1,7,11,12,0/1/4,5/7/9,15/17/18,12,16,15,0,3,2,1,0,0,0,38,46,50,0,0,0,22,24,24,8,18,18,1,7,6,112,111,115,37,30,29,4.205
3146,400002,2速1耐1力1智1友,3701588407402214650,69595,US5,3337,2115,2200,1398,1636,8702,2700,6000,8250,3,1,7,11,12,0/1/2,5/8/9,15/17/18,10,16,17,0,3,2,1,0,1,0,41,46,50,4,0,0,22,24,24,14,21,16,7,10,4,150,142,115,39,52,14,4.384
721,400003,3速1耐1智1友,4624442672659625554,68326,US4,3337,2104,1798,1359,1955,8780,2700,6000,7500,3,1,7,11,11,0/1/4,5/7/9,15/17/18,10,18,11,0,3,2,1,0,0,0,40,47,47,1,0,1,22,24,24,20,16,20,13,5,9,154,131,134,64,49,46,4.367
1000,400001,2速1耐1力1智1友,4956978572801307034,67702,US4,3298,2154,2200,1108,1715,8469,2700,6000,7500,3,1,7,11,11,0/1/2,5/8/9,15/17/18,9,16,14,0,3,2,1,0,0,0,41,46,51,2,0,2,22,24,24,18,18,16,11,7,5,138,123,99,41,37,24,7.100
3742,400001,3速1耐1智1友,10755459465499101432,65071,US1,3337,1564,2052,1119,1789,8973,2700,6000,7500,3,1,7,11,11,0/1/4,5/7/9,15/17/18,11,15,14,0,3,2,1,0,0,0,40,44,48,1,0,0,22,24,24,12,16,14,5,5,3,125,111,139,34,37,44,5.010
3146,400003,2速1耐1力1智1友,18214504841455677364,67694,US3,3188,2315,2200,1424,1388,8360,2700,6000,8250,3,1,7,11,12,0/1/2,5/8/9,15/17/18,8,16,16,0,3,2,1,0,1,0,37,46,47,0,0,0,22,24,24,9,18,13,2,7,1,121,120,100,41,24,19,4.195
722,400000,3速1耐1智1友,435401095502975015,69181,US5,3337,2001,2166,1306,1671,9076,3600,6000,7500,3,1,9,11,11,0/1/4,5/7/9,15/17/18,13,15,14,0,3,2,1,0,0,0,42,45,49,0,0,1,22,24,24,13,17,18,4,6,7,115,117,105,33,26,27,4.482
3742,400002,3速1耐1智1友,1506707756196335883,64353,US1,3337,1921,1596,1367,1730,8656,2700,6000,7500,3,1,7,11,11,0/1/4,5/7/9,15/17/18,13,17,13,0,3,2,1,0,0,0,41,44,47,1,0,0,22,24,24,15,18,17,8,7,6,128,130,121,28,34,24,4.296
1000,400002,2速1耐1力1智1友,4032597599670374844,71148,US6,3337,2260,2137,1110,2094,8791,3150,6600,7500,3,1,8,12,11,0/1/2,5/8/9,15/17/18,9,17,16,0,3,2,1,0,0,0,39,47,47,0,0,0,22,24,24,13,19,15,5,7,4,103,119,121,21,45,29,6.669
3171,400000,2速1耐1力1智1友,2107839645070377952,62999,UA9,3325,1849,1974,1228,1458,7937,2700,5400,8250,3,1,7,10,12,0/1/2,5/8/9,15/17/18,10,13,15,0,3,2,1,0,0,0,39,42,51,2,1,0,22,24,24,14,21,16,7,11,4,128,158,102,26,68,24,4.453
3742,400003,3速1耐1智1友,15194456813880386357,65016,US1,3337,1997,1605,1379,1655,8686,2700,4800,7500,3,1,7,9,11,0/1/4,5/7/9,15/17/18,13,14,13,0,3,2,1,0,0,1,42,36,48,2,2,0,22,24,24,12,15,17,5,6,6,117,176,144,32,81,35,4.040
722,400001,3速1耐1智1友,4801674555029417269,65260,US2,3337,2152,1633,1397,1595,8129,3150,4800,7500,3,1,8,9,11,0/1/4,5/7/9,15/17/18,10,13,14,0,3,2,1,0,1,2,41,43,48,0,3,0,22,24,24,10,20,19,2,11,8,133,152,121,42,66,26,4.767
3171,400001,2速1耐1力1智1友,2176856744612441569,62054,UA8,2995,1852,1887,1280,1866,8062,2250,5400,8250,3,1,6,10,12,0/1/2,5/8/9,15/17/18,7,16,15,0,2,3,1,0,0,0,37,40,49,4,0,0,22,24,24,15,18,16,9,8,4,167,119,96,45,33,19,4.162
3743,400000,3速1耐1智1友,3042519303233245530,66682,US3,3337,2067,2018,1406,1401,8913,3150,6000,7500,3,1,8,11,11,0/1/4,5/7/9,15/17/18,14,16,13,0,3,2,1,0,0,0,41,44,47,0,4,0,22,24,24,14,21,15,6,10,4,120,172,107,33,89,26,4.264
1000,400003,2速1耐1力1智1友,781223565317993358,67448,US3,3337,2177,2144,1067,1713,8417,2700,5400,8250,3,1,7,10,12,0/1/2,5/8/9,15/17/18,11,16,13,0,1,4,1,0,0,0,41,44,48,3,0,0,22,24,24,14,19,21,7,9,9,146,110,117,28,20,31,6.814
722,400002,3速1耐1智1友,8583838069695919142,66744,US3,3337,1900,2073,1456,1460,8491,2700,6000,7500,3,1,7,11,11,0/1/4,5/7/9,15/17/18,11,15,14,0,3,2,1,0,0,0,42,43,49,3,1,0,22,24,24,16,19,15,9,8,4,145,128,115,46,46,27,6.073
3171,400002,2速1耐1力1智1友,18159313112478783518,65620,US2,3337,1663,2200,1011,1925,8322,2700,5400,8250,3,1,7,10,12,0/1/2,5/8/9,15/17/18,9,13,17,0,3,2,1,0,0,0,40,43,52,4,1,0,22,24,24,16,23,16,9,13,4,147,171,120,42,80,31,4.145
3743,400001,3速1耐1智1友,6462357498548083744,71235,US6,3337,2352,1997,1513,1540,9545,2700,6600,7500,3,1,7,12,11,0/1/4,5/7/9,15/17/18,12,17,15,0,3,2,1,0,0,0,42,45,47,3,0,0,22,24,24,15,20,14,8,8,3,154,151,106,40,38,25,4.365
1031,400000,2速1耐1力1智1友,10974809131488179118,63622,US,3148,2096,1884,1128,1762,8330,2700,6000,7500,3,1,7,11,11,0/1/2,5/8/9,15/17/18,10,14,13,0,3,2,1,0,0,0,40,43,47,0,0,0,22,24,24,11,13,14,4,2,3,127,99,105,37,29,34,4.923
722,400003,3速1耐1智1友,5873704827353454574,64332,US1,3337,1894,1729,1378,1696,8463,3150,5400,7500,3,1,8,10,11,0/1/4,5/7/9,15/17/18,7,16,16,0,3,2,1,0,0,0,39,45,51,2,4,3,22,24,24,16,20,13,8,10,2,125,179,109,30,54,33,4.689
3171,400003,2速1耐1力1智1友,7490542521778678457,64712,US1,3219,1633,2200,1062,1944,8063,2700,6000,7500,3,1,7,11,11,0/1/2,5/8/9,15/17/18,7,15,14,0,3,2,1,0,0,0,36,45,48,1,0,1,22,24,24,17,18,14,10,7,3,158,113,116,45,34,28,4.155
3743,400002,3速1耐1智1友,1187609793993026611,60601,UA6,3337,1407,2030,1013,1544,8478,3150,4200,6750,3,1,8,8,10,0/1/4,5/7/9,15/17/18,9,15,11,0,3,2,1,0,2,0,41,44,44,0,8,1,22,24,24,14,21,14,6,13,4,122,192,108,26,96,24,3.799
1031,400001,2速1耐1力1智1友,6536074472867386794,67807,US4,3337,2135,1880,1091,2035,8618,3150,6600,6750,3,1,8,12,10,0/1/2,5/8/9,15/17/18,11,17,13,0,3,2,1,0,0,0,41,46,47,0,0,3,22,24,24,12,18,18,4,6,8,113,103,147,26,21,41,5.111
3172,400000,2速1耐1力1智1友,3221486078113806738,66936,US3,3337,1777,2200,1022,1974,8603,2700,6600,7500,3,1,7,12,11,0/1/2,5/8/9,15/17/18,7,18,17,0,3,2,1,0,0,0,37,47,50,0,0,4,22,24,24,13,17,15,6,5,4,112,102,123,31,27,30,4.056
742,400000,3速1耐1智1友,13569170191983196964,68751,US4,3337,2122,1553,1309,2083,9021,3150,6000,7500,3,1,8,11,11,0/1/4,5/7/9,15/17/18,12,16,15,0,3,2,1,0,0,0,41,46,49,0,2,2,22,24,24,10,21,15,2,10,4,104,156,117,18,56,31,4.456
3743,400003,3速1耐1智1友,14325682210796501953,62467,UA8,3337,1730,1882,1266,1422,8628,3150,5400,7500,3,1,8,10,11,0/1/4,5/7/9,15/17/18,12,12,14,0,3,2,1,0,0,0,42,43,48,1,2,0,22,24,24,17,17,19,9,7,8,143,160,127,45,54,30,4.267
1031,400002,2速1耐1力1智1友,7800620011176987252,64802,US1,3160,1990,2200,869,1960,8346,3150,6000,7500,3,1,8,11,11,0/1/2,5/8/9,15/17/18,12,14,15,0,3,2,1,0,0,0,41,45,49,1,0,1,22,24,24,19,18,17,11,7,6,153,113,148,36,23,51,4.473
3172,400001,2速1耐1力1智1友,4336756056106391880,68923,US4,3337,2234,2200,1350,1407,8585,2700,6000,7500,3,1,7,11,11,0/1/2,5/8/9,15/17/18,9,14,16,0,3,2,1,0,0,0,40,43,46,3,0,0,22,24,24,15,18,14,8,7,3,131,108,83,30,40,26,4.186
742,400001,3速1耐1智1友,8797974619881097171,68563,US4,3337,1853,2200,1194,1649,9362,2700,5400,7500,3,1,7,10,11,0/1/4,5/7/9,15/17/18,11,16,16,0,3,2,1,0,0,0,39,44,49,0,1,1,22,24,24,12,23,15,5,13,4,113,174,97,50,92,22,4.580
3758,400000,3速1耐1智1友,14594813924138696434,65646,US2,3337,1912,1717,1407,1863,8612,2250,6000,7500,3,1,6,11,11,0/1/4,5/7/9,15/17/18,8,15,14,0,3,2,1,0,0,0,39,45,48,4,0,0,22,24,24,12,17,14,6,6,3,135,117,122,36,32,29,5.645
1031,400003,2速1耐1力1智1友,2659179684279589127,70343,US6,3275,2400,2200,959,1856,8741,2250,6000,7500,3,1,6,11,11,0/1/2,5/8/9,15/17/18,9,16,16,0,3,2,1,0,1,0,38,48,50,5,0,1,22,24,24,14,18,17,8,7,6,142,119,134,47,41,46,4.163
3172,400002,2速1耐1力1智1友,2397075683521888309,61547,UA7,3337,1673,2200,1017,1453,7736,3150,4800,6750,3,1,8,9,10,0/1/2,5/8/9,15/17/18,8,16,17,0,3,2,1,0,0,1,39,40,43,0,0,0,22,24,24,17,21,14,9,12,4,143,131,104,34,67,33,4.094
742,400002,3速1耐1智1友,6861938731755148396,66155,US2,3337,2112,1693,1277,1650,8783,3150,6000,6750,3,1,8,11,10,0/1/4,5/7/9,15/17/18,12,16,15,0,3,2,1,0,0,0,40,45,48,0,2,5,22,24,24,12,20,17,4,9,7,110,165,138,21,87,36,4.634
3758,400001,3速1耐1智1友,7358584429068494998,67961,US4,3337,1462,2169,1229,2041,9104,2700,6000,7500,3,1,7,11,11,0/1/4,5/7/9,15/17/18,9,15,13,0,3,2,1,0,0,0,38,46,47,1,1,0,22,24,24,14,19,17,7,8,6,117,149,105,34,41,29,4.564
3172,400003,2速1耐1力1智1友,1841040879218939644,66341,US2,3337,1966,2200,1216,1508,8308,3150,6000,7500,3,1,8,11,11,0/1/2,5/8/9,15/17/18,11,14,16,0,3,2,1,0,1,0,40,42,50,0,0,2,22,24,24,14,19,16,6,8,5,133,113,120,43,48,34,4.319
1032,400000,2速1耐1力1智1友,14527957500104285941,65660,US2,3258,2045,1783,1131,2002,8401,3150,5400,7500,3,1,8,10,11,0/1/2,5/8/9,15/17/18,11,15,15,0,3,2,1,0,0,0,42,45,49,0,4,1,22,24,24,17,20,14,9,10,3,120,144,112,20,47,29,5.706
742,400003,3速1耐1智1友,18380489215292908078,65119,US2,3337,1771,1764,1201,1934,8716,3150,6000,6750,3,1,8,11,10,0/1/4,5/7/9,15/17/18,8,16,13,0,3,2,1,0,0,0,40,44,48,0,0,3,22,24,24,15,20,15,7,9,5,118,138,144,19,46,33,5.824
3758,400002,3速1耐1智1友,17076535442360023308,66925,US3,3337,2164,1962,1447,1422,8792,2700,5400,8250,3,1,7,10,12,0/1/4,5/7/9,15/17/18,7,14,15,0,3,2,1,0,0,0,39,42,51,0,5,0,22,24,24,13,20,17,6,10,5,120,187,116,37,78,28,4.809
3182,400000,2速1耐1力1智1友,12213323262067434319,61249,UA7,2664,2400,1825,1408,1622,8150,3150,6600,7500,3,1,8,12,11,0/1/2,5/8/9,15/17/18,9,14,15,0,3,2,1,0,0,0,39,45,48,0,0,0,22,24,24,15,19,16,7,7,5,119,108,119,24,29,24,4.285
1032,400001,2速1耐1力1智1友,16123177939265803652,66171,US2,3337,2274,2200,1107,1212,8501,2700,6000,8250,3,1,7,11,12,0/1/2,5/8/9,15/17/18,8,14,13,0,3,2,1,0,0,0,38,48,49,3,0,0,22,24,24,14,20,17,7,9,5,134,127,103,47,54,23,5.738
755,400000,3速1耐1智1友,17257182052734102171,64044,US,3337,1621,1988,1221,1740,8696,2700,5400,7500,3,1,7,10,11,0/1/4,5/7/9,15/17/18,12,15,15,0,3,2,1,0,0,0,40,44,49,2,0,2,22,24,24,16,17,18,9,7,7,139,131,116,53,38,24,4.605
3758,400003,3速1耐1智1友,1923564741238301413,68452,US4,3337,1715,2095,1231,1969,9271,2700,5400,7500,3,1,7,10,11,0/1/4,5/7/9,15/17/18,6,15,15,0,3,2,1,0,0,0,38,37,49,1,0,1,22,24,24,11,16,15,4,6,4,118,119,120,25,47,34,4.039
3182,400001,2速1耐1力1智1友,8993902158340912255,64878,US1,3337,1610,2200,948,1856,8369,2700,6000,7500,3,1,7,11,11,0/1/2,5/8/9,15/17/18,9,17,17,0,3,2,1,0,2,2,37,47,50,0,0,0,22,24,24,14,19,14,7,8,3,143,144,116,46,37,39,4.042
755,400001,3速1耐1智1友,13039241588707485647,67912,US4,3337,2193,2200,1338,1302,8571,2700,5400,7500,3,1,7,10,11,0/1/4,5/7/9,15/17/18,10,13,12,0,3,2,1,0,0,1,39,46,49,0,3,2,22,24,24,15,16,14,8,6,3,125,175,98,33,60,19,4.372
3759,400000,3速1耐1智1友,12835704476676808501,64224,US1,3337,1307,1993,995,2161,8670,2700,6000,7500,3,1,7,11,11,0/1/4,5/7/9,15/17/18,11,16,13,0,3,2,1,0,1,0,41,41,48,2,0,1,22,24,24,14,15,15,7,4,4,120,118,129,38,27,31,4.142
3182,400002,2速1耐1力1智1友,13982339964321220207,62133,UA8,3337,1822,2200,1097,1314,7853,2250,5400,7500,3,1,6,10,11,0/1/2,5/8/9,15/17/18,9,15,16,0,3,2,1,0,0,0,39,41,46,5,0,0,22,24,24,11,18,15,5,8,4,160,104,105,64,29,31,3.832
1032,400002,2速1耐1力1智1友,2628801244181935451,65611,US2,3337,1718,2200,860,1860,8866,3150,6000,8250,3,1,8,11,12,0/1/2,5/8/9,15/17/18,12,15,15,0,3,2,1,0,0,0,41,47,49,0,0,0,22,24,24,13,20,18,5,9,6,104,104,130,34,27,36,6.189
755,400002,3速1耐1智1友,5203763381848701244,65054,US1,3337,1824,1928,1287,1804,8572,3150,4800,7500,3,1,8,9,11,0/1/4,5/7/9,15/17/18,7,14,15,0,3,2,1,0,0,0,38,40,48,0,3,0,22,24,24,14,18,12,6,9,1,109,172,111,24,77,31,4.022
3759,400001,3速1耐1智1友,11798155222727834660,70330,US6,3337,2314,2128,1476,1399,9254,3150,6000,7500,3,1,8,11,11,0/1/4,5/7/9,15/17/18,9,13,14,0,3,2,1,0,0,0,38,41,49,0,0,2,22,24,24,9,18,14,1,7,3,99,139,106,24,61,28,4.371
3182,400003,2速1耐1力1智1友,5674414669697253125,67752,US4,3337,2051,2200,1195,1657,8373,1800,6600,8250,3,1,5,12,12,0/1/2,5/8/9,15/17/18,8,15,17,0,3,2,1,0,0,0,39,46,50,9,0,0,22,24,24,15,21,16,10,9,4,149,136,119,38,33,36,4.134
1032,400003,2速1耐1力1智1友,9263328372864309443,66767,US3,3112,2169,2200,1002,1839,8593,2250,6000,8250,3,1,6,11,12,0/1/2,5/8/9,15/17/18,6,14,16,0,3,2,1,0,0,0,36,46,50,1,0,0,22,24,24,8,20,16,2,9,4,115,126,124,30,38,40,4.568
755,400003,3速1耐1智1友,9926520723369151917,71207,US6,3337,2400,2190,1512,1378,9244,3150,5400,7500,3,1,8,10,11,0/1/4,5/7/9,15/17/18,11,16,13,0,3,2,1,0,0,1,40,46,47,0,6,0,22,24,24,12,21,17,4,11,6,99,172,118,20,73,29,4.144
3759,400002,3速1耐1智1友,2451847435101929350,67776,US4,3337,2179,2028,1530,1321,9030,2700,5400,8250,3,1,7,10,12,0/1/4,5/7/9,15/17/18,6,14,14,0,3,2,1,0,0,0,39,41,49,5,0,0,22,24,24,17,20,16,10,10,4,137,155,97,27,57,21,4.247
3198,400000,2速1耐1力1智1友,15869905514319705338,71478,US6,3337,2400,2200,1288,1585,8960,2700,6600,8250,3,1,7,12,12,0/1/2,5/8/9,15/17/18,8,18,17,0,2,3,1,0,0,1,39,47,51,1,0,0,22,24,24,14,16,17,7,4,5,133,115,110,42,29,24,4.335
1057,400000,2速1耐1力1智1友,6000405421625307027,69658,US5,3337,2224,2200,1096,1816,8707,2700,6000,7500,3,1,7,11,11,0/1/2,5/8/9,15/17/18,13,14,15,0,3,2,1,0,0,0,42,47,49,2,2,2,22,24,24,16,22,17,9,11,6,129,158,107,34,82,22,5.431
3759,400003,3速1耐1智1友,2526943370576531411,66310,US2,3337,1914,1772,1340,1846,8948,3150,4800,8250,3,1,8,9,12,0/1/4,5/7/9,15/17/18,9,14,15,0,3,2,1,0,0,0,41,37,49,0,1,0,22,24,24,15,21,17,7,12,5,119,159,93,34,71,25,4.356
3198,400001,2速1耐1力1智1友,4303239767037212620,64312,US1,3337,1822,2200,996,1490,8517,2700,6600,6750,3,1,7,12,10,0/1/2,5/8/9,15/17/18,8,16,16,0,3,2,1,0,0,0,38,45,43,4,0,0,22,24,24,17,19,15,10,7,5,145,112,84,35,28,27,4.390
760,400000,3速1耐1智1友,16485397249089351886,65337,US2,3337,2191,1740,1199,1547,8556,3150,6000,7500,3,1,8,11,11,0/1/4,5/7/9,15/17/18,11,13,13,0,3,2,1,0,0,0,39,45,47,0,1,0,22,24,24,14,17,13,6,6,2,112,164,98,26,56,21,5.764
1057,400001,2速1耐1力1智1友,14494536183154630262,63930,US,3337,1712,2200,1047,1507,8297,2250,5400,7500,3,1,6,10,11,0/1/2,5/8/9,15/17/18,10,12,15,0,3,2,1,0,0,1,40,46,48,7,3,0,22,24,24,15,21,17,9,11,6,143,157,115,45,77,23,5.248
3760,400000,3速1耐1智1友,7710423051138652428,65666,US2,3337,1526,1927,1023,2147,8729,2700,4800,7500,3,1,7,9,11,0/1/4,5/7/9,15/17/18,10,13,15,0,3,2,1,0,2,0,42,40,50,3,1,4,22,24,24,15,20,16,8,11,5,128,132,129,20,41,30,4.007
3198,400002,2速1耐1力1智1友,14810996242497640362,67049,US3,3337,1978,1922,1162,1892,8629,2700,6000,7500,3,1,7,11,11,0/1/2,5/8/9,15/17/18,10,17,16,0,3,2,1,0,0,0,38,48,46,1,3,0,22,24,24,15,19,17,8,8,6,104,140,101,20,40,26,4.181
760,400001,3速1耐1智1友,2260682184317568806,65303,US2,3337,2087,1634,1322,1686,8415,3150,6000,6750,3,1,8,11,10,0/1/4,5/7/9,15/17/18,14,13,13,0,3,2,1,0,0,0,43,42,47,1,0,3,22,24,24,13,18,16,5,7,6,128,102,124,33,40,26,5.403
3198,400003,2速1耐1力1智1友,932579008768039287,69295,US5,3101,2400,2200,1402,1546,8886,2700,6600,8250,3,1,7,12,12,0/1/2,5/8/9,15/17/18,10,16,18,0,3,2,1,0,0,0,37,47,52,1,0,0,22,24,24,14,18,17,7,6,5,147,128,108,43,41,22,4.255
3760,400001,3速1耐1智1友,2731057112873545631,70532,US6,3337,2400,2060,1438,1432,9131,2700,6000,8250,3,1,7,11,12,0/1/4,5/7/9,15/17/18,7,16,13,0,3,2,1,0,0,0,36,45,50,0,0,0,22,24,24,10,21,12,3,10,0,107,143,107,38,50,35,5.381
1057,400002,2速1耐1力1智1友,18171266833903549716,66150,US2,3337,1861,2200,1040,1683,8492,2700,5400,7500,3,1,7,10,11,0/1/2,5/8/9,15/17/18,9,15,14,0,3,2,1,0,0,0,41,43,48,3,0,2,22,24,24,19,20,15,12,10,4,153,144,96,34,64,21,6.083
760,400002,3速1耐1智1友,11020415995248182709,69055,US5,3337,2188,1493,1236,2214,8823,3150,6000,7500,3,1,8,11,11,0/1/4,5/7/9,15/17/18,10,17,16,0,3,2,1,0,0,0,39,48,47,2,3,0,22,24,24,15,18,17,7,7,6,123,142,116,48,35,32,4.896
3247,400000,2速1力1根1智1友,9723002943072057713,67117,US3,3337,817,2200,1754,2080,8661,2700,5400,8250,3,1,7,10,12,0/2/3,5/6/9,15/16/19,9,16,19,0,3,2,1,0,1,0,39,38,53,1,0,0,22,24,24,13,17,14,6,7,2,151,114,129,53,49,23,3.952
3760,400002,3速1耐1智1友,16593948453941865941,69054,US5,3337,1691,1825,1152,2445,9069,2700,6000,7500,3,1,7,11,11,0/1/4,5/7/9,15/17/18,10,18,15,0,2,3,1,0,0,0,39,47,49,0,4,2,22,24,24,14,13,18,7,2,7,109,170,115,31,65,29,4.252
760,400003,3速1耐1智1友,13908770548121679726,64153,US,3337,2288,1439,1295,1415,8317,3150,4800,7500,3,1,8,9,11,0/1/4,5/7/9,15/17/18,11,16,15,0,3,2,1,0,0,0,41,45,50,0,5,2,22,24,24,13,19,15,5,10,4,98,158,120,24,68,29,4.332
1057,400003,2速1耐1力1智1友,11950854063839072480,69055,US5,3337,2400,2200,1120,1377,8788,2700,6000,8250,3,1,7,11,12,0/1/2,5/8/9,15/17/18,11,15,15,0,3,2,1,0,0,0,42,47,49,2,0,0,22,24,24,14,18,16,7,7,4,142,127,98,35,40,20,6.427
3247,400001,2速1力1根1智1友,14029291422846956870,63434,US,3337,777,2200,1387,1971,8374,2700,6600,6750,3,1,7,12,10,0/2/3,5/6/9,15/16/19,9,16,15,0,3,2,1,0,0,0,39,47,46,2,1,1,22,24,24,11,20,18,4,8,8,155,158,127,51,65,31,4.077
3760,400003,3速1耐1智1友,861099690295976268,69250,US5,3337,1602,2062,977,2445,9054,3150,6000,7500,3,1,8,11,11,0/1/4,5/7/9,15/17/18,9,17,17,0,3,2,1,0,1,0,41,45,50,0,0,2,22,24,24,13,18,13,5,7,2,119,121,137,24,32,42,4.284
768,400000,3速1耐1智1友,15666030815438619594,65487,US2,3337,2099,1790,1176,1580,8859,3150,5400,7500,3,1,8,10,11,0/1/4,5/7/9,15/17/18,14,15,12,0,3,2,1,0,0,0,43,45,48,0,5,2,22,24,24,12,21,19,4,11,8,101,176,130,23,64,42,4.563
3247,400002,2速1力1根1智1友,7659579114545735761,61025,UA7,3337,848,2200,1702,1380,7571,2700,5400,7500,3,1,7,10,11,0/2/3,5/6/9,15/16/19,6,11,16,0,3,2,1,0,0,1,39,42,49,0,0,0,22,24,24,12,19,16,5,9,5,143,170,133,44,75,27,4.095
1058,400000,2速1耐1力1智1友,4005151366304411003,69304,US5,3337,1981,2200,935,2066,8868,2700,6000,7500,3,1,7,11,11,0/1/2,5/8/9,15/17/18,11,15,15,0,3,2,1,0,1,0,42,46,49,4,0,1,22,24,24,15,18,17,8,7,6,125,103,111,31,25,28,5.560
3761,400000,3速1耐1智1友,1553669340392755558,69343,US5,3337,2161,1934,1373,1908,8897,2700,6000,7500,3,1,7,11,11,0/1/4,5/7/9,15/17/18,9,13,15,0,3,2,1,0,0,0,40,45,50,0,1,2,22,24,24,14,19,16,7,8,5,96,149,135,23,63,26,4.191
768,400001,3速1耐1智1友,2175556591210088723,64598,US1,3337,2062,1553,1269,1785,8479,3150,4800,7500,3,1,8,9,11,0/1/4,5/7/9,15/17/18,11,14,13,0,3,2,1,0,2,0,41,39,48,1,1,0,22,24,24,13,16,15,5,7,4,140,113,93,44,32,21,4.684
3247,400003,2速1力1根1智1友,13415455105205913297,65328,US2,3337,975,2200,1446,2065,8513,2250,6000,7500,3,1,6,11,11,0/2/3,5/6/9,15/16/19,8,16,18,0,3,2,1,0,0,0,39,46,47,7,1,0,22,24,24,16,22,15,10,11,4,179,171,123,60,78,29,4.401
1058,400001,2速1耐1力1智1友,10629011436169979198,67006,US3,3337,2105,2192,1120,1602,8579,2250,6000,7500,3,1,6,11,11,0/1/2,5/8/9,15/17/18,10,15,13,0,3,2,1,0,0,0,40,46,47,5,1,0,22,24,24,14,18,14,8,7,3,143,136,99,46,54,19,4.817
3761,400001,3速1耐1智1友,15872049890352060576,63584,US,3337,1899,2200,1264,1044,8533,2250,6000,7500,3,1,6,11,11,0/1/4,5/7/9,15/17/18,7,13,12,0,3,2,1,0,0,0,39,45,47,4,4,0,22,24,24,15,20,15,9,9,4,152,189,108,49,66,18,4.450
3259,400000,2速1力1根1智1友,17085668312474990674,65298,US2,3337,983,2200,1955,1695,8363,2250,6000,8250,3,1,6,11,12,0/2/3,5/6/9,15/16/19,8,16,19,0,3,2,1,0,0,0,37,44,52,2,1,0,22,24,24,12,17,12,6,6,0,151,126,101,45,27,24,4.192
768,400002,3速1耐1智1友,1498076194820568181,68935,US4,3337,2182,1402,1236,2304,8905,2700,5400,7500,3,1,7,10,11,0/1/4,5/7/9,15/17/18,11,15,15,0,3,2,1,0,1,0,39,42,50,1,0,2,22,24,24,12,19,17,5,9,6,102,129,123,19,48,27,5.046
3761,400002,3速1耐1智1友,16325085897007143659,69528,US5,3337,2324,1906,1327,1900,8733,2250,6600,8250,3,1,6,12,12,0/1/4,5/7/9,15/17/18,5,15,14,0,2,3,1,0,0,0,38,45,49,4,0,0,22,24,24,17,20,17,11,8,5,146,121,104,21,36,30,4.325
1058,400002,2速1耐1力1智1友,11204856106132313588,64827,US1,3259,2043,2200,1144,1404,8377,2700,6000,7500,3,1,7,11,11,0/1/2,5/8/9,15/17/18,10,14,13,0,3,2,1,0,0,0,41,46,44,2,2,0,22,24,24,17,17,16,10,6,5,139,122,100,36,45,25,6.576
3259,400001,2速1力1根1智1友,15723536180148277967,63717,US,3337,962,2200,1598,1694,8363,2700,6000,7500,3,1,7,11,11,0/2/3,5/6/9,15/16/19,7,16,14,0,3,2,1,0,1,0,36,46,49,4,0,1,22,24,24,11,17,14,4,6,3,154,133,107,52,33,21,4.281
768,400003,3速1耐1智1友,1182059660978964684,66472,US3,3337,2313,1698,1344,1468,8742,3150,5400,8250,3,1,8,10,12,0/1/4,5/7/9,15/17/18,12,16,14,0,3,2,1,0,0,0,42,44,49,0,1,0,22,24,24,12,18,15,4,8,3,104,176,103,28,71,28,4.173
3761,400003,3速1耐1智1友,10444116651000095114,71605,US7,3337,2300,1941,1305,2006,9367,3150,6000,7500,3,1,8,11,11,0/1/4,5/7/9,15/17/18,10,15,14,0,2,3,1,0,0,0,40,44,46,0,0,0,22,24,24,11,16,17,3,5,6,106,118,122,14,37,35,4.963
3259,400002,2速1力1根1智1友,10283153030941515133,65099,US1,3337,991,2200,1822,1669,8373,2250,5400,7500,3,1,6,10,11,0/2/3,5/6/9,15/16/19,9,15,13,0,2,3,1,0,0,0,39,46,49,5,1,5,22,24,24,13,20,15,7,10,4,168,159,133,51,74,39,4.157
778,400000,3速1耐1智1友,5756283268781505583,69260,US5,3337,2159,2171,1418,1614,8858,2700,6000,7500,3,1,7,11,11,0/1/4,5/7/9,15/17/18,10,15,12,0,3,2,1,0,0,1,39,46,48,1,0,0,22,24,24,15,19,16,8,8,5,130,127,101,36,49,23,4.318
1058,400003,2速1耐1力1智1友,2720601460671197957,70197,US5,3337,2232,2073,1288,1804,8670,2700,5400,7500,3,1,7,10,11,0/1/2,5/8/9,15/17/18,11,15,15,0,3,2,1,0,0,0,41,45,47,1,0,0,22,24,24,12,20,16,5,10,5,145,127,121,52,29,27,6.419
3766,400000,3速1耐1智1友,13705532130916225843,73165,US8,3337,2279,2148,1535,1861,9387,2700,6000,7500,3,1,7,11,11,0/1/4,5/7/9,15/17/18,11,14,13,0,3,2,1,0,0,1,38,44,47,0,0,0,22,24,24,14,15,15,7,4,4,101,132,99,25,54,23,4.502
3259,400003,2速1力1根1智1友,10808204907524002529,65115,US2,3337,864,2200,1605,2006,8445,2700,5400,8250,3,1,7,10,12,0/2/3,5/6/9,15/16/19,8,17,16,0,3,2,1,0,0,0,38,39,50,0,0,0,22,24,24,10,15,15,3,5,3,139,94,101,41,32,31,4.124
778,400001,3速1耐1智1友,6593950981283874723,71673,US7,3337,2300,2200,1503,1632,8998,3600,6000,7500,3,1,9,11,11,0/1/4,5/7/9,15/17/18,13,16,13,0,3,2,1,0,0,0,42,44,48,0,0,0,22,24,24,16,19,14,7,8,3,118,154,121,38,57,38,4.234
3766,400001,3速1耐1智1友,11975255687391228009,68449,US4,3337,2018,1735,1298,2100,8871,2700,5400,7500,3,1,7,10,11,0/1/4,5/7/9,15/17/18,10,16,14,0,2,3,1,0,0,1,40,42,47,0,4,1,22,24,24,14,21,13,7,11,2,118,159,108,30,50,22,4.783
3260,400000,2速1力1根1智1友,9935309697722534963,64178,US,3337,1135,2200,1306,1899,8369,2250,5400,7500,3,1,6,10,11,0/2/3,5/6/9,15/16/19,9,14,18,0,3,2,1,0,0,0,39,38,46,6,0,0,22,24,24,15,16,13,9,6,2,146,110,93,31,30,28,4.082
1068,400000,2速1耐1力1智1友,16282784613388051200,68849,US4,3035,2400,2200,1030,1927,8690,2250,6000,7500,3,1,6,11,11,0/1/2,5/8/9,15/17/18,10,16,16,0,3,2,1,0,0,1,41,48,50,7,3,1,22,24,24,17,21,16,11,10,5,140,145,126,29,52,38,6.786
778,400002,3速1耐1智1友,17719398427072008030,68955,US4,3337,2078,1923,1402,1880,8939,3150,5400,7500,3,1,8,10,11,0/1/4,5/7/9,15/17/18,6,14,15,0,3,2,1,0,1,0,39,42,48,0,0,1,22,24,24,12,18,13,4,8,2,102,127,94,31,26,20,4.194
3766,400002,3速1耐1智1友,17916382992471205856,66105,US2,3337,1635,2200,1162,1599,8987,3150,5400,7500,3,1,8,10,11,0/1/4,5/7/9,15/17/18,10,14,16,0,3,2,1,0,0,0,40,42,48,2,0,1,22,24,24,14,21,14,6,11,3,120,110,97,33,34,26,4.229
3260,400001,2速1力1根1智1友,4618596684933258521,64302,US1,3337,902,2065,1682,2046,7846,2250,5400,6750,3,1,6,10,10,0/2/3,5/6/9,15/16/19,7,14,18,0,0,0,0,0,0,0,37,48,48,6,3,1,22,24,24,12,16,13,6,6,3,144,142,103,40,29,25,3.653
778,400003,3速1耐1智1友,5403973073462928850,66803,US3,3337,1935,2106,1207,1687,8762,3600,6000,7500,3,1,9,11,11,0/1/4,5/7/9,15/17/18,12,15,12,0,3,2,1,0,1,0,42,44,48,0,0,1,22,24,24,13,17,14,4,6,3,126,127,103,32,34,23,5.392
1068,400001,2速1耐1力1智1友,7160841916654417843,65321,US2,3337,2130,1751,1088,1801,8267,2250,5400,7500,3,1,6,10,11,0/1/2,5/8/9,15/17/18,10,17,13,0,3,2,1,0,0,0,38,44,47,3,0,1,22,24,24,13,21,16,7,11,5,127,122,127,30,51,31,6.398
3766,400003,3速1耐1智1友,600779654907591972,71452,US6,3337,1921,2057,1272,2088,9553,3150,6000,8250,3,1,8,11,12,0/1/4,5/7/9,15/17/18,13,17,16,0,2,3,1,0,0,1,42,42,50,1,0,0,22,24,24,14,16,16,6,5,4,134,122,102,29,38,26,4.318
3260,400002,2速1力1根1智1友,2371246721497825609,64372,US1,3337,755,2200,1633,1913,8369,2250,5400,8250,3,1,6,10,12,0/2/3,5/6/9,15/16/19,9,16,15,0,3,2,1,0,0,0,39,38,47,4,0,0,22,24,24,11,20,17,5,10,5,153,130,99,55,61,31,4.060
852,400000,2速2耐1智1友,3440251782374487450,64033,US,3312,2201,1330,1662,1562,8026,2700,4800,6750,3,1,7,9,10,0/1/4,5/7/9,15/17/19,9,13,14,0,3,2,1,0,0,0,36,45,48,0,8,5,22,24,24,12,16,16,5,7,6,111,178,154,31,78,45,3.973
3767,400000,3速1耐1智1友,12704316509172310411,69179,US5,3337,1852,1927,1216,2171,9045,2250,5400,7500,3,1,6,10,11,0/1/4,5/7/9,15/17/18,9,16,14,0,3,2,1,0,0,0,39,40,48,5,0,0,22,24,24,15,17,17,9,7,6,145,103,109,39,32,21,3.946
3260,400003,2速1力1根1智1友,1194949384006253366,62608,UA9,3337,1016,2200,1245,1877,8116,2700,5400,7500,3,1,7,10,11,0/2/3,5/6/9,15/16/19,9,16,15,0,3,2,1,0,0,0,41,34,47,4,0,0,22,24,24,10,21,15,3,11,4,157,111,118,59,37,33,3.977
1068,400002,2速1耐1力1智1友,3790569166273579511,67421,US3,3337,2196,1845,1112,1947,8323,2700,6600,7500,3,1,7,12,11,0/1/2,5/8/9,15/17/18,12,14,14,0,3,2,1,0,0,0,41,45,47,5,0,1,22,24,24,14,20,15,7,8,4,145,124,118,37,45,27,6.720
852,400001,2速2耐1智1友,2919288117339956817,66018,US2,3337,2400,1374,1581,1592,8297,3600,6000,7500,3,1,9,11,11,0/1/4,5/7/9,15/17/19,11,15,15,0,3,2,1,0,0,0,41,47,46,0,0,0,22,24,24,19,16,14,10,5,3,128,142,124,23,36,27,4.176
3285,400000,2速1力1根1智1友,4262987199165268246,65243,US2,3337,1012,2200,1861,1783,8310,2250,6600,7500,3,1,6,12,11,0/2/3,5/6/9,15/16/19,11,16,16,0,3,2,1,0,0,0,39,47,51,4,0,3,22,24,24,12,16,17,6,4,6,146,121,119,45,42,24,4.077
3767,400001,3速1耐1智1友,13725096288674328490,61897,UA8,3337,1835,1772,1199,1426,8469,3150,5400,7500,3,1,8,10,11,0/1/4,5/7/9,15/17/18,11,12,11,0,3,2,1,0,1,2,41,43,47,1,3,0,22,24,24,18,19,15,10,9,4,146,163,105,65,63,18,4.579
852,400002,2速2耐1智1友,12607480145262379182,68805,US4,3337,2400,1457,1651,1744,8743,3150,6000,6750,3,1,8,11,10,0/1/4,5/7/9,15/17/19,9,16,15,0,3,2,1,0,0,0,40,44,48,0,0,5,22,24,24,15,16,17,7,5,7,110,118,154,29,33,46,4.404
3285,400001,2速1力1根1智1友,4893619206942530144,64919,US1,3337,1045,2200,1389,1962,8274,2250,6600,8250,3,1,6,12,12,0/2/3,5/6/9,15/16/19,8,16,16,0,3,2,1,0,0,2,37,45,51,3,0,0,22,24,24,12,19,15,6,7,3,135,128,117,31,35,35,4.498
1068,400003,2速1耐1力1智1友,15268140597217193655,70252,US5,3337,2005,2200,913,2241,8757,3150,6600,7500,3,1,8,12,11,0/1/2,5/8/9,15/17/18,12,16,14,0,3,2,1,0,0,0,42,46,49,0,0,1,22,24,24,15,19,16,7,7,5,118,133,125,27,37,34,7.378
3767,400002,3速1耐1智1友,8213639678231141273,70065,US5,3337,2090,2081,1480,1874,8825,2700,4800,7500,3,1,7,9,11,0/1/4,5/7/9,15/17/18,7,16,14,0,3,2,1,0,1,0,37,38,49,0,1,1,22,24,24,15,15,16,8,6,5,143,154,107,47,80,25,4.960
852,400003,2速2耐1智1友,13241282206477160322,72024,US7,3337,2400,1268,1723,2231,8971,2700,6000,7500,3,1,7,11,11,0/1/4,5/7/9,15/17/19,11,16,16,0,3,2,1,0,0,0,40,46,49,1,1,2,22,24,24,13,17,16,6,6,5,126,155,138,33,54,35,4.837
3285,400002,2速1力1根1智1友,12156138514183051588,64569,US1,3337,935,2200,1488,2045,8113,2250,6600,7500,3,1,6,12,11,0/2/3,5/6/9,15/16/19,9,16,16,0,3,2,1,0,0,2,39,46,50,5,0,0,22,24,24,17,20,14,11,8,3,157,124,121,25,36,35,4.118
3767,400003,3速1耐1智1友,6468767326011614169,62609,UA9,3337,1509,2200,1021,1398,8723,3150,5400,7500,3,1,8,10,11,0/1/4,5/7/9,15/17/18,11,12,14,0,3,2,1,0,0,0,40,45,48,0,0,1,22,24,24,12,16,18,4,6,7,108,129,114,24,34,22,4.199
1084,400000,2速1耐1力1智1友,6421091144095128192,69582,US5,3337,2400,2065,1292,1471,8793,2700,6000,7500,3,1,7,11,11,0/1/2,5/8/9,15/17/18,14,13,16,0,3,2,1,0,0,0,41,47,47,1,1,0,22,24,24,16,20,14,9,9,3,133,152,100,33,58,23,6.848
865,400000,2速2耐1智1友,14416587617153651813,67450,US3,3337,2298,1363,1755,1750,8159,2250,5400,6750,3,1,6,10,10,0/1/4,5/7/9,15/17/19,4,15,15,0,3,2,1,0,2,0,37,43,49,2,0,5,22,24,24,8,19,14,2,9,4,122,130,155,48,40,53,4.149
3285,400003,2速1力1根1智1友,10809786112800973114,64556,US1,3337,823,2200,2134,1550,7908,2250,5400,8250,3,1,6,10,12,0/2/3,5/6/9,15/16/19,9,17,16,0,3,2,1,0,0,0,39,42,50,5,0,0,22,24,24,11,18,16,5,8,4,168,125,105,49,36,35,3.987
3828,400000,3速1耐1智1友,9856875060727738798,65964,US2,3337,2189,1865,1286,1506,8609,2250,6600,7500,3,1,6,12,11,0/1/4,5/7/9,15/17/18,7,16,14,0,3,2,1,0,0,0,34,45,47,0,0,0,22,24,24,12,20,16,6,8,5,137,124,89,45,29,22,4.140
865,400001,2速2耐1智1友,3982717066300239964,67032,US3,3337,2400,1260,1862,1625,8356,3150,5400,6750,3,1,8,10,10,0/1/4,5/7/9,15/17/19,11,14,13,0,3,2,1,0,0,1,39,44,47,0,3,3,22,24,24,12,17,18,4,7,8,97,158,133,22,38,37,3.923
3303,400000,3速1耐1智1友,10364075841737235895,68554,US4,3337,2021,1972,1209,1788,9220,3150,6000,7500,3,1,8,11,11,0/1/4,5/7/9,15/17/18,10,15,15,0,3,2,1,0,0,0,40,44,49,0,3,1,22,24,24,12,22,17,4,11,6,104,171,133,22,72,33,4.216
3828,400001,3速1耐1智1友,7124022293012460040,69058,US5,3337,1801,2200,1140,1997,8998,2700,6000,7500,3,1,7,11,11,0/1/4,5/7/9,15/17/18,11,17,15,0,3,2,1,0,0,0,40,44,47,0,0,0,22,24,24,10,18,17,3,7,6,90,124,109,27,40,20,4.176
1084,400001,2速1耐1力1智1友,3924319168953084078,62081,UA8,3244,2203,2200,1023,1028,7906,2700,5400,6750,3,1,7,10,10,0/1/2,5/8/9,15/17/18,11,13,13,0,3,2,1,0,1,0,36,46,48,1,0,3,22,24,24,10,21,17,3,11,7,126,147,108,53,56,19,6.276
865,400002,2速2耐1智1友,4732830469746043605,70487,US6,3337,2400,1351,1692,2025,8839,3150,4800,7500,3,1,8,9,11,0/1/4,5/7/9,15/17/19,11,15,16,0,3,2,1,0,0,0,42,45,47,0,8,0,22,24,24,9,12,18,1,3,7,105,192,131,27,102,34,3.931
3303,400001,3速1耐1智1友,16602572095676606117,67713,US4,3337,2196,1774,1410,1683,8695,2700,5400,6750,3,1,7,10,10,0/1/4,5/7/9,15/17/18,9,15,15,0,3,2,1,0,0,1,41,42,46,3,0,3,22,24,24,11,15,15,4,5,5,140,136,96,47,44,29,3.898
3828,400002,3速1耐1智1友,11902101898508699157,65091,US1,3337,2201,2128,1337,1032,8495,2250,5400,7500,3,1,6,10,11,0/1/4,5/7/9,15/17/18,11,12,14,0,3,2,1,0,1,0,39,43,47,4,0,0,22,24,24,15,19,15,9,9,4,126,151,88,37,54,18,5.042
1084,400002,2速1耐1力1智1友,14042366650772035006,68737,US4,3337,2400,2200,1149,1285,8674,2700,5400,7500,3,1,7,10,11,0/1/2,5/8/9,15/17/18,8,15,15,0,3,2,1,0,0,0,38,45,47,0,1,0,22,24,24,10,23,18,3,13,7,121,159,113,32,69,22,6.479
865,400003,2速2耐1智1友,15077661044969450350,68859,US4,3274,2398,1201,1831,2018,8290,2250,6000,6750,3,1,6,11,10,0/1/4,5/7/9,15/17/19,10,15,14,0,3,2,1,0,1,0,39,45,46,4,0,2,22,24,24,11,16,16,5,5,6,133,112,151,53,21,47,5.205
3303,400002,3速1耐1智1友,15522199871225763942,63815,US,3337,1868,1634,1168,1816,8589,3150,4800,7500,3,1,8,9,11,0/1/4,5/7/9,15/17/18,11,15,15,0,2,3,1,0,0,0,41,41,49,1,3,5,22,24,24,14,18,17,6,9,6,131,134,116,25,66,24,4.106
3828,400003,3速1耐1智1友,703229159312935184,72971,US8,3337,2028,1965,1265,2391,9108,3150,6000,7500,3,1,8,11,11,0/1/4,5/7/9,15/17/18,12,16,16,0,3,2,1,0,0,0,42,45,50,0,0,2,22,24,24,9,19,17,1,8,6,124,130,114,50,33,31,4.578
3303,400003,3速1耐1智1友,14746519188721366552,65211,US2,3337,2300,1647,1335,1455,8223,3150,6000,6750,3,1,8,11,10,0/1/4,5/7/9,15/17/18,10,13,13,0,3,2,1,0,1,0,41,42,43,0,0,0,22,24,24,12,21,13,4,10,3,95,135,100,16,49,29,4.154
3974,400000,2速2耐1智1友,8013945052767978809,71075,US6,3337,2400,1727,1781,1719,8999,3150,5400,7500,3,1,8,10,11,0/1/4,5/7/9,15/17/19,10,15,14,0,3,2,1,0,0,0,41,43,48,0,2,0,22,24,24,12,15,17,4,5,6,123,138,132,31,41,30,4.312
1084,400003,2速1耐1力1智1友,7611318590681028424,64157,US,3337,1738,2200,925,1467,8860,2700,6000,7500,3,1,7,11,11,0/1/2,5/8/9,15/17/18,9,16,14,0,3,2,1,0,0,0,40,46,47,4,0,1,22,24,24,16,19,17,9,8,6,129,97,117,33,25,28,6.687
3829,400000,3速1耐1智1友,14637002568209486709,69828,US5,3337,1655,2136,1130,2315,9111,2700,6000,7500,3,1,7,11,11,0/1/4,5/7/9,15/17/18,9,15,16,0,3,2,1,0,0,0,41,43,50,1,0,2,22,24,24,14,19,18,7,8,7,146,149,138,43,60,28,4.508
3346,400000,3速1耐1智1友,355623730388969859,67351,US3,3337,2400,1710,1460,1266,8552,2700,4200,7500,3,1,7,8,11,0/1/4,5/7/9,15/17/18,9,12,15,0,3,2,1,0,0,0,41,38,47,2,6,0,22,24,24,10,17,15,3,9,4,154,158,94,64,63,22,3.971
3974,400001,2速2耐1智1友,2287301426314388147,65892,US2,3291,2251,1585,1517,1659,8199,2250,4800,7500,3,1,6,9,11,0/1/4,5/7/9,15/17/19,11,11,15,0,3,2,1,0,0,0,39,32,48,4,0,0,22,24,24,12,13,16,6,4,5,128,96,128,35,37,29,6.297
1133,400000,2速1力1根1智1友,1226375271420096101,63977,US,3337,995,2200,1821,1563,8036,2250,6000,7500,3,1,6,11,11,0/2/3,5/6/9,15/16/19,10,16,13,0,3,2,1,0,0,0,39,44,48,5,0,0,22,24,24,11,15,16,5,4,5,159,136,110,55,54,24,4.855
3346,400001,3速1耐1智1友,7028667460947403680,70629,US6,3337,2400,1973,1373,1493,9185,3150,5400,7500,3,1,8,10,11,0/1/4,5/7/9,15/17/18,14,14,15,0,3,2,1,0,2,1,41,43,47,0,1,0,22,24,24,12,19,13,4,9,2,102,179,99,22,75,36,4.206
3829,400001,3速1耐1智1友,2127677932118136654,69407,US5,3337,2294,2200,1277,1510,8809,3150,5400,7500,3,1,8,10,11,0/1/4,5/7/9,15/17/18,12,14,13,0,3,2,1,0,0,0,41,43,47,1,4,1,22,24,24,14,20,14,6,10,3,126,159,109,34,42,27,6.771
3974,400002,2速2耐1智1友,6223245599253966315,67711,US4,3079,2400,1284,1632,2172,8555,3150,6000,6750,3,1,8,11,10,0/1/4,5/7/9,15/17/19,13,17,12,0,3,2,1,0,0,2,42,41,45,0,1,1,22,24,24,10,16,14,2,5,4,131,111,122,49,30,31,4.200
1133,400001,2速1力1根1智1友,8565535630557594145,63880,US,3337,1064,2200,1402,1818,8011,2700,6600,7500,3,1,7,12,11,0/2/3,5/6/9,15/16/19,9,18,14,0,3,2,1,0,0,0,39,48,49,1,0,1,22,24,24,10,19,17,3,7,6,145,148,139,47,46,29,5.452
3346,400002,3速1耐1智1友,15723246044169655730,65786,US2,3337,2013,1484,1247,1996,8662,2700,5400,8250,3,1,7,10,12,0/1/4,5/7/9,15/17/18,9,17,14,0,2,3,1,0,0,1,39,38,50,1,0,0,22,24,24,17,15,16,10,5,4,147,104,113,78,39,26,4.211
3974,400003,2速2耐1智1友,11102436591287965157,68199,US4,3261,2400,1480,1561,1890,8502,2700,6000,6750,3,1,7,11,10,0/1/4,5/7/9,15/17/19,10,16,14,0,3,2,1,0,0,0,41,45,47,2,2,4,22,24,24,18,14,14,11,3,4,132,149,144,28,46,43,4.257
3829,400002,3速1耐1智1友,2349431777377752618,67280,US3,3337,2109,1666,1301,1915,9081,2700,6000,8250,3,1,7,11,12,0/1/4,5/7/9,15/17/18,9,14,14,0,3,2,1,0,0,0,38,43,51,0,0,0,22,24,24,14,19,17,7,8,5,127,130,98,34,36,29,5.965
3346,400003,3速1耐1智1友,13940325435051441979,61712,UA8,3337,2279,1536,1387,1025,7989,2700,4800,7500,3,1,7,9,11,0/1/4,5/7/9,15/17/18,6,12,13,0,0,5,1,0,0,2,39,40,48,0,2,1,22,24,24,11,18,20,4,9,9,138,160,104,42,64,27,4.105
1133,400002,2速1力1根1智1友,11320759887553337235,66194,US2,3337,1150,2200,1719,1824,8291,2250,6000,7500,3,1,6,11,11,0/2/3,5/6/9,15/16/19,9,17,14,0,3,2,1,0,0,1,38,47,47,3,1,0,22,24,24,10,15,16,4,4,5,137,161,128,56,68,20,5.112
3975,400000,2速2耐1智1友,3963863883729139860,70237,US5,3337,2400,1967,1704,1305,8844,2700,6000,6750,3,1,7,11,10,0/1/4,5/7/9,15/17/19,10,16,13,0,3,2,1,0,0,0,39,41,47,1,0,4,22,24,24,14,18,15,7,7,5,124,120,131,28,55,38,4.525
3829,400003,3速1耐1智1友,9011731255848743356,67026,US3,3337,2222,2088,1376,1290,8639,3150,6000,7500,3,1,8,11,11,0/1/4,5/7/9,15/17/18,12,15,13,0,3,2,1,0,0,0,39,44,48,0,2,0,22,24,24,9,15,15,1,4,4,105,169,118,37,69,28,4.555
3374,400000,3速1耐1智1友,11862101645352446893,64955,US1,3337,2043,1550,1258,1831,8452,3150,4800,7500,3,1,8,9,11,0/1/4,5/7/9,15/17/18,10,14,17,0,3,2,1,0,0,0,40,42,48,0,3,2,22,24,24,13,17,18,5,8,7,119,188,131,28,83,44,4.158
1133,400003,2速1力1根1智1友,16410514739901051027,62900,UA9,3337,964,1908,1260,2205,8054,2700,6000,7500,3,1,7,11,11,0/2/3,5/6/9,15/16/19,13,16,13,0,3,2,1,0,0,0,41,45,49,5,0,1,22,24,24,15,15,16,8,4,5,152,125,117,32,40,29,4.511
3832,400000,3速1耐1智1友,14169669254477890,72054,US7,3337,2400,1963,1422,1753,8934,2700,6000,7500,3,1,7,11,11,0/1/4,5/7/9,15/17/18,7,16,13,0,3,2,1,0,0,0,38,44,46,0,0,0,22,24,24,12,22,12,5,11,1,101,130,104,20,48,31,4.126
3975,400001,2速2耐1智1友,7604555217766565212,64585,US1,2990,2400,1661,1706,1496,8271,2700,5400,7500,3,1,7,10,11,0/1/4,5/7/9,15/17/19,8,14,11,0,3,2,1,0,1,0,39,37,48,0,0,0,22,24,24,12,19,16,5,9,5,106,131,115,25,41,30,5.301
3374,400001,3速1耐1智1友,10619380544739405773,62880,UA9,3337,1562,1573,946,2224,8516,3150,5400,7500,3,1,8,10,11,0/1/4,5/7/9,15/17/18,12,16,15,0,3,2,1,0,2,0,42,45,46,0,1,0,22,24,24,12,21,13,4,11,2,114,157,104,30,43,38,4.111
1145,400000,2速1力1根1智1友,8815490610865853474,64613,US1,3337,949,2088,1646,1965,8265,2250,6000,6750,3,1,6,11,10,0/2/3,5/6/9,15/16/19,11,15,14,0,3,2,1,0,0,2,41,47,46,6,1,1,22,24,24,11,16,16,5,5,6,160,151,110,56,61,21,5.246
3832,400001,3速1耐1智1友,6899533640800588162,65300,US2,3337,2028,1766,1229,1656,8481,3150,4800,7500,3,1,8,9,11,0/1/4,5/7/9,15/17/18,11,13,15,0,3,2,1,0,0,0,42,37,48,0,0,2,22,24,24,12,18,12,4,9,1,104,121,106,26,44,23,3.964
3374,400002,3速1耐1智1友,1429694070346343975,61576,UA7,3337,1643,1681,947,1905,8276,2700,6000,7500,3,1,7,11,11,0/1/4,5/7/9,15/17/18,9,13,17,0,3,2,1,0,0,0,38,43,45,1,0,0,22,24,24,13,20,13,6,9,2,120,154,104,41,77,44,4.127
3975,400002,2速2耐1智1友,8559396150668096136,64760,US1,3052,2399,1338,1719,1774,8140,2700,4800,7500,3,1,7,9,11,0/1/4,5/7/9,15/17/19,9,16,16,0,1,2,0,0,0,0,38,39,48,0,0,0,22,24,24,15,13,18,8,4,7,122,138,116,41,68,25,4.574
1145,400001,2速1力1根1智1友,13668629956359179165,62127,UA8,3337,1209,2200,1467,1334,7920,2250,5400,6750,3,1,6,10,10,0/2/3,5/6/9,15/16/19,8,16,13,0,3,2,1,0,0,1,39,36,46,5,0,2,22,24,24,13,13,15,7,3,5,160,103,126,44,46,30,4.706
3374,400003,3速1耐1智1友,3551062981486957623,64876,US1,3337,1964,1946,1204,1492,8640,3150,5400,7500,3,1,8,10,11,0/1/4,5/7/9,15/17/18,12,14,15,0,3,2,1,0,1,1,41,40,50,0,1,2,22,24,24,16,21,15,8,11,4,153,144,125,48,32,33,4.177
3832,400002,3速1耐1智1友,3707961864813148488,70385,US6,3337,2198,1870,1300,1943,9089,2700,6000,8250,3,1,7,11,12,0/1/4,5/7/9,15/17/18,12,17,15,0,2,3,1,0,0,0,38,40,49,0,0,0,22,24,24,11,18,14,4,7,2,96,121,94,21,50,30,4.818
3975,400003,2速2耐1智1友,16901565871297198297,68449,US4,3337,2143,1503,1550,2073,8708,2700,6000,7500,3,1,7,11,11,0/1/4,5/7/9,15/17/19,8,16,15,0,3,2,1,0,0,0,39,45,49,2,4,0,22,24,24,12,18,16,5,7,5,126,157,114,23,42,33,4.709
3380,400000,3速1耐1智1友,13261486280809430112,65403,US2,3337,1804,1352,1202,2359,8388,2700,6600,6750,3,1,7,12,10,0/1/4,5/7/9,15/17/18,12,13,15,0,3,2,1,0,1,0,39,44,47,1,0,4,22,24,24,9,19,16,2,7,6,132,118,105,42,44,24,4.107
3832,400003,3速1耐1智1友,17334475899246298897,59098,UA4,3337,1250,1831,946,1842,7975,2700,4200,7500,3,1,7,8,11,0/1/4,5/7/9,15/17/18,10,13,12,0,3,2,1,0,1,1,38,39,48,0,5,1,22,24,24,15,24,21,8,16,10,122,195,147,28,118,26,4.138
1145,400002,2速1力1根1智1友,18183500136411671756,63252,UA9,3337,1127,2200,1459,1585,8346,2250,6600,7500,3,1,6,12,11,0/2/3,5/6/9,15/16/19,7,15,15,0,3,2,1,0,0,1,36,46,49,2,0,1,22,24,24,11,20,16,5,8,5,159,116,120,49,36,26,5.596
3999,400000,2速1耐1力1智1友,9718866191251768087,65189,US2,3337,1966,2000,1091,1591,8660,2700,6000,7500,3,1,7,11,11,0/1/2,5/8/9,15/17/18,8,17,14,0,3,2,1,0,0,1,37,44,47,0,0,0,22,24,24,15,20,20,8,9,9,118,123,133,22,34,39,4.480
3380,400001,3速1耐1智1友,8896067874881400683,61424,UA7,3337,1411,1769,1077,1899,8333,2700,5400,7500,3,1,7,10,11,0/1/4,5/7/9,15/17/18,11,14,14,0,3,2,1,0,1,0,41,44,49,1,3,3,22,24,24,14,21,18,7,11,7,144,177,133,40,75,29,4.100
3833,400000,3速1耐1智1友,14061714498085989326,67955,US4,3337,2400,1729,1476,1541,8633,2700,6000,7500,3,1,7,11,11,0/1/4,5/7/9,15/17/18,12,16,14,0,3,2,1,0,0,1,41,45,47,1,0,0,22,24,24,10,17,16,3,6,5,115,155,102,30,49,28,4.682
3999,400001,2速1耐1力1智1友,3864142172102120840,69162,US5,3266,2235,2200,990,1979,8836,3150,5400,7500,3,1,8,10,11,0/1/2,5/8/9,15/17/18,10,15,15,0,3,2,1,0,2,0,40,41,49,0,0,0,22,24,24,9,24,15,1,14,4,89,182,111,24,86,33,4.640
1145,400003,2速1力1根1智1友,13043539601275430470,62127,UA8,3337,1383,2200,1259,1409,8130,2250,5400,7500,3,1,6,10,11,0/2/3,5/6/9,15/16/19,13,15,13,0,3,2,1,0,0,0,42,47,47,7,4,0,22,24,24,15,19,16,9,9,5,154,164,125,44,52,44,6.019
3380,400002,3速1耐1智1友,4538752246607697159,63170,UA9,3337,1751,1763,1166,1768,8304,3150,6000,6750,3,1,8,11,10,0/1/4,5/7/9,15/17/18,13,15,15,0,3,2,1,0,0,0,42,42,46,0,0,3,22,24,24,13,19,15,5,8,5,140,128,122,43,30,42,4.033
3833,400001,3速1耐1智1友,16615167119112576934,68730,US4,3337,2130,2150,1287,1504,8667,2700,5400,7500,3,1,7,10,11,0/1/4,5/7/9,15/17/18,8,16,14,0,3,2,1,0,0,0,37,38,49,0,1,2,22,24,24,13,16,14,6,6,3,119,168,112,26,77,29,3.997
3999,400002,2速1耐1力1智1友,13951813953470055368,68495,US4,3280,2393,2200,998,1566,8878,2700,6000,7500,3,1,7,11,11,0/1/2,5/8/9,15/17/18,8,16,14,0,2,3,1,0,0,0,39,44,47,3,0,3,22,24,24,15,18,19,8,7,8,130,139,122,31,52,30,4.842
3380,400003,3速1耐1智1友,13447881969633036126,67338,US3,3337,2233,1693,1549,1580,8515,3150,5400,8250,3,1,8,10,12,0/1/4,5/7/9,15/17/18,9,12,13,0,3,2,1,0,0,0,38,44,49,0,2,0,22,24,24,12,19,16,4,9,4,83,152,105,21,48,23,4.118
1146,400000,2速1力1根1智1友,6919536821600822662,62967,UA9,3337,980,2070,1624,1785,8097,2250,6000,7500,3,1,6,11,11,0/2/3,5/6/9,15/16/19,9,17,12,0,3,2,1,0,0,0,40,47,47,5,0,0,22,24,24,11,16,16,5,5,5,154,149,119,56,49,24,6.323
3833,400002,3速1耐1智1友,6522464167249869792,70493,US6,3337,2074,1940,1204,2143,8992,2700,6000,8250,3,1,7,11,12,0/1/4,5/7/9,15/17/18,9,18,14,0,2,3,1,0,0,0,39,44,50,0,0,0,22,24,24,13,19,15,6,8,3,114,153,107,32,58,27,4.855
3999,400003,2速1耐1力1智1友,9393244708715693248,67541,US3,3337,1995,2062,972,1973,8834,2700,6000,7500,3,1,7,11,11,0/1/2,5/8/9,15/17/18,9,17,15,0,3,2,1,0,0,0,40,41,49,0,0,2,22,24,24,14,21,14,7,10,3,127,153,96,24,39,26,4.337
3397,400000,3速1耐1智1友,15137777519581648158,67343,US3,3337,1672,1814,1042,2445,8480,3150,5400,6000,3,1,8,10,9,0/1/4,5/7/9,15/17/18,12,16,15,0,3,2,1,0,0,0,42,46,42,0,2,6,22,24,24,12,16,13,4,6,4,101,157,116,23,56,42,3.878
1146,400001,2速1力1根1智1友,5102690491300876616,65334,US2,3337,1213,2200,972,2153,8583,2700,5400,7500,3,1,7,10,11,0/2/3,5/6/9,15/16/19,9,15,15,0,3,2,1,0,0,1,39,44,51,2,2,0,22,24,24,13,22,15,6,12,4,136,156,133,38,60,25,4.570
3833,400003,3速1耐1智1友,7691151460082948657,69164,US5,3337,2046,2146,1367,1565,8921,2700,6000,7500,3,1,7,11,11,0/1/4,5/7/9,15/17/18,8,14,15,0,3,2,1,0,0,0,38,46,48,2,0,0,22,24,24,16,21,16,9,10,5,142,152,130,46,49,27,5.720
4022,400000,2速1耐1力1智1友,15162200999372643029,73003,US8,3337,2212,2035,1131,2238,9364,2700,6600,8250,3,1,7,12,12,0/1/2,5/8/9,15/17/18,12,18,15,0,1,4,1,0,0,0,42,49,50,3,1,0,22,24,24,16,20,17,9,8,5,145,160,125,33,61,36,4.466
3397,400001,3速1耐1智1友,13450976886554867562,64975,US1,3337,1633,2200,1132,1548,8655,2700,4200,8250,3,1,7,8,12,0/1/4,5/7/9,15/17/18,9,15,16,0,3,2,1,0,0,0,38,37,50,0,2,0,22,24,24,10,21,14,3,13,2,112,161,119,19,58,35,4.014
1146,400002,2速1力1根1智1友,3136696746586301115,65917,US2,3337,1015,2109,1736,1962,8211,2700,6600,7500,3,1,7,12,11,0/2/3,5/6/9,15/16/19,7,17,15,0,3,2,1,0,0,0,39,46,49,2,0,0,22,24,24,14,20,18,7,8,7,150,132,125,33,40,28,4.577
3858,400000,3速1耐1智1友,1546016464683541750,67014,US3,3337,2104,2109,1500,1125,8918,2700,5400,7500,3,1,7,10,11,0/1/4,5/7/9,15/17/18,9,13,14,0,3,2,1,0,1,0,40,43,48,1,0,0,22,24,24,18,20,16,11,10,5,145,136,110,45,42,18,4.299
3397,400002,3速1耐1智1友,8509094467452688915,65961,US2,3337,1781,1774,1449,1946,8540,3150,5400,6750,3,1,8,10,10,0/1/4,5/7/9,15/17/18,12,11,15,0,3,2,1,0,0,0,42,39,42,0,0,0,22,24,24,14,15,16,6,5,6,120,133,116,43,41,33,3.969
4022,400001,2速1耐1力1智1友,14188889282536529037,73166,US8,3337,2368,2098,1091,2039,9479,3150,6600,7500,3,1,8,12,11,0/1/2,5/8/9,15/17/18,11,18,16,0,2,2,0,0,0,0,41,48,50,0,0,2,22,24,24,15,17,16,7,5,5,120,105,137,26,29,42,4.843
1146,400003,2速1力1根1智1友,3648686734374397217,70319,US6,3336,1048,1983,2020,2427,8623,2250,6600,6750,3,1,6,12,10,0/2/3,5/6/9,15/16/19,8,17,15,0,3,2,1,0,0,0,37,48,47,2,0,3,22,24,24,10,14,15,4,2,5,161,119,115,55,46,19,5.387
3858,400001,3速1耐1智1友,3561403191234362777,65693,US2,3337,2184,1909,1395,1307,8479,2700,4200,7500,3,1,7,8,11,0/1/4,5/7/9,15/17/18,10,14,12,0,3,2,1,0,0,0,40,37,46,0,3,0,22,24,24,11,14,15,4,6,4,131,156,101,39,77,21,3.842
3397,400003,3速1耐1智1友,845633575617302526,64400,US1,3337,2298,1667,1590,1182,8097,2700,6600,5250,3,1,7,12,8,0/1/4,5/7/9,15/17/18,8,15,13,0,3,2,1,0,0,0,38,45,38,1,1,1,22,24,24,11,21,14,4,9,6,122,162,101,29,70,30,3.966
4022,400002,2速1耐1力1智1友,983328654100906164,65301,US2,3133,2156,2085,983,1782,8789,3150,6000,7500,3,1,8,11,11,0/1/2,5/8/9,15/17/18,11,15,14,0,3,2,1,0,0,0,41,47,47,1,0,0,22,24,24,14,19,19,6,8,8,128,123,120,27,54,28,4.297
3858,400002,3速1耐1智1友,17611376949826580918,65367,US2,3337,2146,1753,1427,1570,8600,3150,5400,7500,3,1,8,10,11,0/1/4,5/7/9,15/17/18,12,14,15,0,3,2,1,0,1,1,41,36,50,0,0,2,22,24,24,10,17,17,2,7,6,117,136,117,37,64,19,4.488
4022,400003,2速1耐1力1智1友,11714641265092805328,62298,UA8,3151,1952,1876,1052,1671,8584,2700,4800,7500,3,1,7,9,11,0/1/2,5/8/9,15/17/18,9,13,14,0,3,2,1,0,2,1,39,37,48,1,0,0,22,24,24,15,16,17,8,7,6,137,101,102,40,40,22,4.202
1171,400000,2速1力1根1智1友,545787674583846725,63045,UA9,3337,1181,2200,1680,1303,8273,2700,5400,7500,3,1,7,10,11,0/2/3,5/6/9,15/16/19,11,14,15,0,3,2,1,0,1,0,40,45,50,1,2,2,22,24,24,11,17,18,4,7,7,131,150,120,41,67,23,5.879
3402,400000,3速1耐1智1友,7034202596770408319,63575,US,3337,2133,1507,1351,1495,8039,3150,5400,6750,3,1,8,10,10,0/1/4,5/7/9,15/17/18,10,13,15,0,3,2,1,0,0,0,41,41,40,0,2,0,22,24,24,16,18,13,8,8,3,137,151,93,29,37,33,5.180
3858,400003,3速1耐1智1友,15980353932080400034,67109,US3,3337,1673,2200,1126,1775,9030,2700,4800,8250,3,1,7,9,12,0/1/4,5/7/9,15/17/18,11,17,14,0,2,3,1,0,0,0,41,37,48,1,0,0,22,24,24,14,17,17,7,8,5,143,120,113,37,31,25,4.079
3402,400001,3速1耐1智1友,10416926000168564424,69673,US5,3337,2391,2030,1332,1531,8733,2700,6000,8250,3,1,7,11,12,0/1/4,5/7/9,15/17/18,6,17,15,0,2,3,1,0,0,1,37,44,48,0,0,0,22,24,24,12,17,17,5,6,5,104,129,99,26,48,22,5.429
4023,400000,2速1耐1力1智1友,13645709472161054642,66710,US3,3313,2004,2200,900,1811,8677,3150,5400,7500,3,1,8,10,11,0/1/2,5/8/9,15/17/18,10,16,15,0,3,2,1,0,2,0,42,44,47,0,0,0,22,24,24,15,18,15,7,8,4,115,120,98,23,32,24,6.580
1171,400001,2速1力1根1智1友,6669606224840446605,60697,UA6,3337,1363,2200,1168,1499,7731,2250,6600,7500,3,1,6,12,11,0/2/3,5/6/9,15/16/19,13,15,13,0,3,2,1,0,0,0,40,48,49,5,2,0,22,24,24,12,18,18,6,6,7,169,175,113,48,72,30,6.455
3859,400000,3速1耐1智1友,260791480988105356,68135,US4,3337,2123,1913,1450,1652,8961,3150,5400,8250,3,1,8,10,12,0/1/4,5/7/9,15/17/18,9,16,14,0,3,2,1,0,0,0,40,38,51,0,2,0,22,24,24,11,19,17,3,9,5,114,151,95,25,75,24,6.617
3402,400002,3速1耐1智1友,3169385495315852334,63613,US,3337,1939,1740,1163,1661,8361,2700,6000,7500,3,1,7,11,11,0/1/4,5/7/9,15/17/18,10,15,16,0,2,3,1,0,0,0,35,47,45,2,0,0,22,24,24,16,16,15,9,5,4,130,116,90,48,33,21,4.145
4023,400001,2速1耐1力1智1友,3800115402796238286,65977,US2,3337,2109,2200,1032,1437,8639,2250,5400,7500,3,1,6,10,11,0/1/2,5/8/9,15/17/18,7,16,14,0,3,2,1,0,0,0,37,43,48,2,0,1,22,24,24,12,20,14,6,10,3,138,125,110,51,47,26,3.963
1171,400002,2速1力1根1智1友,4745587715157945080,62052,UA8,3337,1116,2200,1381,1658,8072,2700,6000,6750,3,1,7,11,10,0/2/3,5/6/9,15/16/19,10,16,14,0,3,2,1,0,0,1,39,45,48,0,0,6,22,24,24,9,20,17,2,9,7,133,150,128,44,43,35,4.365
3402,400003,3速1耐1智1友,2916902180499187096,66080,US2,3337,1794,2148,1184,1560,8663,3600,5400,6750,3,1,9,10,10,0/1/4,5/7/9,15/17/18,11,14,12,0,3,2,1,0,0,0,43,44,44,0,3,0,22,24,24,9,22,13,0,12,3,91,179,100,24,76,31,4.203
4023,400002,2速1耐1力1智1友,7673452089272742192,67560,US3,3336,1981,2200,888,1842,8759,2700,5400,7500,3,1,7,10,11,0/1/2,5/8/9,15/17/18,8,16,15,0,3,2,1,0,0,0,38,41,50,0,0,1,22,24,24,12,18,18,5,8,7,140,124,128,53,62,41,4.361
3859,400001,3速1耐1智1友,7997470726489244595,67477,US3,3337,2051,1706,1382,1957,8780,3150,6000,7500,3,1,8,11,11,0/1/4,5/7/9,15/17/18,10,13,14,0,3,2,1,0,0,0,41,42,49,1,0,1,22,24,24,13,18,15,5,7,4,126,125,111,33,34,32,7.215
3410,400000,3速1耐1智1友,5587096057087660200,68135,US4,3337,2061,1704,1264,2091,8958,2700,5400,7500,3,1,7,10,11,0/1/4,5/7/9,15/17/18,9,15,17,0,3,2,1,0,1,0,40,44,52,1,0,4,22,24,24,12,18,14,5,8,3,108,147,129,20,56,37,4.094
4023,400003,2速1耐1力1智1友,720099918847706056,65038,US1,3194,2400,2200,939,1198,8689,3150,6000,6750,3,1,8,11,10,0/1/2,5/8/9,15/17/18,13,15,13,0,3,2,1,0,0,2,40,46,47,0,0,1,22,24,24,11,18,17,3,7,7,91,132,142,20,59,40,4.151
1171,400003,2速1力1根1智1友,17472275711475839850,63583,US,3204,1327,2200,1518,1829,7997,2700,6600,7500,3,1,7,12,11,0/2/3,5/6/9,15/16/19,10,15,14,0,3,2,1,0,0,0,37,47,45,2,0,0,22,24,24,14,18,17,7,6,6,137,134,98,30,45,27,10.039
3410,400001,3速1耐1智1友,12207887616304828159,68156,US4,3337,2390,1735,1325,1624,8821,3150,5400,8250,3,1,8,10,12,0/1/4,5/7/9,15/17/18,12,13,16,0,3,2,1,0,1,0,39,44,49,1,1,0,22,24,24,15,24,15,7,14,3,127,172,94,42,70,18,4.320
3859,400002,3速1耐1智1友,18158974853241172080,66296,US2,3337,1841,1916,1293,1852,8884,2700,5400,7500,3,1,7,10,11,0/1/4,5/7/9,15/17/18,9,16,14,0,3,2,1,0,0,0,40,41,49,0,2,1,22,24,24,13,22,18,6,12,7,103,167,123,24,92,23,5.663
4032,400000,2速1耐1力1智1友,11686881502314061069,68120,US4,3337,2294,2200,1194,1253,8906,3150,6000,8250,3,1,8,11,12,0/1/2,5/8/9,15/17/18,11,15,14,0,3,2,1,0,0,0,40,45,49,1,2,0,22,24,24,14,20,15,6,9,3,112,138,84,20,47,20,4.404
1189,400000,3速1耐1智1友,629043073733893910,68494,US4,3337,2368,1715,1334,1635,8993,3150,5400,7500,3,1,8,10,11,0/1/4,5/7/9,15/17/18,12,13,13,0,3,2,1,0,0,0,41,43,47,0,0,1,22,24,24,18,22,18,10,12,7,127,147,135,23,59,34,4.895
3410,400002,3速1耐1智1友,17639655076487926436,65146,US2,3337,1881,1721,1155,1898,8714,2700,6000,7500,3,1,7,11,11,0/1/4,5/7/9,15/17/18,11,16,13,0,3,2,1,0,0,1,40,44,49,0,0,1,22,24,24,18,19,15,11,8,4,138,138,110,46,38,23,4.151
3859,400003,3速1耐1智1友,1008199640710233911,69709,US5,3337,1883,1811,1352,2332,9005,2700,6000,8250,3,1,7,11,12,0/1/4,5/7/9,15/17/18,12,17,15,0,3,2,1,0,0,0,40,41,49,3,0,0,22,24,24,13,16,14,6,5,2,135,111,93,48,29,22,4.222
4032,400001,2速1耐1力1智1友,18265322826561191352,64794,US1,3337,1854,1955,1165,1677,8523,2250,6000,7500,3,1,6,11,11,0/1/2,5/8/9,15/17/18,11,14,14,0,3,2,1,0,0,0,36,41,49,2,0,1,22,24,24,14,21,14,8,10,3,138,133,121,47,67,35,4.151
3410,400003,3速1耐1智1友,5809256725429904770,67312,US3,3337,2177,2200,1228,1167,9086,3150,5400,7500,3,1,8,10,11,0/1/4,5/7/9,15/17/18,13,15,15,0,3,2,1,0,0,0,42,45,49,0,3,1,22,24,24,20,19,14,12,9,3,140,170,103,38,78,23,4.188
3860,400000,3速1耐1智1友,1980947910435634632,69253,US5,3337,1717,2200,1024,2139,9111,2700,5400,8250,3,1,7,10,12,0/1/4,5/7/9,15/17/18,12,18,14,0,2,3,1,0,0,0,42,45,48,3,0,0,22,24,24,10,16,16,3,6,4,143,108,109,59,30,27,4.084
4032,400002,2速1耐1力1智1友,159712680901918922,65703,US2,3023,2205,1772,1411,1901,8630,2700,6000,7500,3,1,7,11,11,0/1/2,5/8/9,15/17/18,11,17,12,0,3,2,1,0,0,0,40,43,48,2,0,2,22,24,24,14,16,16,7,5,5,124,92,100,30,26,19,4.101
1189,400001,3速1耐1智1友,8768282885323408052,68932,US4,3337,2208,1962,1267,1610,9020,3150,4800,7500,3,1,8,9,11,0/1/4,5/7/9,15/17/18,12,11,13,0,3,2,1,0,1,2,41,36,48,0,0,0,22,24,24,11,16,18,3,7,7,82,120,114,23,46,20,6.016
3416,400000,3速1耐1智1友,4607171894067141270,63261,UA9,3337,1725,1801,1134,1874,8222,3150,6000,6750,3,1,8,11,10,0/1/4,5/7/9,15/17/18,10,13,14,0,3,2,1,0,0,0,40,43,45,0,0,2,22,24,24,13,18,15,5,7,5,120,166,124,30,75,35,3.970
3860,400001,3速1耐1智1友,8708598091029202052,67676,US3,3337,2094,2126,1285,1565,8651,2700,5400,7500,3,1,7,10,11,0/1/4,5/7/9,15/17/18,11,12,15,0,3,2,1,0,0,0,40,42,50,0,2,2,22,24,24,11,19,15,4,9,4,133,164,132,54,62,26,4.287
4032,400003,2速1耐1力1智1友,16275477218599471103,66464,US3,3337,1801,2200,969,1727,8805,2700,4800,7500,3,1,7,9,11,0/1/2,5/8/9,15/17/18,10,16,13,0,1,4,1,0,0,1,41,37,46,1,0,0,22,24,24,15,14,16,8,5,5,125,99,112,30,25,33,4.017
1189,400002,3速1耐1智1友,16060787933921341429,64068,US,3337,1729,1499,1197,1957,8925,2700,5400,7500,3,1,7,10,11,0/1/4,5/7/9,15/17/18,6,14,15,0,3,2,1,0,0,0,38,39,49,0,3,0,22,24,24,14,17,15,7,7,4,120,134,109,24,35,24,4.319
3416,400001,3速1耐1智1友,795490182612661232,67039,US3,3337,1854,2200,1218,1594,8765,3150,5400,8250,3,1,8,10,12,0/1/4,5/7/9,15/17/18,11,15,16,0,3,2,1,0,0,1,42,44,52,1,1,0,22,24,24,14,21,17,6,11,5,136,167,123,47,70,37,4.202
3860,400002,3速1耐1智1友,9688768239204667805,70004,US5,3337,2400,2200,1353,1302,8839,3150,6000,7500,3,1,8,11,11,0/1/4,5/7/9,15/17/18,11,16,15,0,3,2,1,0,0,0,42,45,48,0,2,2,22,24,24,13,17,16,5,6,5,128,173,108,38,48,24,4.388
4033,400000,2速1耐1力1智1友,13201260300900827671,61955,UA8,2990,1736,2082,981,1947,8390,2700,6000,7500,3,1,7,11,11,0/1/2,5/8/9,15/17/18,8,16,12,0,1,4,1,0,0,1,37,46,46,1,1,0,22,24,24,15,17,19,8,6,8,134,133,105,44,24,20,4.127
1189,400003,3速1耐1智1友,15060921700547104828,68098,US4,3337,2182,1704,1249,1774,9214,2700,4800,8250,3,1,7,9,12,0/1/4,5/7/9,15/17/18,12,15,16,0,3,2,1,0,0,0,40,37,50,4,0,0,22,24,24,18,18,15,11,9,3,148,148,123,34,76,38,4.939
3416,400002,3速1耐1智1友,17958932999380738175,66160,US2,3337,1727,2187,1171,1780,8489,3150,5400,6750,3,1,8,10,10,0/1/4,5/7/9,15/17/18,11,17,15,0,2,3,1,0,0,2,40,43,46,0,0,4,22,24,24,13,15,15,5,5,5,97,133,140,21,61,53,4.007
3860,400003,3速1耐1智1友,9023331420731510098,66561,US3,3337,1891,2200,1063,1648,8889,2700,5400,8250,3,1,7,10,12,0/1/4,5/7/9,15/17/18,8,13,15,0,2,3,1,0,0,0,40,45,48,1,1,0,22,24,24,13,15,16,6,5,4,124,136,103,28,33,25,4.133
4033,400001,2速1耐1力1智1友,15985597697865567170,64042,US,3181,1809,2148,1033,1839,8458,2700,5400,7500,3,1,7,10,11,0/1/2,5/8/9,15/17/18,10,14,14,0,2,3,1,0,0,1,41,45,47,4,0,0,22,24,24,18,19,19,11,9,8,162,162,108,56,81,25,4.298
1220,400000,3速1耐1智1友,14422304013786718270,69369,US5,3337,2094,2138,1154,1837,9022,2700,4800,8250,3,1,7,9,12,0/1/4,5/7/9,15/17/18,9,13,14,0,2,3,1,0,0,0,39,37,47,1,1,0,22,24,24,13,16,16,6,7,4,125,184,113,36,100,23,4.035
3416,400003,3速1耐1智1友,4267257560226095595,69704,US5,3337,1514,2163,1130,2340,8823,3150,6600,6000,3,1,8,12,9,0/1/4,5/7/9,15/17/18,12,17,17,0,2,3,1,0,0,1,41,46,44,0,0,4,22,24,24,14,17,13,6,5,4,122,114,117,32,41,57,4.137
3861,400000,3速1耐1智1友,8477636888280475944,68467,US4,3337,1954,2200,1239,1832,8672,2700,6000,7500,3,1,7,11,11,0/1/4,5/7/9,15/17/18,8,15,14,0,3,2,1,0,0,0,40,45,48,2,0,0,22,24,24,13,17,15,6,6,4,142,127,118,42,27,24,4.006
4033,400002,2速1耐1力1智1友,10738030841186642072,61730,UA8,2853,2026,1927,1162,1900,8153,2700,5400,6750,3,1,7,10,10,0/1/2,5/8/9,15/17/18,10,14,14,0,3,2,1,0,0,0,39,47,46,0,1,3,22,24,24,16,21,14,9,11,4,117,117,126,32,28,37,3.982
1220,400001,3速1耐1智1友,17094371399240447406,69771,US5,3337,2400,2071,1503,1184,9174,3150,5400,8250,3,1,8,10,12,0/1/4,5/7/9,15/17/18,11,13,15,0,3,2,1,0,0,0,40,39,48,0,0,0,22,24,24,11,21,18,3,11,6,98,157,102,26,70,20,4.424
3419,400000,3速1耐1智1友,14311333353729540263,68426,US4,3337,2317,1996,1306,1562,8760,3150,6000,8250,3,1,8,11,12,0/1/4,5/7/9,15/17/18,10,14,14,0,3,2,1,0,0,0,42,42,51,1,0,0,22,24,24,16,16,16,8,5,4,120,139,111,26,51,28,4.191
4033,400003,2速1耐1力1智1友,5496591468990982574,68118,US4,3337,2199,2200,1229,1360,9147,2250,5400,8250,3,1,6,10,12,0/1/2,5/8/9,15/17/18,6,16,16,0,3,2,1,0,0,0,37,41,50,3,0,0,22,24,24,13,15,18,7,5,6,153,112,110,54,18,25,4.089
3861,400001,3速1耐1智1友,17147433360234268939,65487,US2,3337,1752,2200,1074,1678,8879,2700,4800,7500,3,1,7,9,11,0/1/4,5/7/9,15/17/18,10,18,14,0,2,3,1,0,0,0,40,39,48,0,1,1,22,24,24,16,12,17,9,3,6,120,151,103,30,74,21,5.493
1220,400002,3速1耐1智1友,1812424523458808425,66020,US2,3337,2170,1857,1309,1426,8714,3150,6000,6750,3,1,8,11,10,0/1/4,5/7/9,15/17/18,12,15,12,0,3,2,1,0,0,1,39,43,43,0,0,1,22,24,24,12,18,13,4,7,3,98,137,101,22,42,27,4.430
3419,400001,3速1耐1智1友,6792567853428318320,68599,US4,3337,2081,2200,1330,1548,8887,2700,4800,8250,3,1,7,9,12,0/1/4,5/7/9,15/17/18,11,15,16,0,3,2,1,0,0,0,40,42,51,0,4,0,22,24,24,11,18,13,4,9,1,109,198,102,29,96,20,3.925
4036,400000,2速1耐1力1智1友,365144633266084763,67529,US3,3249,1882,2082,1036,2126,8639,2700,6600,7500,3,1,7,12,11,0/1/2,5/8/9,15/17/18,10,18,14,0,3,2,1,0,1,0,41,47,49,3,0,1,22,24,24,14,16,14,7,4,3,137,116,124,30,44,28,4.243
1220,400003,3速1耐1智1友,10930590717774989767,69312,US5,3337,1919,2147,1261,1820,9547,3150,4800,8250,3,1,8,9,12,0/1/4,5/7/9,15/17/18,12,14,14,0,3,2,1,0,0,0,40,34,48,1,0,0,22,24,24,13,15,19,5,6,7,123,109,114,31,36,29,4.953
3419,400002,3速1耐1智1友,5974517112425552549,66696,US3,3337,1711,1989,966,2255,8554,3150,6000,7500,3,1,8,11,11,0/1/4,5/7/9,15/17/18,11,15,15,0,3,2,1,0,0,0,41,45,50,0,0,2,22,24,24,10,18,15,2,7,4,120,131,104,51,34,26,4.068
3861,400002,3速1耐1智1友,15909481024343495812,68114,US4,3337,2208,1953,1349,1655,8781,2250,4800,8250,3,1,6,9,12,0/1/4,5/7/9,15/17/18,8,17,16,0,2,3,1,0,0,0,36,38,50,4,0,0,22,24,24,13,17,17,7,8,5,152,152,114,48,71,24,6.715
4036,400001,2速1耐1力1智1友,7111153621649798814,71915,US7,3337,2400,2200,1196,1630,9153,2700,6600,8250,3,1,7,12,12,0/1/2,5/8/9,15/17/18,11,17,15,0,3,2,1,0,0,0,42,46,50,3,0,0,22,24,24,17,15,15,10,3,3,145,104,103,44,26,23,4.304
3419,400003,3速1耐1智1友,16711536068744076708,66841,US3,3337,1627,2180,1059,2000,9016,2700,5400,8250,3,1,7,10,12,0/1/4,5/7/9,15/17/18,10,16,16,0,3,2,1,0,0,1,41,43,51,3,3,0,22,24,24,16,18,19,9,8,7,133,143,107,48,46,24,4.180
3867,400000,3速1耐1智1友,14447340942402381749,70023,US5,3337,1991,2041,1500,1969,9000,3150,6000,7500,3,1,8,11,11,0/1/4,5/7/9,15/17/18,11,15,15,0,3,2,1,0,0,0,40,45,47,0,0,0,22,24,24,11,19,19,3,8,8,100,151,100,23,69,28,4.883
4036,400002,2速1耐1力1智1友,11507772792345128765,65813,US2,3181,2009,2200,961,1879,8507,2250,6600,7500,3,1,6,12,11,0/1/2,5/8/9,15/17/18,10,17,15,0,3,2,1,0,0,1,39,47,49,4,0,1,22,24,24,16,18,18,10,6,7,142,104,127,30,23,32,4.386
3861,400003,3速1耐1智1友,177513066775969174,66571,US3,3337,1835,1943,1156,1994,8621,2700,6000,7500,3,1,7,11,11,0/1/4,5/7/9,15/17/18,9,17,13,0,3,2,1,0,0,0,40,41,49,1,0,1,22,24,24,15,19,16,8,8,5,126,155,117,25,53,25,5.648
3423,400000,3速1耐1智1友,9422936840373632902,69678,US5,3337,2400,2133,1397,1388,8786,2700,4800,8250,3,1,7,9,12,0/1/4,5/7/9,15/17/18,11,17,15,0,1,4,1,0,0,0,39,42,50,1,4,2,22,24,24,16,14,16,9,5,4,142,167,94,33,54,16,3.730
4036,400003,2速1耐1力1智1友,15172695933182495951,64234,US1,3273,1896,2200,953,1627,8453,2700,6000,7500,3,1,7,11,11,0/1/2,5/8/9,15/17/18,9,14,15,0,2,3,1,0,0,0,40,46,49,0,0,1,22,24,24,15,22,14,8,11,3,128,144,108,33,63,23,4.367
3867,400001,3速1耐1智1友,2640894871500413293,62325,UA8,3337,1863,2104,1314,1098,8092,2700,5400,6750,3,1,7,10,10,0/1/4,5/7/9,15/17/18,9,11,13,0,3,2,1,0,0,1,41,41,46,1,0,0,22,24,24,12,20,19,5,10,9,132,130,126,40,49,26,6.413
3866,400000,3速1耐1智1友,6607774463499605988,65078,US1,3337,2015,1804,1463,1509,8525,3150,6000,7500,3,1,8,11,11,0/1/4,5/7/9,15/17/18,11,13,12,0,3,2,1,0,0,0,40,43,47,0,0,0,22,24,24,13,19,14,5,8,3,115,133,106,22,36,19,5.234
3423,400001,3速1耐1智1友,4797087306040167408,67444,US3,3337,2022,2200,1179,1444,9096,3150,5400,6750,3,1,8,10,10,0/1/4,5/7/9,15/17/18,13,13,17,0,3,2,1,0,0,0,41,41,44,0,0,3,22,24,24,17,21,13,9,11,3,107,131,120,25,43,44,4.135
4037,400000,2速1耐1力1智1友,17437833442066580071,67181,US3,3337,1973,1966,1146,1872,8774,2700,6000,8250,3,1,7,11,12,0/1/2,5/8/9,15/17/18,9,15,16,0,3,2,1,0,2,0,39,46,50,3,0,0,22,24,24,16,21,17,9,10,5,151,118,115,39,19,28,4.417
3866,400001,3速1耐1智1友,16577779968368728720,64124,US,3337,1819,1901,1275,1631,8353,2700,5400,7500,3,1,7,10,11,0/1/4,5/7/9,15/17/18,9,15,13,0,3,2,1,0,0,0,37,42,49,0,3,2,22,24,24,15,14,16,8,4,5,112,167,116,27,87,25,4.561
3423,400002,3速1耐1智1友,756232827394324319,68972,US4,3337,2272,1693,1379,1852,8921,3150,4800,8250,3,1,8,9,12,0/1/4,5/7/9,15/17/18,11,17,15,0,2,3,1,0,0,0,39,35,50,0,0,1,22,24,24,15,16,15,7,7,3,120,124,116,34,33,24,4.103
3867,400002,3速1耐1智1友,3579454781091310853,66255,US2,3337,1802,2200,1187,1672,8829,3150,4200,7500,3,1,8,8,11,0/1/4,5/7/9,15/17/18,12,13,16,0,3,2,1,0,2,0,41,39,51,0,5,2,22,24,24,11,22,17,3,14,6,101,192,132,25,81,36,6.072
4037,400001,2速1耐1力1智1友,1968865227760146318,63875,US,3337,1632,2197,858,1748,8367,2250,5400,7500,3,1,6,10,11,0/1/2,5/8/9,15/17/18,10,15,14,0,3,2,1,0,0,2,39,44,49,5,0,1,22,24,24,13,19,17,7,9,6,121,154,142,26,69,46,3.967
3423,400003,3速1耐1智1友,531858140777709036,65689,US2,3337,2050,1936,1294,1515,8481,2700,4200,7500,3,1,7,8,11,0/1/4,5/7/9,15/17/18,10,14,13,0,3,2,1,0,0,0,39,37,47,0,4,1,22,24,24,14,15,14,7,7,3,128,158,106,34,66,25,3.745
3866,400002,3速1耐1智1友,14439378746892306508,68043,US4,3337,1797,2198,1256,1767,8913,2700,5400,8250,3,1,7,10,12,0/1/4,5/7/9,15/17/18,7,15,14,0,3,2,1,0,0,0,37,46,49,0,4,0,22,24,24,10,23,15,3,13,3,101,189,108,33,106,33,4.503
4037,400002,2速1耐1力1智1友,9189358865534427084,62461,UA8,2931,2240,2200,1045,1474,8350,3150,5400,6750,3,1,8,10,10,0/1/2,5/8/9,15/17/18,13,16,13,0,3,2,1,0,0,1,42,38,47,0,1,1,22,24,24,16,14,18,8,4,8,123,100,118,22,29,28,3.965
3867,400003,3速1耐1智1友,10329034702810096197,65199,US2,3337,1937,2009,1371,1421,8500,2700,6000,7500,3,1,7,11,11,0/1/4,5/7/9,15/17/18,11,13,14,0,3,2,1,0,0,0,41,43,49,2,0,0,22,24,24,15,16,15,8,5,4,132,116,114,43,38,27,5.550
3465,400000,2速2耐1智1友,1650692575417717657,72262,US7,3337,2400,1387,1869,2090,8914,2700,6000,6750,3,1,7,11,10,0/1/4,5/7/9,15/17/19,10,14,17,0,3,2,1,0,0,0,40,46,49,1,2,4,22,24,24,15,18,14,8,7,4,134,130,171,32,28,58,4.228
3866,400003,3速1耐1智1友,12383352736252688980,61893,UA8,3337,1725,2003,1143,1357,8187,3150,4800,7500,3,1,8,9,11,0/1/4,5/7/9,15/17/18,11,14,11,0,3,2,1,0,1,1,41,40,48,0,1,1,22,24,24,14,20,13,6,11,2,127,157,117,43,61,37,4.237
4037,400003,2速1耐1力1智1友,6827715210165220544,63527,US,2979,2233,2200,1026,1478,8627,2700,6000,7500,3,1,7,11,11,0/1/2,5/8/9,15/17/18,7,16,14,0,3,2,1,0,0,1,38,43,47,1,0,0,22,24,24,13,19,17,6,8,6,106,109,101,21,39,26,4.001
3884,400000,3速1耐1智1友,12911847634598383605,69081,US5,3337,1857,2179,1142,2158,8659,2700,5400,7500,3,1,7,10,11,0/1/4,5/7/9,15/17/18,9,15,14,0,3,2,1,0,0,0,40,46,49,1,1,1,22,24,24,15,16,14,8,6,3,138,145,95,41,49,20,4.570
3465,400001,2速2耐1智1友,733787604725511931,69758,US5,3337,2119,1349,1493,2391,8686,3600,5400,7500,3,1,9,10,11,0/1/4,5/7/9,15/17/19,13,16,15,0,3,2,1,0,0,0,43,37,45,0,0,0,22,24,24,12,15,17,3,5,6,110,104,105,25,41,28,4.173
3891,400000,3速1耐1智1友,924390896794921475,70053,US5,3337,2137,2200,1519,1599,9001,3150,6000,8250,3,1,8,11,12,0/1/4,5/7/9,15/17/18,9,17,15,0,3,2,1,0,0,0,39,43,49,0,0,0,22,24,24,14,17,16,6,6,4,119,123,95,28,32,27,4.564
4086,400000,2速1耐1力1智1友,17768025757475546462,66325,US2,3337,2108,2200,996,1505,8638,2700,6000,7500,3,1,7,11,11,0/1/2,5/8/9,15/17/18,10,16,14,0,3,2,1,0,0,0,40,46,47,6,1,0,22,24,24,12,21,14,5,10,3,120,155,109,25,70,28,4.082
3465,400002,2速2耐1智1友,1070382939242330394,66435,US3,3337,2224,1607,1569,1635,8450,3150,4200,6750,3,1,8,8,10,0/1/4,5/7/9,15/17/19,8,15,18,0,3,2,1,0,0,0,39,37,42,0,5,0,22,24,24,11,12,14,3,4,4,122,184,132,34,112,44,3.678
3891,400001,3速1耐1智1友,5066186333154367518,68715,US4,3337,1896,2105,1285,1940,8778,2700,6600,7500,3,1,7,12,11,0/1/4,5/7/9,15/17/18,9,15,15,0,3,2,1,0,0,0,41,45,47,1,1,0,22,24,24,11,20,15,4,8,4,112,123,117,38,46,27,4.317
3884,400001,3速1耐1智1友,5748285094787274235,69389,US5,3337,2222,1926,1375,1786,8827,3150,6600,7500,3,1,8,12,11,0/1/4,5/7/9,15/17/18,12,14,13,0,3,2,1,0,0,0,41,44,46,0,2,0,22,24,24,9,23,14,1,11,3,95,168,97,28,71,23,6.467
4086,400001,2速1耐1力1智1友,12003779264055663415,64555,US1,3337,1728,2158,826,1828,8454,2700,5400,7500,3,1,7,10,11,0/1/2,5/8/9,15/17/18,9,17,15,0,3,2,1,0,1,0,39,47,48,0,1,1,22,24,24,13,17,15,6,7,4,111,132,118,30,42,25,4.119
3465,400003,2速2耐1智1友,11830696628358630667,69287,US5,3337,2400,1376,1717,1902,8635,3150,4800,6750,3,1,8,9,10,0/1/4,5/7/9,15/17/19,14,15,16,0,3,2,1,0,0,1,41,40,46,0,0,4,22,24,24,12,15,16,4,6,6,111,146,140,25,65,43,4.309
3891,400002,3速1耐1智1友,11861794121403620072,67144,US3,3337,1746,2087,1279,1864,8566,3150,6000,7500,3,1,8,11,11,0/1/4,5/7/9,15/17/18,10,14,15,0,3,2,1,0,0,2,39,44,50,0,0,1,22,24,24,17,19,15,9,8,4,122,153,105,25,49,25,4.338
4086,400002,2速1耐1力1智1友,18162360185994269248,64458,US1,3337,1862,2200,1004,1613,8454,2700,6600,7500,3,1,7,12,11,0/1/2,5/8/9,15/17/18,8,15,14,0,3,2,1,0,2,0,38,48,48,0,0,0,22,24,24,15,23,18,8,11,7,122,138,102,28,48,26,4.381
3884,400002,3速1耐1智1友,17386237297798221300,64513,US1,3337,1690,2178,1025,1753,8315,2700,6000,7500,3,1,7,11,11,0/1/4,5/7/9,15/17/18,10,14,15,0,3,2,1,0,0,0,40,44,49,3,0,1,22,24,24,12,19,15,5,8,4,129,138,120,39,33,32,6.092
3466,400000,2速2耐1智1友,3449359251834803267,70936,US6,3337,2400,1375,1579,2172,8644,2700,6000,6750,3,1,7,11,10,0/1/4,5/7/9,15/17/19,11,15,15,0,3,2,1,0,0,0,40,41,45,2,0,2,22,24,24,14,13,15,7,2,5,156,105,117,53,43,29,3.910
3891,400003,3速1耐1智1友,6289482774315914117,64186,US,3337,1881,1870,1180,1717,8350,2700,6000,6750,3,1,7,11,10,0/1/4,5/7/9,15/17/18,11,14,12,0,3,2,1,0,1,0,42,41,47,2,0,2,22,24,24,12,23,18,5,12,8,137,139,122,41,61,37,4.430
4086,400003,2速1耐1力1智1友,4337075709976842438,61151,UA7,2871,2297,2200,1044,1227,8130,3150,6000,7500,3,1,8,11,11,0/1/2,5/8/9,15/17/18,11,13,14,0,3,2,1,0,0,0,40,44,47,0,3,0,22,24,24,15,20,14,7,9,3,121,179,121,31,100,27,4.051
3466,400001,2速2耐1智1友,849419257920760036,68949,US4,3337,2400,1351,1648,1967,8423,3150,5400,6000,3,1,8,10,9,0/1/4,5/7/9,15/17/19,11,15,16,0,3,2,1,0,0,1,41,41,42,0,2,1,22,24,24,13,15,13,5,5,4,114,183,129,20,107,54,3.868
3884,400003,3速1耐1智1友,8155684950244713937,70942,US6,3337,2066,2200,1267,1920,9151,2700,6000,8250,3,1,7,11,12,0/1/4,5/7/9,15/17/18,8,16,17,0,3,2,1,0,1,0,37,44,52,0,3,1,22,24,24,12,17,17,5,6,5,115,171,128,20,74,27,4.921
3936,400000,2速2耐1智1友,995924378785034477,63811,US,3337,2069,1492,1357,1632,8286,3150,4800,6750,3,1,8,9,10,0/1/4,5/7/9,15/17/19,9,17,13,0,3,2,1,0,0,1,40,37,47,0,1,3,22,24,24,12,15,15,4,6,5,111,158,117,28,74,25,4.136
4094,400000,2速1耐1力1智1友,16229382227219913577,62621,UA9,3306,1673,2200,891,1652,8301,2700,5400,7500,3,1,7,10,11,0/1/2,5/8/9,15/17/18,12,15,14,0,3,2,1,0,0,0,42,42,48,2,0,0,22,24,24,14,16,15,7,6,4,129,116,98,26,37,23,3.853
3466,400002,2速2耐1智1友,10381465611543561513,68905,US4,3337,2400,1338,1746,1745,8458,2700,6000,6750,3,1,7,11,10,0/1/4,5/7/9,15/17/19,13,16,13,0,3,2,1,0,0,1,41,42,48,3,1,4,22,24,24,17,17,14,10,6,4,149,161,143,50,66,42,4.043
3885,400000,3速1耐1智1友,2275788512803839314,70794,US6,3337,2400,2200,1354,1382,9153,2700,5400,8250,3,1,7,10,12,0/1/4,5/7/9,15/17/18,10,14,15,0,3,2,1,0,0,0,41,43,51,1,5,0,22,24,24,10,20,15,3,10,3,124,167,125,37,61,36,4.670
3936,400001,2速2耐1智1友,4317211698122645942,68485,US4,3337,2277,1403,1577,1896,8717,2700,6000,7500,3,1,7,11,11,0/1/4,5/7/9,15/17/19,10,13,16,0,3,2,1,0,0,0,41,42,50,1,0,2,22,24,24,13,17,17,6,6,6,138,150,146,35,44,45,4.453
4094,400001,2速1耐1力1智1友,6616829749464802759,64657,US1,2723,2400,2200,1092,1716,8818,2700,6600,7500,3,1,7,12,11,0/1/2,5/8/9,15/17/18,10,19,14,0,2,3,1,0,0,1,41,48,49,6,0,2,22,24,24,15,17,19,8,5,8,137,127,116,37,28,20,4.214
3466,400003,2速2耐1智1友,14367422342596276784,66218,US2,3337,2321,1297,1730,1661,7973,3150,4800,7500,3,1,8,9,11,0/1/4,5/7/9,15/17/19,8,15,15,0,2,3,1,0,0,2,41,37,47,1,0,1,22,24,24,16,11,16,8,2,5,129,144,116,23,63,25,3.830
3885,400001,3速1耐1智1友,14080839981187555402,63750,US,3337,1459,2200,967,1803,8500,3150,4200,7500,3,1,8,8,11,0/1/4,5/7/9,15/17/18,11,13,14,0,3,2,1,0,0,0,41,32,48,1,0,1,22,24,24,13,21,16,5,13,5,102,118,113,22,49,26,4.246
4094,400002,2速1耐1力1智1友,411655004839899316,62063,UA8,3238,1877,2200,965,1460,8020,2700,5400,7500,3,1,7,10,11,0/1/2,5/8/9,15/17/18,8,12,14,0,3,2,1,0,0,2,39,38,48,0,0,0,22,24,24,16,15,18,9,5,7,113,96,114,25,29,18,3.994
3936,400002,2速2耐1智1友,14012247742405150641,64988,US1,3337,1885,1329,1415,2081,8495,2250,6000,6750,3,1,6,11,10,0/1/4,5/7/9,15/17/19,12,17,12,0,3,2,1,0,1,0,40,44,47,5,0,1,22,24,24,16,19,20,10,8,10,149,128,135,53,33,33,4.587
3509,400000,2速1耐1力1智1友,9193442201355139391,69191,US5,3337,2016,2200,1052,1965,8799,2700,6600,8250,3,1,7,12,12,0/1/2,5/8/9,15/17/18,9,17,15,0,3,2,1,0,0,0,39,46,50,1,0,0,22,24,24,13,17,14,6,5,2,133,124,115,53,33,28,4.513
4094,400003,2速1耐1力1智1友,4940445747354064411,67250,US3,3337,1858,2200,1041,1891,8563,2700,5400,7500,3,1,7,10,11,0/1/2,5/8/9,15/17/18,11,13,13,0,3,2,1,0,2,0,41,41,47,1,0,0,22,24,24,14,15,19,7,5,8,120,92,120,23,24,30,4.054
3885,400002,3速1耐1智1友,574557752116893426,62944,UA9,3337,2172,1823,1304,1243,7920,2700,4800,6750,3,1,7,9,10,0/1/4,5/7/9,15/17/18,9,15,12,0,3,2,1,0,1,3,38,37,46,2,1,1,22,24,24,14,23,15,7,14,5,123,151,116,42,54,26,5.652
3509,400001,2速1耐1力1智1友,8513527011926131473,68613,US4,3337,2400,2089,1544,1196,8486,3150,6000,7500,3,1,8,11,11,0/1/2,5/8/9,15/17/18,11,13,16,0,3,2,1,0,0,0,40,40,48,0,0,2,22,24,24,12,18,15,4,7,4,104,110,110,31,29,25,4.176
4095,400000,2速1耐1力1智1友,16303335813455794715,64653,US1,3337,1848,2200,953,1606,8605,2700,6000,8250,3,1,7,11,12,0/1/2,5/8/9,15/17/18,12,16,15,0,3,2,1,0,0,0,41,45,50,4,0,0,22,24,24,13,19,14,6,8,2,125,126,110,30,48,27,4.204
3885,400003,3速1耐1智1友,16467984185792073398,67222,US3,3337,2080,2200,1201,1418,8742,2700,5400,7500,3,1,7,10,11,0/1/4,5/7/9,15/17/18,12,15,13,0,3,2,1,0,0,1,42,43,48,3,4,0,22,24,24,16,17,18,9,7,7,138,163,132,49,63,42,5.433
3509,400002,2速1耐1力1智1友,145196211189551444,69029,US5,3337,2084,2200,1076,1852,8611,2700,6600,7500,3,1,7,12,11,0/1/2,5/8/9,15/17/18,6,15,17,0,2,3,1,0,0,1,36,47,51,1,0,2,22,24,24,15,17,18,8,5,7,123,102,148,24,14,44,4.582
4095,400001,2速1耐1力1智1友,5255581234748864610,65975,US2,3234,2375,2200,1031,1334,8348,3150,5400,7500,3,1,8,10,11,0/1/2,5/8/9,15/17/18,11,14,15,0,3,2,1,0,0,0,40,42,49,0,0,3,22,24,24,17,18,17,9,8,6,126,109,129,29,43,39,4.228
3890,400000,3速1耐1智1友,16982030878905881736,72356,US7,3337,2239,2200,1478,1745,9307,3150,5400,7500,3,1,8,10,11,0/1/4,5/7/9,15/17/18,10,16,14,0,3,2,1,0,0,0,41,42,49,1,3,2,22,24,24,13,19,16,5,9,5,126,132,109,34,33,20,4.221
3509,400003,2速1耐1力1智1友,1368500863572246365,68058,US4,3337,2173,2200,1191,1559,8370,3150,6000,8250,3,1,8,11,12,0/1/2,5/8/9,15/17/18,12,14,15,0,3,2,1,0,0,0,41,43,50,0,1,0,22,24,24,11,19,17,3,8,5,117,134,116,34,39,31,4.347
4095,400002,2速1耐1力1智1友,10123378951271198995,64364,US1,3197,1953,1941,1066,1928,8354,2700,4200,7500,3,1,7,8,11,0/1/2,5/8/9,15/17/18,7,16,15,0,3,2,1,0,2,1,41,34,50,1,0,1,22,24,24,15,14,17,8,6,6,143,94,122,28,27,37,3.868
3936,400003,2速2耐1智1友,7234115080376996674,71220,US6,3337,2348,1278,1721,2185,8843,3150,6000,7500,3,1,8,11,11,0/1/4,5/7/9,15/17/19,12,16,15,0,3,2,1,0,0,0,40,45,47,0,0,0,22,24,24,16,19,14,8,8,3,136,138,122,43,47,32,16.329
3890,400001,3速1耐1智1友,7282711128866967649,74628,US9,3337,1989,2200,1425,2216,9616,2700,6000,9000,3,1,7,11,13,0/1/4,5/7/9,15/17/18,10,16,15,0,2,3,1,0,0,0,40,46,50,0,1,0,22,24,24,11,18,16,4,7,3,113,164,92,30,62,27,4.476
3510,400000,2速1耐1力1智1友,18421373900565102023,68526,US4,3277,2400,2200,984,1649,8558,3150,6000,7500,3,1,8,11,11,0/1/2,5/8/9,15/17/18,8,15,15,0,3,2,1,0,0,0,39,41,51,1,0,3,22,24,24,13,16,14,5,5,3,128,97,142,35,37,42,4.297
4095,400003,2速1耐1力1智1友,370617376615353467,64400,US1,3199,2072,2020,977,1833,8291,2700,5400,7500,3,1,7,10,11,0/1/2,5/8/9,15/17/18,9,16,14,0,3,2,1,0,1,1,38,38,49,0,0,0,22,24,24,10,21,15,3,11,4,105,120,104,22,50,28,3.932
3955,400000,2速2耐1智1友,14139184863453212282,67606,US3,3058,2400,1267,1756,2100,8546,2250,4800,6750,3,1,6,9,10,0/1/4,5/7/9,15/17/19,9,16,15,0,3,2,1,0,0,0,39,38,47,4,1,3,22,24,24,15,14,17,9,5,7,142,131,127,33,61,29,5.900
3510,400001,2速1耐1力1智1友,9840163063675416226,70191,US5,3337,2181,2106,1094,1896,8861,2700,6000,8250,3,1,7,11,12,0/1/2,5/8/9,15/17/18,7,15,16,0,1,4,1,0,0,1,36,45,51,0,0,1,22,24,24,10,21,17,3,10,5,117,118,102,41,25,20,4.321
3890,400002,3速1耐1智1友,6834670311971908783,73075,US8,3337,2238,2088,1624,1841,9045,2700,5400,7500,3,1,7,10,11,0/1/4,5/7/9,15/17/18,9,16,13,0,2,3,1,0,0,0,41,39,47,1,1,0,22,24,24,13,18,15,6,8,4,129,144,105,43,54,16,5.779
4152,400000,2速1耐1力1智1友,10470344294378997768,66299,US2,3337,1757,2003,1128,1955,8638,2700,4800,8250,3,1,7,9,12,0/1/2,5/8/9,15/17/18,8,15,15,0,1,4,1,0,0,1,38,37,48,0,0,0,22,24,24,12,15,16,5,6,4,127,84,98,42,24,28,3.995
3510,400002,2速1耐1力1智1友,2628263364633947156,68573,US4,3337,2400,2200,1326,1292,8260,2700,4800,6750,3,1,7,9,10,0/1/2,5/8/9,15/17/18,9,14,17,0,3,2,1,0,1,0,40,41,44,3,0,2,22,24,24,17,23,13,10,14,3,135,158,119,29,76,42,4.139
4152,400001,2速1耐1力1智1友,8655898279706678984,61565,UA7,2844,2222,2200,956,1465,8350,2700,6000,7500,3,1,7,11,11,0/1/2,5/8/9,15/17/18,13,15,14,0,3,2,1,0,0,0,41,47,48,2,0,2,22,24,24,16,22,15,9,11,4,148,136,119,39,45,31,4.279
3955,400001,2速2耐1智1友,17841320878803781641,68915,US4,3337,2400,1474,1722,1824,8442,3150,5400,6750,3,1,8,10,10,0/1/4,5/7/9,15/17/19,10,16,13,0,3,2,1,0,0,0,40,41,46,0,0,3,22,24,24,11,16,12,3,6,2,94,139,106,20,64,24,5.938
3890,400003,3速1耐1智1友,7913849479927525563,69477,US5,3337,1891,2012,1266,2127,9043,2700,6000,8250,3,1,7,11,12,0/1/4,5/7/9,15/17/18,11,16,15,0,3,2,1,0,1,0,41,42,52,1,0,0,22,24,24,12,18,17,5,7,5,132,140,109,40,48,25,6.896
3510,400003,2速1耐1力1智1友,3509096039911490550,70211,US5,3337,2069,2121,982,2187,8633,3150,6000,6750,3,1,8,11,10,0/1/2,5/8/9,15/17/18,13,16,16,0,3,2,1,0,1,0,43,42,46,2,0,3,22,24,24,18,19,15,10,8,5,146,119,149,21,40,56,4.227
4152,400002,2速1耐1力1智1友,3973266299108176820,68717,US4,3337,1927,2127,1097,2053,8824,2700,6000,7500,3,1,7,11,11,0/1/2,5/8/9,15/17/18,13,16,15,0,2,3,1,0,0,0,42,43,48,2,0,4,22,24,24,14,20,15,7,9,4,132,132,118,45,42,36,4.089
3955,400002,2速2耐1智1友,8509689269844707868,67930,US4,3310,2400,1517,1742,1641,8320,2700,6000,6750,3,1,7,11,10,0/1/4,5/7/9,15/17/19,14,15,15,0,3,2,1,0,0,0,44,45,47,4,2,4,22,24,24,13,18,13,6,7,3,145,147,102,46,42,26,6.431
3548,400000,2速1耐1力1智1友,17794863914351683079,68779,US4,3337,2396,1986,1311,1510,8400,3150,5400,7500,3,1,8,10,11,0/1/2,5/8/9,15/17/18,8,14,17,0,3,2,1,0,0,0,41,41,46,0,0,0,22,24,24,14,17,13,6,7,2,110,110,127,25,31,49,4.189
3966,400000,2速2耐1智1友,426316577881005937,69374,US5,3164,2307,1361,1674,2234,8912,3150,5400,7500,3,1,8,10,11,0/1/4,5/7/9,15/17/19,13,15,15,0,3,2,1,0,0,0,42,47,47,0,3,1,22,24,24,14,13,15,6,3,4,122,164,111,30,66,26,4.534
4152,400003,2速1耐1力1智1友,2550074802023591992,63713,US,3337,2016,2200,1118,1108,8179,2700,4200,7500,3,1,7,8,11,0/1/2,5/8/9,15/17/18,11,14,13,0,3,2,1,0,0,1,41,36,47,3,5,0,22,24,24,18,21,15,11,13,4,145,167,88,38,85,19,3.872
3548,400001,2速1耐1力1智1友,7284319687374285697,66093,US2,3188,2175,1761,1111,2137,8374,2700,6600,6750,3,1,7,12,10,0/1/2,5/8/9,15/17/18,8,16,16,0,3,2,1,0,0,0,39,45,46,0,0,3,22,24,24,12,15,17,5,3,7,109,109,112,29,23,29,4.059
4153,400000,2速1耐1力1智1友,2281347827903994715,66370,US2,3182,2162,2200,1289,1351,8738,2700,5400,7500,3,1,7,10,11,0/1/2,5/8/9,15/17/18,8,15,13,0,1,3,0,0,0,0,39,46,48,0,4,1,22,24,24,15,20,20,8,10,9,104,160,136,17,70,30,4.176
3966,400001,2速2耐1智1友,1095745205477133322,69633,US5,3337,2400,1598,1841,1469,9044,3150,4800,8250,3,1,8,9,12,0/1/4,5/7/9,15/17/19,9,16,14,0,3,2,1,0,0,0,42,35,48,1,1,0,22,24,24,15,15,17,7,6,5,136,133,124,25,38,28,5.210
3955,400003,2速2耐1智1友,663638177909959132,68350,US4,3173,2400,1275,1693,2156,8481,2700,6000,7500,3,1,7,11,11,0/1/4,5/7/9,15/17/19,10,15,16,0,3,2,1,0,0,0,38,40,49,0,0,1,22,24,24,11,16,17,4,5,6,119,116,124,36,34,28,6.519
3548,400002,2速1耐1力1智1友,13372028065495926400,61656,UA7,3337,1578,1792,975,1916,8005,2700,5400,7500,3,1,7,10,11,0/1/2,5/8/9,15/17/18,13,16,14,0,1,4,1,0,0,0,41,43,41,2,1,0,22,24,24,13,17,14,6,7,3,139,147,88,33,68,26,4.018
4153,400001,2速1耐1力1智1友,9342285681565228419,64541,US1,3140,1977,2200,1299,1511,8281,2250,5400,7500,3,1,6,10,11,0/1/2,5/8/9,15/17/18,8,15,14,0,2,3,1,0,0,1,36,47,48,2,8,0,22,24,24,13,22,18,7,12,7,136,176,109,40,68,28,4.160
3966,400002,2速2耐1智1友,1940848837190130903,72955,US8,3337,2331,1461,1636,2339,8970,2700,5400,8250,3,1,7,10,12,0/1/4,5/7/9,15/17/19,9,16,17,0,3,2,1,0,0,0,37,41,51,0,3,0,22,24,24,11,16,15,4,6,3,101,139,99,37,49,26,4.278
3548,400003,2速1耐1力1智1友,6127757572009154777,69730,US5,3337,2400,2200,1359,1282,8497,2700,4800,7500,3,1,7,9,11,0/1/2,5/8/9,15/17/18,11,14,18,0,3,2,1,0,0,0,42,36,48,2,0,0,22,24,24,15,18,18,8,9,7,155,98,114,52,36,27,4.124
4156,400000,2速1耐1力1智1友,15870185185142323473,63188,UA9,3210,1914,2200,1071,1462,8187,3150,5400,6750,3,1,8,10,10,0/1/2,5/8/9,15/17/18,11,14,13,0,3,2,1,0,0,2,41,42,46,1,3,3,22,24,24,13,20,15,5,10,5,103,160,143,27,80,48,6.668
4153,400002,2速1耐1力1智1友,6129260444627032121,66032,US2,2996,2185,2200,1326,1693,8521,2700,5400,7500,3,1,7,10,11,0/1/2,5/8/9,15/17/18,9,17,13,0,2,3,1,0,0,0,40,39,47,3,0,0,22,24,24,13,17,18,6,7,7,121,122,125,27,40,30,4.065
3966,400003,2速2耐1智1友,6362831941499517007,71743,US7,3267,2400,1358,1810,2048,8962,3150,6000,6750,3,1,8,11,10,0/1/4,5/7/9,15/17/19,13,18,14,0,3,2,1,0,0,0,42,46,49,0,2,8,22,24,24,16,19,17,8,8,7,136,159,166,34,45,50,4.661
3577,400000,2速1耐1力1智1友,1342146253394017674,69879,US5,3337,2400,2200,1189,1491,8637,2250,6600,7500,3,1,6,12,11,0/1/2,5/8/9,15/17/18,10,16,16,0,3,2,1,0,0,0,39,48,49,4,0,1,22,24,24,12,20,14,6,8,3,136,136,103,44,54,23,4.152
4153,400003,2速1耐1力1智1友,1970716480934624451,65546,US2,3337,1819,2090,1101,1857,8474,2700,6000,7500,3,1,7,11,11,0/1/2,5/8/9,15/17/18,11,15,15,0,3,2,1,0,0,0,40,43,49,0,2,0,22,24,24,17,20,14,10,9,3,144,120,112,37,33,32,4.140
4154,400000,2速1耐1力1智1友,12354679455135246829,66321,US2,3261,2008,2200,1102,1733,8579,2700,6000,7500,3,1,7,11,11,0/1/2,5/8/9,15/17/18,8,18,13,0,2,3,1,0,0,1,39,48,48,2,0,0,22,24,24,18,14,18,11,3,7,145,107,102,34,22,21,5.023
4156,400001,2速1耐1力1智1友,18436403083945523012,65275,US2,3337,2192,2200,993,1179,8506,3150,6000,7500,3,1,8,11,11,0/1/2,5/8/9,15/17/18,10,16,13,0,3,2,1,0,0,0,42,42,46,0,2,0,22,24,24,15,23,16,7,12,5,120,158,92,25,71,20,7.059
3577,400001,2速1耐1力1智1友,9077337637596447001,68506,US4,3337,2400,2200,1204,1281,8691,2700,6000,7500,3,1,7,11,11,0/1/2,5/8/9,15/17/18,9,15,16,0,3,2,1,0,0,0,40,45,50,0,0,2,22,24,24,16,18,16,9,7,5,134,105,126,26,30,29,4.186
4155,400000,2速1耐1力1智1友,3699257843349490286,60524,UA6,3257,1921,2200,1033,1059,7845,2250,5400,7500,3,1,6,10,11,0/1/2,5/8/9,15/17/18,9,13,13,0,3,2,1,0,2,0,36,40,48,3,0,1,22,24,24,16,23,19,10,13,8,133,160,137,47,52,49,4.160
4154,400001,2速1耐1力1智1友,1367853308959155218,63778,US,3337,1724,2200,947,1692,8395,2700,5400,7500,3,1,7,10,11,0/1/2,5/8/9,15/17/18,10,14,16,0,3,2,1,0,0,0,40,43,48,2,0,0,22,24,24,17,18,15,10,8,4,145,135,119,56,55,38,4.508
3577,400002,2速1耐1力1智1友,4856121347001529017,67186,US3,3337,2125,2200,1018,1708,8729,2700,5400,7500,3,1,7,10,11,0/1/2,5/8/9,15/17/18,11,15,17,0,3,2,1,0,0,0,38,42,49,2,2,1,22,24,24,15,24,14,8,14,3,140,175,127,43,84,36,4.248
4155,400001,2速1耐1力1智1友,7893164786541401937,68284,US4,3337,2085,2200,1034,1811,8776,2700,5400,7500,3,1,7,10,11,0/1/2,5/8/9,15/17/18,7,16,14,0,3,2,1,0,0,0,40,40,49,1,2,3,22,24,24,11,18,16,4,8,5,118,131,117,32,49,34,4.187
4156,400002,2速1耐1力1智1友,14790231202769130690,66309,US2,3337,1640,2200,875,2172,8366,2700,6600,7500,3,1,7,12,11,0/1/2,5/8/9,15/17/18,10,18,14,0,2,3,1,0,0,1,39,49,47,1,1,1,22,24,24,13,18,16,6,6,5,117,148,108,29,39,23,7.038
4154,400002,2速1耐1力1智1友,14014152738084197234,65813,US2,3284,1904,2200,1218,1555,8464,2700,5400,7500,3,1,7,10,11,0/1/2,5/8/9,15/17/18,9,15,13,0,3,2,1,0,0,1,38,41,48,1,0,0,22,24,24,12,19,16,5,9,5,126,111,121,38,48,30,4.212
3577,400003,2速1耐1力1智1友,7442860338983573001,67966,US4,3328,2259,2081,1007,1788,8488,3150,4800,7500,3,1,8,9,11,0/1/2,5/8/9,15/17/18,10,15,16,0,3,2,1,0,0,0,40,40,49,1,1,3,22,24,24,15,19,18,7,10,7,139,112,124,43,31,22,4.012
4155,400002,2速1耐1力1智1友,1590339610203147910,60177,UA6,3045,2083,2200,1023,1204,7905,2700,5400,7500,3,1,7,10,11,0/1/2,5/8/9,15/17/18,11,15,13,0,3,2,1,0,2,1,38,38,48,1,0,0,22,24,24,9,18,18,2,8,7,111,138,124,41,67,32,3.895
4154,400003,2速1耐1力1智1友,18281498374880146753,64045,US,2943,2350,2200,1253,1341,8400,2700,6000,7500,3,1,7,11,11,0/1/2,5/8/9,15/17/18,7,16,13,0,3,2,1,0,0,0,38,42,46,1,0,0,22,24,24,17,18,18,10,7,7,140,114,115,20,44,28,4.543
3578,400000,2速1耐1力1智1友,16745007580431942310,69931,US5,3337,2328,1928,1176,1878,8831,3150,6600,7500,3,1,8,12,11,0/1/2,5/8/9,15/17/18,11,15,13,0,3,2,1,0,0,0,41,45,46,0,0,0,22,24,24,14,15,16,6,3,5,116,101,101,32,24,24,4.456
4155,400003,2速1耐1力1智1友,12857858445156549791,64387,US1,2944,2053,2197,1094,1940,8397,2700,4800,7500,3,1,7,9,11,0/1/2,5/8/9,15/17/18,9,17,14,0,2,3,1,0,0,2,41,37,47,2,1,0,22,24,24,13,14,18,6,5,7,158,119,117,65,38,26,3.904
4156,400003,2速1耐1力1智1友,12171771812657497450,64627,US1,3153,2069,2200,1052,1523,8367,2700,6000,7500,3,1,7,11,11,0/1/2,5/8/9,15/17/18,11,15,14,0,3,2,1,0,0,1,40,45,47,1,0,0,22,24,24,11,20,16,4,9,5,125,116,124,29,42,31,6.829
4215,400000,2速1力1根1智1友,14234175315150298197,60931,UA7,3066,1244,2200,1557,1581,8160,2250,6000,6750,3,1,6,11,10,0/2/3,5/6/9,15/16/19,10,16,13,0,3,2,1,0,1,0,40,42,46,7,0,3,22,24,24,15,20,17,9,9,7,167,133,136,41,52,23,4.042
3578,400001,2速1耐1力1智1友,2831311307993154119,68448,US4,3337,1977,1976,856,2313,8715,3150,6600,7500,3,1,8,12,11,0/1/2,5/8/9,15/17/18,10,14,16,0,2,3,1,0,0,0,38,46,46,0,0,0,22,24,24,11,18,16,3,6,5,94,126,132,18,31,35,4.273
4168,400000,2速1耐1力1智1友,3609978093627354588,64832,US1,3252,1593,2200,941,1920,8427,2700,6600,7500,3,1,7,12,11,0/1/2,5/8/9,15/17/18,7,16,14,0,2,3,1,0,0,2,39,46,48,0,0,0,22,24,24,14,21,19,7,9,8,134,120,117,37,24,35,4.186
4157,400000,2速1耐1力1智1友,15993683849954255273,63233,UA9,2909,2254,2200,1145,1663,8021,2700,4800,6750,3,1,7,9,10,0/1/2,5/8/9,15/17/18,12,15,14,0,3,2,1,0,1,0,42,38,47,3,0,4,22,24,24,12,18,19,5,9,9,130,134,152,34,43,38,6.197
4215,400001,2速1力1根1智1友,14726752418702521105,65333,US2,3337,832,2066,1771,2125,8381,2250,5400,7500,3,1,6,10,11,0/2/3,5/6/9,15/16/19,12,18,14,0,2,3,1,0,0,1,41,41,48,6,0,1,22,24,24,11,17,18,5,7,7,153,116,129,47,39,25,4.805
4168,400001,2速1耐1力1智1友,9606685428887898596,69590,US5,3252,2098,2200,1256,1937,8737,3150,5400,7500,3,1,8,10,11,0/1/2,5/8/9,15/17/18,9,15,15,0,3,2,1,0,0,0,41,38,48,0,0,0,22,24,24,17,19,16,9,9,5,131,116,127,38,50,34,4.374
3578,400002,2速1耐1力1智1友,16365588686036966193,68015,US4,3337,2351,1938,1223,1430,8593,3150,5400,7500,3,1,8,10,11,0/1/2,5/8/9,15/17/18,8,16,15,0,1,4,1,0,0,0,39,41,44,0,0,0,22,24,24,15,19,16,7,9,5,114,117,89,34,32,24,4.724
4215,400002,2速1力1根1智1友,5943864306333749844,64882,US1,3337,1181,2200,1516,1752,8395,2250,6000,7500,3,1,6,11,11,0/2/3,5/6/9,15/16/19,8,14,14,0,3,2,1,0,1,1,39,47,46,7,0,0,22,24,24,12,21,16,6,10,5,147,145,124,52,56,31,4.681
4168,400002,2速1耐1力1智1友,13760140758936871940,70207,US5,3337,2191,2187,1284,1720,8751,2700,5400,8250,3,1,7,10,12,0/1/2,5/8/9,15/17/18,11,16,14,0,1,4,1,0,0,0,40,41,50,0,0,1,22,24,24,17,14,17,10,4,5,143,109,98,43,41,25,4.127
3578,400003,2速1耐1力1智1友,5732899768108320014,67674,US3,3337,2280,2197,1087,1438,8512,2700,5400,7500,3,1,7,10,11,0/1/2,5/8/9,15/17/18,9,15,14,0,3,2,1,0,0,0,39,46,45,0,1,0,22,24,24,12,20,16,5,10,5,124,143,113,44,65,31,4.170
4157,400001,2速1耐1力1智1友,6437368665570318548,63238,UA9,3056,2400,2200,1185,1024,7934,2700,6000,7500,3,1,7,11,11,0/1/2,5/8/9,15/17/18,11,14,14,0,3,2,1,0,0,0,40,43,48,0,0,2,22,24,24,13,20,15,6,9,4,119,113,114,31,41,23,6.537
4168,400003,2速1耐1力1智1友,14802522653547793583,65947,US2,3256,2055,2200,1192,1530,8330,2700,4800,8250,3,1,7,9,12,0/1/2,5/8/9,15/17/18,9,17,14,0,1,3,0,0,0,0,39,45,50,1,3,0,22,24,24,17,20,16,10,11,4,140,167,111,25,80,27,3.937
4215,400003,2速1力1根1智1友,11189440322528785484,66692,US3,3337,918,2200,1486,2155,8547,2700,6000,7500,3,1,7,11,11,0/2/3,5/6/9,15/16/19,8,16,15,0,3,2,1,0,0,0,39,46,48,5,1,0,22,24,24,16,22,15,9,11,4,166,161,118,43,52,26,4.177
4246,400000,2速1力1根1智1友,11849348373056288018,60051,UA6,3337,1174,2200,1222,1320,7921,2250,5400,7500,3,1,6,10,11,0/2/3,5/6/9,15/16/19,7,16,13,0,3,2,1,0,0,0,38,37,47,4,0,0,22,24,24,13,15,15,7,5,4,153,107,108,46,35,29,4.411
4157,400002,2速1耐1力1智1友,18140610519389923091,66888,US3,3337,2345,2200,1095,1359,8309,3600,5400,7500,3,1,9,10,11,0/1/2,5/8/9,15/17/18,11,14,15,0,3,2,1,0,0,0,42,45,49,0,7,0,22,24,24,15,21,18,6,11,7,115,173,140,21,74,42,7.045
4217,400000,2速1力1根1智1友,1107086098783189216,61308,UA7,3182,1097,2200,1441,1794,7992,2250,6000,7500,3,1,6,11,11,0/2/3,5/6/9,15/16/19,9,15,15,0,3,2,1,0,0,0,39,47,49,4,0,0,22,24,24,10,18,16,4,7,5,161,150,116,61,40,30,3.870
4169,400000,2速1耐1力1智1友,15253586185910567765,63612,US,3233,1663,2200,962,1794,8202,3150,6000,7500,3,1,8,11,11,0/1/2,5/8/9,15/17/18,10,15,15,0,3,2,1,0,0,0,39,43,48,0,0,0,22,24,24,11,18,15,3,7,4,104,128,117,28,42,30,4.320
4246,400001,2速1力1根1智1友,129997291432898984,64900,US1,3258,1093,2200,1714,1771,8498,2700,6000,7500,3,1,7,11,11,0/2/3,5/6/9,15/16/19,12,17,15,0,3,2,1,0,0,1,39,44,49,1,0,0,22,24,24,13,15,15,6,4,4,143,110,122,25,36,28,3.949
4217,400001,2速1力1根1智1友,12478695697849101889,64366,US1,3337,1064,2200,1526,1681,8580,2700,6000,7500,3,1,7,11,11,0/2/3,5/6/9,15/16/19,9,14,16,0,3,2,1,0,1,1,40,41,50,0,0,1,22,24,24,16,17,15,9,6,4,153,109,121,51,32,34,4.236
4246,400002,2速1力1根1智1友,345911926347333246,66056,US2,3337,935,2200,1604,2074,8614,2250,6000,6750,3,1,6,11,10,0/2/3,5/6/9,15/16/19,10,18,14,0,3,2,1,0,0,1,38,48,48,3,2,4,22,24,24,8,16,18,2,5,8,169,150,148,84,62,32,3.847
4169,400001,2速1耐1力1智1友,3335348170102003356,72960,US8,3337,2400,2200,1482,1630,9247,3150,6600,8250,3,1,8,12,12,0/1/2,5/8/9,15/17/18,13,16,15,0,3,2,1,0,0,0,42,46,49,0,0,0,22,24,24,10,21,15,2,9,3,97,106,90,26,25,24,4.253
4157,400003,2速1耐1力1智1友,13449470841939880288,65614,US2,3121,2208,2200,1225,1577,8141,2250,5400,6750,3,1,6,10,10,0/1/2,5/8/9,15/17/18,11,16,14,0,3,2,1,0,1,0,39,39,47,4,0,3,22,24,24,10,17,15,4,7,5,138,127,128,49,44,32,6.201
4217,400002,2速1力1根1智1友,17593060758497499235,61270,UA7,3337,1169,2200,1364,1281,8105,2700,6000,7500,3,1,7,11,11,0/2/3,5/6/9,15/16/19,6,15,13,0,3,2,1,0,1,0,38,44,48,3,0,1,22,24,24,14,17,17,7,6,6,156,116,123,35,42,23,4.104
4246,400003,2速1力1根1智1友,14337145105800270664,63521,US,3337,1011,2200,1395,1836,8346,2700,6000,7500,3,1,7,11,11,0/2/3,5/6/9,15/16/19,12,16,14,0,3,2,1,0,0,0,40,43,49,2,0,1,22,24,24,14,17,17,7,6,6,165,136,115,59,53,22,4.026
4169,400002,2速1耐1力1智1友,2573571290655736255,64042,US,3337,1994,2200,1070,1297,8379,2700,6000,7500,3,1,7,11,11,0/1/2,5/8/9,15/17/18,7,14,14,0,3,2,1,0,0,1,36,41,47,1,3,0,22,24,24,15,20,16,8,9,5,118,155,100,29,75,22,3.983
4158,400000,2速1耐1力1智1友,4519201146207261023,67580,US3,2958,2400,2200,1169,1913,8545,3150,6000,7500,3,1,8,11,11,0/1/2,5/8/9,15/17/18,10,15,15,0,3,2,1,0,0,0,41,47,48,0,2,0,22,24,24,10,22,17,2,11,6,112,167,124,26,51,27,6.831
4217,400003,2速1力1根1智1友,17871223795136960090,63814,US,3337,995,2200,1250,2099,8099,2700,6000,6750,3,1,7,11,10,0/2/3,5/6/9,15/16/19,9,16,15,0,3,2,1,0,1,1,38,48,46,1,1,1,22,24,24,9,14,19,2,3,9,141,119,137,40,38,31,4.090
4247,400000,2速1力1根1智1友,8728127297501000194,63053,UA9,3337,939,2200,1904,1304,8267,2250,6000,6750,3,1,6,11,10,0/2/3,5/6/9,15/16/19,12,16,12,0,3,2,1,0,0,0,38,46,46,3,0,4,22,24,24,11,18,18,5,7,8,142,150,123,39,51,22,3.917
4169,400003,2速1耐1力1智1友,10321925086718581434,64365,US1,3196,1845,2200,1058,1779,8394,2700,5400,7500,3,1,7,10,11,0/1/2,5/8/9,15/17/18,8,14,13,0,3,2,1,0,0,0,40,44,48,3,0,2,22,24,24,14,18,18,7,8,7,144,114,142,38,28,37,3.998
4244,400000,2速1力1根1智1友,15033759835111033795,64559,US1,3337,1061,2200,1748,1540,8413,2250,5400,7500,3,1,6,10,11,0/2/3,5/6/9,15/16/19,11,15,14,0,3,2,1,0,0,0,40,39,47,5,0,0,22,24,24,9,15,17,3,5,6,149,118,124,48,41,42,3.962
4247,400001,2速1力1根1智1友,13137884084285709548,64816,US1,3308,1032,2200,1794,1821,8338,2700,6600,6750,3,1,7,12,10,0/2/3,5/6/9,15/16/19,9,17,15,0,3,2,1,0,0,1,38,48,48,2,0,4,22,24,24,12,20,17,5,8,7,138,144,131,28,51,26,3.968
4170,400000,2速1耐1力1智1友,13702823578313651617,68516,US4,3337,2228,2200,1216,1529,8619,2700,5400,8250,3,1,7,10,12,0/1/2,5/8/9,15/17/18,10,15,14,0,3,2,1,0,0,0,39,41,50,0,0,0,22,24,24,10,20,19,3,10,7,106,142,133,28,50,45,4.418
4158,400001,2速1耐1力1智1友,13502011752950608547,67238,US3,3179,2315,2200,1137,1595,8519,2700,5400,7500,3,1,7,10,11,0/1/2,5/8/9,15/17/18,11,14,15,0,3,2,1,0,1,0,41,46,48,3,2,0,22,24,24,17,19,19,10,9,8,137,143,127,28,57,19,7.258
4244,400001,2速1力1根1智1友,7581960720738869173,61494,UA7,3337,1051,2200,1438,1312,8112,2250,5400,7500,3,1,6,10,11,0/2/3,5/6/9,15/16/19,9,16,13,0,3,2,1,0,0,0,38,44,45,4,2,0,22,24,24,11,17,14,5,7,3,154,133,111,48,57,23,3.854
4247,400002,2速1力1根1智1友,4508215050350419464,63735,US,3337,1006,2200,1510,1781,8253,2700,6000,6750,3,1,7,11,10,0/2/3,5/6/9,15/16/19,11,15,13,0,3,2,1,0,0,1,40,41,49,1,0,5,22,24,24,10,16,17,3,5,7,135,121,136,51,33,38,3.934
4170,400001,2速1耐1力1智1友,16765931528870694971,64478,US1,2972,2075,2200,1120,1853,8377,2700,6000,7500,3,1,7,11,11,0/1/2,5/8/9,15/17/18,6,17,15,0,3,2,1,0,0,0,38,40,49,0,0,2,22,24,24,13,15,14,6,4,3,116,112,103,26,39,29,4.006
4247,400003,2速1力1根1智1友,3978324781589813244,64730,US1,3337,1113,2200,1627,1683,8493,2700,6000,7500,3,1,7,11,11,0/2/3,5/6/9,15/16/19,11,16,15,0,3,2,1,0,0,0,40,45,49,1,0,1,22,24,24,14,20,15,7,9,4,145,163,110,32,62,23,4.008
4244,400002,2速1力1根1智1友,6646937503166796767,64485,US1,3337,937,2200,1701,1770,8311,2700,4800,8250,3,1,7,9,12,0/2/3,5/6/9,15/16/19,11,15,15,0,3,2,1,0,0,0,36,41,50,0,4,0,22,24,24,9,23,16,2,14,4,135,190,118,42,87,28,4.175
4170,400002,2速1耐1力1智1友,10562942744949877472,64185,US,3119,2091,2200,1162,1491,8150,1800,6000,7500,3,1,5,11,11,0/1/2,5/8/9,15/17/18,11,14,15,0,3,2,1,0,0,1,40,45,47,11,1,0,22,24,24,17,22,16,12,11,5,161,167,117,49,56,19,4.292
4158,400002,2速1耐1力1智1友,16896948678189950259,64037,US,2925,2396,2200,1107,1461,8242,2700,6000,7500,3,1,7,11,11,0/1/2,5/8/9,15/17/18,10,14,14,0,3,2,1,0,1,0,40,43,48,1,0,0,22,24,24,17,18,16,10,7,5,157,108,99,54,31,22,6.929
4244,400003,2速1力1根1智1友,10066982848131246316,63272,UA9,3337,973,2200,1208,1834,8448,2700,5400,7500,3,1,7,10,11,0/2/3,5/6/9,15/16/19,12,14,15,0,3,2,1,0,2,0,40,40,46,2,2,0,22,24,24,9,18,15,2,8,4,153,144,132,65,39,23,3.891
4253,400000,2速1力1根1智1友,10535930415006903002,63296,UA9,3337,913,2200,1527,1801,8117,2700,6000,7500,3,1,7,11,11,0/2/3,5/6/9,15/16/19,9,16,14,0,3,2,1,0,0,1,39,47,47,2,0,0,22,24,24,14,19,18,7,8,7,143,125,123,45,44,25,4.118
4170,400003,2速1耐1力1智1友,18348534740538523109,66186,US2,3337,1867,2200,1124,1733,8356,2700,6000,7500,3,1,7,11,11,0/1/2,5/8/9,15/17/18,11,16,15,0,3,2,1,0,0,0,39,47,50,0,4,1,22,24,24,14,19,16,7,8,5,128,142,91,31,42,21,4.093
4245,400000,2速1力1根1智1友,8098883214357626505,62924,UA9,3337,861,2200,1861,1201,8407,2700,6000,6750,3,1,7,11,10,0/2/3,5/6/9,15/16/19,12,14,12,0,3,2,1,0,0,0,40,44,45,1,1,2,22,24,24,12,19,18,5,8,8,156,167,141,52,64,38,4.092
4253,400001,2速1力1根1智1友,15979099535589446758,59147,UA4,3337,965,2200,921,1700,7817,2700,5400,7500,3,1,7,10,11,0/2/3,5/6/9,15/16/19,12,14,15,0,3,2,1,0,2,0,40,41,49,4,1,0,22,24,24,10,21,16,3,11,5,139,163,129,36,53,31,4.056
4158,400003,2速1耐1力1智1友,2225393294871627808,58784,UA4,2280,2400,2200,1233,1387,8242,2700,6000,7500,3,1,7,11,11,0/1/2,5/8/9,15/17/18,10,13,15,0,3,2,1,0,1,0,40,44,50,0,0,2,22,24,24,13,18,16,6,7,5,113,117,123,26,29,24,5.935
4171,400000,2速1耐1力1智1友,717837148127921815,64072,US,3337,1623,2200,852,1854,8314,2250,5400,7500,3,1,6,10,11,0/1/2,5/8/9,15/17/18,9,15,15,0,3,2,1,0,0,0,39,37,49,4,0,0,22,24,24,14,18,16,8,8,5,143,95,110,62,27,35,4.149
4245,400001,2速1力1根1智1友,16128269059670118295,65450,US2,3337,987,2200,1369,2047,8689,2250,6600,7500,3,1,6,12,11,0/2/3,5/6/9,15/16/19,10,14,15,0,3,2,1,0,0,0,38,45,50,3,0,2,22,24,24,10,19,14,4,7,3,157,112,101,51,35,22,4.043
4253,400002,2速1力1根1智1友,4811606197407339545,65095,US1,3337,996,2200,1436,1964,8618,2250,6000,8250,3,1,6,11,12,0/2/3,5/6/9,15/16/19,9,16,15,0,2,3,1,0,0,0,38,47,49,3,0,0,22,24,24,10,16,15,4,5,3,158,134,103,49,34,27,4.103
4171,400001,2速1耐1力1智1友,5554392945592980977,61783,UA8,3225,1524,2183,929,1878,8049,2700,6000,7500,3,1,7,11,11,0/1/2,5/8/9,15/17/18,7,13,16,0,3,2,1,0,0,1,38,40,48,0,0,0,22,24,24,17,21,16,10,10,5,140,120,114,36,51,29,4.149
4159,400000,2速1耐1力1智1友,13601679210866405516,65129,US2,2921,2219,2200,1001,2012,8367,2700,6000,7500,3,1,7,11,11,0/1/2,5/8/9,15/17/18,7,16,14,0,3,2,1,0,0,0,39,43,48,1,0,0,22,24,24,17,17,17,10,6,6,150,96,120,26,27,41,6.725
4245,400002,2速1力1根1智1友,203097031986918419,59313,UA5,3337,1061,2200,1441,1176,7788,2700,4800,6750,3,1,7,9,10,0/2/3,5/6/9,15/16/19,8,15,12,0,3,2,1,0,0,2,38,39,46,0,0,1,22,24,24,11,17,17,4,8,7,125,116,137,30,50,24,3.794
4253,400003,2速1力1根1智1友,14209291803651517898,63850,US,3337,947,2200,1455,1853,8414,2250,6600,7500,3,1,6,12,11,0/2/3,5/6/9,15/16/19,8,17,13,0,3,2,1,0,0,0,36,47,49,2,0,0,22,24,24,11,21,17,5,9,6,143,116,119,42,34,29,3.976
4171,400002,2速1耐1力1智1友,12450502726145800570,63736,US,3119,2017,2200,1099,1574,8290,2700,6600,7500,3,1,7,12,11,0/1/2,5/8/9,15/17/18,6,16,11,0,3,2,1,0,0,0,37,42,49,0,0,1,22,24,24,13,17,21,6,5,10,123,119,129,25,42,28,4.128
4245,400003,2速1力1根1智1友,16415819470783816128,64419,US1,3337,957,2200,1509,1854,8365,2700,5400,8250,3,1,7,10,12,0/2/3,5/6/9,15/16/19,10,14,16,0,3,2,1,0,0,0,42,43,50,4,1,0,22,24,24,12,22,15,5,12,3,161,166,117,45,63,30,4.200
4255,400000,2速1力1根1智1友,2471119652152316845,62905,UA9,3184,1186,2200,1502,1867,8088,2250,6000,7500,3,1,6,11,11,0/2/3,5/6/9,15/16/19,10,17,16,0,3,2,1,0,0,0,39,43,50,5,0,2,22,24,24,11,17,13,5,6,2,171,138,115,63,56,24,3.966
4159,400001,2速1耐1力1智1友,9791120815608410719,63050,UA9,3022,2114,2199,1158,1594,8037,2700,5400,7500,3,1,7,10,11,0/1/2,5/8/9,15/17/18,9,16,14,0,3,2,1,0,0,0,40,39,46,0,0,0,22,24,24,12,19,14,5,9,3,130,118,104,50,33,20,6.279
4171,400003,2速1耐1力1智1友,7524841460991006144,64371,US1,3202,2184,1890,1376,1511,8167,2700,5400,7500,3,1,7,10,11,0/1/2,5/8/9,15/17/18,9,13,13,0,3,2,1,0,0,0,39,45,47,0,3,0,22,24,24,17,24,18,10,14,7,150,177,125,46,87,20,4.248
4255,400001,2速1力1根1智1友,14915232777241664952,63184,UA9,3337,925,2154,1362,2087,7951,2700,4800,7500,3,1,7,9,11,0/2/3,5/6/9,15/16/19,9,15,16,0,3,2,1,0,0,1,38,37,48,1,0,0,22,24,24,10,20,15,3,11,4,128,155,103,38,65,28,3.994
4159,400002,2速1耐1力1智1友,8955094578874609545,64570,US1,3282,1980,2186,989,1669,8143,3150,4800,7500,3,1,8,9,11,0/1/2,5/8/9,15/17/18,9,15,14,0,3,2,1,0,0,0,39,37,47,0,0,0,22,24,24,12,17,13,4,8,2,100,126,84,23,55,20,6.608
4255,400002,2速1力1根1智1友,9166762795422437270,63480,US,3321,1113,2200,1232,1871,8190,2700,5400,7500,3,1,7,10,11,0/2/3,5/6/9,15/16/19,8,15,16,0,3,2,1,0,0,1,39,39,49,1,0,0,22,24,24,15,14,17,8,4,6,145,112,107,24,46,35,3.997
4255,400003,2速1力1根1智1友,1750407017201317059,65589,US2,3337,981,2200,1699,1970,8288,2250,6000,7500,3,1,6,11,11,0/2/3,5/6/9,15/16/19,6,17,14,0,3,2,1,0,1,0,39,43,49,4,0,3,22,24,24,14,16,17,8,5,6,166,117,113,55,39,30,4.022
4159,400003,2速1耐1力1智1友,5001699746282977126,68530,US4,3266,2400,2200,1219,1436,8511,2700,5400,8250,3,1,7,10,12,0/1/2,5/8/9,15/17/18,11,16,15,0,3,2,1,0,0,0,40,41,48,1,0,0,22,24,24,9,23,16,2,13,4,142,139,89,60,58,18,7.132
